OTU,Sample,Abundance,bases,avgLength,size_MB,Experiment,LibraryName,Model,SRAStudy,BioProject,sample_Sample,BioSample,SampleName,Description,Kingdom,Phylum,Class,Order,Family,Genus,Species
JQ212821.1.1360,SRR21726047,0.962658805,352120514,500,118,SRX17721934,40_16S,Illumina MiSeq,SRP346777,PRJNA781615,SRS15251958,SAMN31036832,40_16S,Green turtle juvenile esophageal swab,Bacteria,Proteobacteria,Gammaproteobacteria,Cardiobacteriales,Cardiobacteriaceae,uncultured,uncultured_bacterium
HM016087.1.1482,SRR21726045,0.89107672,293530160,484,103,SRX17721936,42_16S,Illumina MiSeq,SRP346777,PRJNA781615,SRS15251960,SAMN31036834,42_16S,Green turtle hatchling stomach sample,Bacteria,Proteobacteria,Gammaproteobacteria,Alteromonadales,Shewanellaceae,Shewanella,Shewanella_algae
JQ212821.1.1360,SRR21726018,0.842016589,252048132,500,102,SRX17721963,36_16S,Illumina MiSeq,SRP346777,PRJNA781615,SRS15251987,SAMN31036828,36_16S,Green turtle juvenile esophageal swab,Bacteria,Proteobacteria,Gammaproteobacteria,Cardiobacteriales,Cardiobacteriaceae,uncultured,uncultured_bacterium
JQ212821.1.1360,SRR21726022,0.818288532,341290243,500,113,SRX17721959,32_16S,Illumina MiSeq,SRP346777,PRJNA781615,SRS15251983,SAMN31036824,32_16S,Green turtle juvenile esophageal swab,Bacteria,Proteobacteria,Gammaproteobacteria,Cardiobacteriales,Cardiobacteriaceae,uncultured,uncultured_bacterium
CXYW01000009.360.1734,SRR21726044,0.786601286,355385245,500,127,SRX17721937,43_16S,Illumina MiSeq,SRP346777,PRJNA781615,SRS15251961,SAMN31036835,43_16S,Green turtle hatchling intestine sample,Bacteria,Firmicutes,Clostridia,Lachnospirales,Lachnospiraceae,Epulopiscium,Lachnospiraceae_bacterium
AB272318.1.1241,SRR21726051,0.758896153,345760543,484,123,SRX17721930,28_16S,Illumina MiSeq,SRP346777,PRJNA781615,SRS15251954,SAMN31036820,28_16S,Green turtle juvenile cloacal swab,Bacteria,Bacteroidota,Bacteroidia,Chitinophagales,Chitinophagaceae,Chitinophaga,Flexibacter_sp.
KC260589.1.1366,SRR21726046,0.511286963,264019405,500,87,SRX17721935,41_16S,Illumina MiSeq,SRP346777,PRJNA781615,SRS15251959,SAMN31036833,41_16S,Green turtle juvenile cloacal swab,Bacteria,Bacteroidota,Bacteroidia,Bacteroidales,Marinifilaceae,Marinifilum,uncultured_bacterium
JQ212821.1.1360,SRR21726021,0.510666981,345478090,500,115,SRX17721960,33_16S,Illumina MiSeq,SRP346777,PRJNA781615,SRS15251984,SAMN31036825,33_16S,Green turtle juvenile esophageal swab,Bacteria,Proteobacteria,Gammaproteobacteria,Cardiobacteriales,Cardiobacteriaceae,uncultured,uncultured_bacterium
JQ212821.1.1360,SRR21726048,0.49443136,339853596,500,116,SRX17721933,39_16S,Illumina MiSeq,SRP346777,PRJNA781615,SRS15251957,SAMN31036831,39_16S,Green turtle juvenile esophageal swab,Bacteria,Proteobacteria,Gammaproteobacteria,Cardiobacteriales,Cardiobacteriaceae,uncultured,uncultured_bacterium
LN613035.1.1501,SRR21726020,0.479401362,305472186,499,108,SRX17721961,34_16S,Illumina MiSeq,SRP346777,PRJNA781615,SRS15251985,SAMN31036826,34_16S,Green turtle juvenile cloacal swab,Bacteria,Proteobacteria,Gammaproteobacteria,Burkholderiales,Neisseriaceae,uncultured,uncultured_rumen
JQ212821.1.1360,SRR21726050,0.472808263,328771667,500,110,SRX17721931,37_16S,Illumina MiSeq,SRP346777,PRJNA781615,SRS15251955,SAMN31036829,37_16S,Green turtle juvenile esophageal swab,Bacteria,Proteobacteria,Gammaproteobacteria,Cardiobacteriales,Cardiobacteriaceae,uncultured,uncultured_bacterium
JQ212821.1.1360,SRR21726049,0.429158038,398448802,499,134,SRX17721932,38_16S,Illumina MiSeq,SRP346777,PRJNA781615,SRS15251956,SAMN31036830,38_16S,Green turtle juvenile cloacal swab,Bacteria,Proteobacteria,Gammaproteobacteria,Cardiobacteriales,Cardiobacteriaceae,uncultured,uncultured_bacterium
JQ212821.1.1360,SRR21726052,0.422673741,412561192,500,137,SRX17721929,27_16S,Illumina MiSeq,SRP346777,PRJNA781615,SRS15251953,SAMN31036819,27_16S,Green turtle juvenile esophageal swab,Bacteria,Proteobacteria,Gammaproteobacteria,Cardiobacteriales,Cardiobacteriaceae,uncultured,uncultured_bacterium
DQ809514.1.1292,SRR21726040,0.387901848,377927131,499,134,SRX17721941,29_16S,Illumina MiSeq,SRP346777,PRJNA781615,SRS15251965,SAMN31036821,29_16S,Green turtle juvenile cloacal swab,Bacteria,Firmicutes,Clostridia,Lachnospirales,Lachnospiraceae,Blautia,uncultured_bacterium
JQ212821.1.1360,SRR21726019,0.363287858,338063986,499,119,SRX17721962,35_16S,Illumina MiSeq,SRP346777,PRJNA781615,SRS15251986,SAMN31036827,35_16S,Green turtle juvenile cloacal swab,Bacteria,Proteobacteria,Gammaproteobacteria,Cardiobacteriales,Cardiobacteriaceae,uncultured,uncultured_bacterium
JQ211758.1.1348,SRR21726029,0.361636138,383977850,499,131,SRX17721952,30_16S,Illumina MiSeq,SRP346777,PRJNA781615,SRS15251976,SAMN31036822,30_16S,Green turtle hatchling stomach sample,Bacteria,Bacteroidota,Bacteroidia,Flavobacteriales,Flavobacteriaceae,Tenacibaculum,uncultured_bacterium
KT799837.1.1507,SRR21726052,0.311073724,412561192,500,137,SRX17721929,27_16S,Illumina MiSeq,SRP346777,PRJNA781615,SRS15251953,SAMN31036819,27_16S,Green turtle juvenile esophageal swab,Bacteria,Fusobacteriota,Fusobacteriia,Fusobacteriales,Fusobacteriaceae,Fusobacterium,Fusobacteriaceae_bacterium
KJ820916.1.1219,SRR21726043,0.255847748,331464093,470,111,SRX17721938,44_16S,Illumina MiSeq,SRP346777,PRJNA781615,SRS15251963,SAMN31036836,44_16S,Green turtle hatchling stomach sample,Bacteria,Proteobacteria,Gammaproteobacteria,Aeromonadales,Aeromonadaceae,Aeromonas,Aeromonas_hydrophila
KC260589.1.1366,SRR21726019,0.235829321,338063986,499,119,SRX17721962,35_16S,Illumina MiSeq,SRP346777,PRJNA781615,SRS15251986,SAMN31036827,35_16S,Green turtle juvenile cloacal swab,Bacteria,Bacteroidota,Bacteroidia,Bacteroidales,Marinifilaceae,Marinifilum,uncultured_bacterium
KT889287.1.1454,SRR21726042,0.177035395,371802664,500,145,SRX17721939,45_16S,Illumina MiSeq,SRP346777,PRJNA781615,SRS15251962,SAMN31036837,45_16S,Green turtle hatchling intestine sample,Bacteria,Firmicutes,Clostridia,Lachnospirales,Lachnospiraceae,Robinsoniella,bacterium_12(2016)
JQ212821.1.1360,SRR21726029,0.169737912,383977850,499,131,SRX17721952,30_16S,Illumina MiSeq,SRP346777,PRJNA781615,SRS15251976,SAMN31036822,30_16S,Green turtle hatchling stomach sample,Bacteria,Proteobacteria,Gammaproteobacteria,Cardiobacteriales,Cardiobacteriaceae,uncultured,uncultured_bacterium
JMVT01000010.106409.107654,SRR21726042,0.164760422,371802664,500,145,SRX17721939,45_16S,Illumina MiSeq,SRP346777,PRJNA781615,SRS15251962,SAMN31036837,45_16S,Green turtle hatchling intestine sample,Bacteria,Proteobacteria,Gammaproteobacteria,Enterobacterales,Enterobacteriaceae,Escherichia-Shigella,Escherichia_coli
JQ212821.1.1360,SRR21726046,0.135406888,264019405,500,87,SRX17721935,41_16S,Illumina MiSeq,SRP346777,PRJNA781615,SRS15251959,SAMN31036833,41_16S,Green turtle juvenile cloacal swab,Bacteria,Proteobacteria,Gammaproteobacteria,Cardiobacteriales,Cardiobacteriaceae,uncultured,uncultured_bacterium
KU687332.1.1206,SRR21726040,0.132432087,377927131,499,134,SRX17721941,29_16S,Illumina MiSeq,SRP346777,PRJNA781615,SRS15251965,SAMN31036821,29_16S,Green turtle juvenile cloacal swab,Bacteria,Proteobacteria,Gammaproteobacteria,Enterobacterales,Enterobacteriaceae,Enterobacter,Enterobacter_cloacae
JQ212687.1.1281,SRR21726019,0.127618685,338063986,499,119,SRX17721962,35_16S,Illumina MiSeq,SRP346777,PRJNA781615,SRS15251986,SAMN31036827,35_16S,Green turtle juvenile cloacal swab,Bacteria,Proteobacteria,Alphaproteobacteria,Rhodobacterales,Rhodobacteraceae,uncultured,uncultured_bacterium
KX648433.1.1278,SRR21726044,0.118382759,355385245,500,127,SRX17721937,43_16S,Illumina MiSeq,SRP346777,PRJNA781615,SRS15251961,SAMN31036835,43_16S,Green turtle hatchling intestine sample,Bacteria,Firmicutes,Clostridia,Clostridiales,Clostridiaceae,Clostridium_sensu_stricto_1,Clostridium_tertium
LM999900.1.1505,SRR21726049,0.11407609,398448802,499,134,SRX17721932,38_16S,Illumina MiSeq,SRP346777,PRJNA781615,SRS15251956,SAMN31036830,38_16S,Green turtle juvenile cloacal swab,Bacteria,Bacteroidota,Bacteroidia,Bacteroidales,Marinifilaceae,Marinifilum,Balneicella_halophila
JN981163.1.1221,SRR21726040,0.112824792,377927131,499,134,SRX17721941,29_16S,Illumina MiSeq,SRP346777,PRJNA781615,SRS15251965,SAMN31036821,29_16S,Green turtle juvenile cloacal swab,Bacteria,Proteobacteria,Gammaproteobacteria,Enterobacterales,Enterobacteriaceae,Klebsiella,uncultured_bacterium
LN613035.1.1501,SRR21726023,0.112787306,340042833,498,113,SRX17721958,31_16S,Illumina MiSeq,SRP346777,PRJNA781615,SRS15251982,SAMN31036823,31_16S,Green turtle hatchling intestine sample,Bacteria,Proteobacteria,Gammaproteobacteria,Burkholderiales,Neisseriaceae,uncultured,uncultured_rumen
KF945098.1.1213,SRR21726040,0.108864206,377927131,499,134,SRX17721941,29_16S,Illumina MiSeq,SRP346777,PRJNA781615,SRS15251965,SAMN31036821,29_16S,Green turtle juvenile cloacal swab,Bacteria,Proteobacteria,Gammaproteobacteria,Enterobacterales,Morganellaceae,Morganella,uncultured_Morganella
KC260589.1.1366,SRR21726023,0.104726097,340042833,498,113,SRX17721958,31_16S,Illumina MiSeq,SRP346777,PRJNA781615,SRS15251982,SAMN31036823,31_16S,Green turtle hatchling intestine sample,Bacteria,Bacteroidota,Bacteroidia,Bacteroidales,Marinifilaceae,Marinifilum,uncultured_bacterium
JF712661.1.1208,SRR21726042,0.101583649,371802664,500,145,SRX17721939,45_16S,Illumina MiSeq,SRP346777,PRJNA781615,SRS15251962,SAMN31036837,45_16S,Green turtle hatchling intestine sample,Bacteria,Proteobacteria,Gammaproteobacteria,Enterobacterales,Enterobacteriaceae,Escherichia-Shigella,uncultured_bacterium
GU201986.1.1485,SRR21726046,0.101377318,264019405,500,87,SRX17721935,41_16S,Illumina MiSeq,SRP346777,PRJNA781615,SRS15251959,SAMN31036833,41_16S,Green turtle juvenile cloacal swab,Bacteria,Bacteroidota,Bacteroidia,Flavobacteriales,Weeksellaceae,uncultured,uncultured_bacterium
JQ210745.1.1365,SRR21726048,0.099157718,339853596,500,116,SRX17721933,39_16S,Illumina MiSeq,SRP346777,PRJNA781615,SRS15251957,SAMN31036831,39_16S,Green turtle juvenile esophageal swab,Bacteria,Proteobacteria,Gammaproteobacteria,Pasteurellales,Pasteurellaceae,Phocoenobacter,uncultured_bacterium
JQ211758.1.1348,SRR21726020,0.097648764,305472186,499,108,SRX17721961,34_16S,Illumina MiSeq,SRP346777,PRJNA781615,SRS15251985,SAMN31036826,34_16S,Green turtle juvenile cloacal swab,Bacteria,Bacteroidota,Bacteroidia,Flavobacteriales,Flavobacteriaceae,Tenacibaculum,uncultured_bacterium
KC260589.1.1366,SRR21726021,0.086751373,345478090,500,115,SRX17721960,33_16S,Illumina MiSeq,SRP346777,PRJNA781615,SRS15251984,SAMN31036825,33_16S,Green turtle juvenile esophageal swab,Bacteria,Bacteroidota,Bacteroidia,Bacteroidales,Marinifilaceae,Marinifilum,uncultured_bacterium
JN981163.1.1221,SRR21726042,0.085011167,371802664,500,145,SRX17721939,45_16S,Illumina MiSeq,SRP346777,PRJNA781615,SRS15251962,SAMN31036837,45_16S,Green turtle hatchling intestine sample,Bacteria,Proteobacteria,Gammaproteobacteria,Enterobacterales,Enterobacteriaceae,Klebsiella,uncultured_bacterium
GU201986.1.1485,SRR21726022,0.080804672,341290243,500,113,SRX17721959,32_16S,Illumina MiSeq,SRP346777,PRJNA781615,SRS15251983,SAMN31036824,32_16S,Green turtle juvenile esophageal swab,Bacteria,Bacteroidota,Bacteroidia,Flavobacteriales,Weeksellaceae,uncultured,uncultured_bacterium
AUAN01000035.1.1363,SRR21726052,0.077951771,412561192,500,137,SRX17721929,27_16S,Illumina MiSeq,SRP346777,PRJNA781615,SRS15251953,SAMN31036819,27_16S,Green turtle juvenile esophageal swab,Bacteria,Firmicutes,Negativicutes,Veillonellales-Selenomonadales,Veillonellaceae,Veillonella,Veillonella_magna
AB272318.1.1241,SRR21726040,0.077750451,377927131,499,134,SRX17721941,29_16S,Illumina MiSeq,SRP346777,PRJNA781615,SRS15251965,SAMN31036821,29_16S,Green turtle juvenile cloacal swab,Bacteria,Bacteroidota,Bacteroidia,Chitinophagales,Chitinophagaceae,Chitinophaga,Flexibacter_sp.
JQ212821.1.1360,SRR21726023,0.077494372,340042833,498,113,SRX17721958,31_16S,Illumina MiSeq,SRP346777,PRJNA781615,SRS15251982,SAMN31036823,31_16S,Green turtle hatchling intestine sample,Bacteria,Proteobacteria,Gammaproteobacteria,Cardiobacteriales,Cardiobacteriaceae,uncultured,uncultured_bacterium
AY345458.1.1284,SRR21726045,0.076632854,293530160,484,103,SRX17721936,42_16S,Illumina MiSeq,SRP346777,PRJNA781615,SRS15251960,SAMN31036834,42_16S,Green turtle hatchling stomach sample,Bacteria,Proteobacteria,Gammaproteobacteria,Alteromonadales,Shewanellaceae,Shewanella,bacterium_K75
JQ211758.1.1348,SRR21726023,0.076573754,340042833,498,113,SRX17721958,31_16S,Illumina MiSeq,SRP346777,PRJNA781615,SRS15251982,SAMN31036823,31_16S,Green turtle hatchling intestine sample,Bacteria,Bacteroidota,Bacteroidia,Flavobacteriales,Flavobacteriaceae,Tenacibaculum,uncultured_bacterium
KU687332.1.1206,SRR21726043,0.076040251,331464093,470,111,SRX17721938,44_16S,Illumina MiSeq,SRP346777,PRJNA781615,SRS15251963,SAMN31036836,44_16S,Green turtle hatchling stomach sample,Bacteria,Proteobacteria,Gammaproteobacteria,Enterobacterales,Enterobacteriaceae,Enterobacter,Enterobacter_cloacae
KC260589.1.1366,SRR21726048,0.073090895,339853596,500,116,SRX17721933,39_16S,Illumina MiSeq,SRP346777,PRJNA781615,SRS15251957,SAMN31036831,39_16S,Green turtle juvenile esophageal swab,Bacteria,Bacteroidota,Bacteroidia,Bacteroidales,Marinifilaceae,Marinifilum,uncultured_bacterium
KC260589.1.1366,SRR21726050,0.071271232,328771667,500,110,SRX17721931,37_16S,Illumina MiSeq,SRP346777,PRJNA781615,SRS15251955,SAMN31036829,37_16S,Green turtle juvenile esophageal swab,Bacteria,Bacteroidota,Bacteroidia,Bacteroidales,Marinifilaceae,Marinifilum,uncultured_bacterium
GU322806.1.1435,SRR21726042,0.069521521,371802664,500,145,SRX17721939,45_16S,Illumina MiSeq,SRP346777,PRJNA781615,SRS15251962,SAMN31036837,45_16S,Green turtle hatchling intestine sample,Bacteria,Firmicutes,Clostridia,Lachnospirales,Lachnospiraceae,Robinsoniella,Robinsoniella_peoriensis
DQ809514.1.1292,SRR21726042,0.067448904,371802664,500,145,SRX17721939,45_16S,Illumina MiSeq,SRP346777,PRJNA781615,SRS15251962,SAMN31036837,45_16S,Green turtle hatchling intestine sample,Bacteria,Firmicutes,Clostridia,Lachnospirales,Lachnospiraceae,Blautia,uncultured_bacterium
KP313827.1.1410,SRR21726029,0.066583539,383977850,499,131,SRX17721952,30_16S,Illumina MiSeq,SRP346777,PRJNA781615,SRS15251976,SAMN31036822,30_16S,Green turtle hatchling stomach sample,Bacteria,Bacteroidota,Bacteroidia,Flavobacteriales,Flavobacteriaceae,Tenacibaculum,Tenacibaculum_holothuriorum
JQ215638.1.1350,SRR21726049,0.06329803,398448802,499,134,SRX17721932,38_16S,Illumina MiSeq,SRP346777,PRJNA781615,SRS15251956,SAMN31036830,38_16S,Green turtle juvenile cloacal swab,Bacteria,Bacteroidota,Bacteroidia,Flavobacteriales,Flavobacteriaceae,Maritimimonas,uncultured_bacterium
DQ298760.1.1508,SRR21726043,0.061000953,331464093,470,111,SRX17721938,44_16S,Illumina MiSeq,SRP346777,PRJNA781615,SRS15251963,SAMN31036836,44_16S,Green turtle hatchling stomach sample,Bacteria,Bacteroidota,Bacteroidia,Flavobacteriales,Flavobacteriaceae,Flavobacterium,bacterium_3A13
GU201986.1.1485,SRR21726020,0.06065068,305472186,499,108,SRX17721961,34_16S,Illumina MiSeq,SRP346777,PRJNA781615,SRS15251985,SAMN31036826,34_16S,Green turtle juvenile cloacal swab,Bacteria,Bacteroidota,Bacteroidia,Flavobacteriales,Weeksellaceae,uncultured,uncultured_bacterium
JQ211758.1.1348,SRR21726019,0.058414325,338063986,499,119,SRX17721962,35_16S,Illumina MiSeq,SRP346777,PRJNA781615,SRS15251986,SAMN31036827,35_16S,Green turtle juvenile cloacal swab,Bacteria,Bacteroidota,Bacteroidia,Flavobacteriales,Flavobacteriaceae,Tenacibaculum,uncultured_bacterium
KU687332.1.1206,SRR21726042,0.058329385,371802664,500,145,SRX17721939,45_16S,Illumina MiSeq,SRP346777,PRJNA781615,SRS15251962,SAMN31036837,45_16S,Green turtle hatchling intestine sample,Bacteria,Proteobacteria,Gammaproteobacteria,Enterobacterales,Enterobacteriaceae,Enterobacter,Enterobacter_cloacae
JQ212687.1.1281,SRR21726023,0.057813262,340042833,498,113,SRX17721958,31_16S,Illumina MiSeq,SRP346777,PRJNA781615,SRS15251982,SAMN31036823,31_16S,Green turtle hatchling intestine sample,Bacteria,Proteobacteria,Alphaproteobacteria,Rhodobacterales,Rhodobacteraceae,uncultured,uncultured_bacterium
KX212247.1.1200,SRR21726051,0.057172769,345760543,484,123,SRX17721930,28_16S,Illumina MiSeq,SRP346777,PRJNA781615,SRS15251954,SAMN31036820,28_16S,Green turtle juvenile cloacal swab,Bacteria,Proteobacteria,Gammaproteobacteria,Pseudomonadales,Pseudomonadaceae,Pseudomonas,Pseudomonas_aeruginosa
GU201986.1.1485,SRR21726050,0.056145675,328771667,500,110,SRX17721931,37_16S,Illumina MiSeq,SRP346777,PRJNA781615,SRS15251955,SAMN31036829,37_16S,Green turtle juvenile esophageal swab,Bacteria,Bacteroidota,Bacteroidia,Flavobacteriales,Weeksellaceae,uncultured,uncultured_bacterium
KU533822.1.1490,SRR21726050,0.053747124,328771667,500,110,SRX17721931,37_16S,Illumina MiSeq,SRP346777,PRJNA781615,SRS15251955,SAMN31036829,37_16S,Green turtle juvenile esophageal swab,Bacteria,Bacteroidota,Bacteroidia,Bacteroidales,Bacteroidaceae,Bacteroides,Bacteroides_sp.4SWWS3-28
JQ212821.1.1360,SRR21726020,0.05110706,305472186,499,108,SRX17721961,34_16S,Illumina MiSeq,SRP346777,PRJNA781615,SRS15251985,SAMN31036826,34_16S,Green turtle juvenile cloacal swab,Bacteria,Proteobacteria,Gammaproteobacteria,Cardiobacteriales,Cardiobacteriaceae,uncultured,uncultured_bacterium
LN565045.1.1323,SRR21726050,0.050712223,328771667,500,110,SRX17721931,37_16S,Illumina MiSeq,SRP346777,PRJNA781615,SRS15251955,SAMN31036829,37_16S,Green turtle juvenile esophageal swab,Bacteria,Patescibacteria,Saccharimonadia,Saccharimonadales,Saccharimonadaceae,Candidatus_Saccharimonas,uncultured_bacterium
CP018352.2163071.2164353,SRR21726042,0.050597252,371802664,500,145,SRX17721939,45_16S,Illumina MiSeq,SRP346777,PRJNA781615,SRS15251962,SAMN31036837,45_16S,Green turtle hatchling intestine sample,Bacteria,Proteobacteria,Gammaproteobacteria,Enterobacterales,Enterobacteriaceae,Klebsiella,Klebsiella_pneumoniae
JQ211758.1.1348,SRR21726046,0.048580146,264019405,500,87,SRX17721935,41_16S,Illumina MiSeq,SRP346777,PRJNA781615,SRS15251959,SAMN31036833,41_16S,Green turtle juvenile cloacal swab,Bacteria,Bacteroidota,Bacteroidia,Flavobacteriales,Flavobacteriaceae,Tenacibaculum,uncultured_bacterium
JN446744.1.1366,SRR21726049,0.048464588,398448802,499,134,SRX17721932,38_16S,Illumina MiSeq,SRP346777,PRJNA781615,SRS15251956,SAMN31036830,38_16S,Green turtle juvenile cloacal swab,Bacteria,Proteobacteria,Alphaproteobacteria,Rhodobacterales,Rhodobacteraceae,Cognatishimia,uncultured_organism
JX009143.1.1291,SRR21726044,0.047823808,355385245,500,127,SRX17721937,43_16S,Illumina MiSeq,SRP346777,PRJNA781615,SRS15251961,SAMN31036835,43_16S,Green turtle hatchling intestine sample,Bacteria,Proteobacteria,Gammaproteobacteria,Vibrionales,Vibrionaceae,Vibrio,Vibrio_fluvialis
FJ493014.1.1358,SRR21726051,0.047220546,345760543,484,123,SRX17721930,28_16S,Illumina MiSeq,SRP346777,PRJNA781615,SRS15251954,SAMN31036820,28_16S,Green turtle juvenile cloacal swab,Bacteria,Proteobacteria,Alphaproteobacteria,Rhizobiales,Stappiaceae,Pannonibacter,Pannonibacter_phragmitetus
GQ154966.1.1364,SRR21726042,0.047035734,371802664,500,145,SRX17721939,45_16S,Illumina MiSeq,SRP346777,PRJNA781615,SRS15251962,SAMN31036837,45_16S,Green turtle hatchling intestine sample,Bacteria,Proteobacteria,Gammaproteobacteria,Enterobacterales,Enterobacteriaceae,Citrobacter,uncultured_bacterium
FJ959819.1.1413,SRR21726048,0.046624885,339853596,500,116,SRX17721933,39_16S,Illumina MiSeq,SRP346777,PRJNA781615,SRS15251957,SAMN31036831,39_16S,Green turtle juvenile esophageal swab,Bacteria,Proteobacteria,Gammaproteobacteria,Gammaproteobacteria_Incertae_Sedis,Unknown_Family,Marinicella,uncultured_bacterium
JQ213442.1.1362,SRR21726021,0.044993428,345478090,500,115,SRX17721960,33_16S,Illumina MiSeq,SRP346777,PRJNA781615,SRS15251984,SAMN31036825,33_16S,Green turtle juvenile esophageal swab,Bacteria,Desulfobacterota,Desulfobulbia,Desulfobulbales,Desulfocapsaceae,Desulforhopalus,uncultured_bacterium
CXYW01000009.360.1734,SRR21726042,0.04485314,371802664,500,145,SRX17721939,45_16S,Illumina MiSeq,SRP346777,PRJNA781615,SRS15251962,SAMN31036837,45_16S,Green turtle hatchling intestine sample,Bacteria,Firmicutes,Clostridia,Lachnospirales,Lachnospiraceae,Epulopiscium,Lachnospiraceae_bacterium
JQ211758.1.1348,SRR21726050,0.04434872,328771667,500,110,SRX17721931,37_16S,Illumina MiSeq,SRP346777,PRJNA781615,SRS15251955,SAMN31036829,37_16S,Green turtle juvenile esophageal swab,Bacteria,Bacteroidota,Bacteroidia,Flavobacteriales,Flavobacteriaceae,Tenacibaculum,uncultured_bacterium
KX212247.1.1200,SRR21726043,0.043938187,331464093,470,111,SRX17721938,44_16S,Illumina MiSeq,SRP346777,PRJNA781615,SRS15251963,SAMN31036836,44_16S,Green turtle hatchling stomach sample,Bacteria,Proteobacteria,Gammaproteobacteria,Pseudomonadales,Pseudomonadaceae,Pseudomonas,Pseudomonas_aeruginosa
JQ212687.1.1281,SRR21726029,0.043705066,383977850,499,131,SRX17721952,30_16S,Illumina MiSeq,SRP346777,PRJNA781615,SRS15251976,SAMN31036822,30_16S,Green turtle hatchling stomach sample,Bacteria,Proteobacteria,Alphaproteobacteria,Rhodobacterales,Rhodobacteraceae,uncultured,uncultured_bacterium
JQ210745.1.1365,SRR21726050,0.040824318,328771667,500,110,SRX17721931,37_16S,Illumina MiSeq,SRP346777,PRJNA781615,SRS15251955,SAMN31036829,37_16S,Green turtle juvenile esophageal swab,Bacteria,Proteobacteria,Gammaproteobacteria,Pasteurellales,Pasteurellaceae,Phocoenobacter,uncultured_bacterium
JQ212687.1.1281,SRR21726049,0.040476895,398448802,499,134,SRX17721932,38_16S,Illumina MiSeq,SRP346777,PRJNA781615,SRS15251956,SAMN31036830,38_16S,Green turtle juvenile cloacal swab,Bacteria,Proteobacteria,Alphaproteobacteria,Rhodobacterales,Rhodobacteraceae,uncultured,uncultured_bacterium
KC527459.1.1244,SRR21726052,0.039126871,412561192,500,137,SRX17721929,27_16S,Illumina MiSeq,SRP346777,PRJNA781615,SRS15251953,SAMN31036819,27_16S,Green turtle juvenile esophageal swab,Bacteria,Proteobacteria,Gammaproteobacteria,Vibrionales,Vibrionaceae,Vibrio,uncultured_bacterium
JQ211758.1.1348,SRR21726048,0.038920602,339853596,500,116,SRX17721933,39_16S,Illumina MiSeq,SRP346777,PRJNA781615,SRS15251957,SAMN31036831,39_16S,Green turtle juvenile esophageal swab,Bacteria,Bacteroidota,Bacteroidia,Flavobacteriales,Flavobacteriaceae,Tenacibaculum,uncultured_bacterium
KF650757.1.1491,SRR21726052,0.038005263,412561192,500,137,SRX17721929,27_16S,Illumina MiSeq,SRP346777,PRJNA781615,SRS15251953,SAMN31036819,27_16S,Green turtle juvenile esophageal swab,Bacteria,Bacteroidota,Bacteroidia,Bacteroidales,Bacteroidaceae,Bacteroides,Bacteroides_sp.
JQ212687.1.1281,SRR21726020,0.037005874,305472186,499,108,SRX17721961,34_16S,Illumina MiSeq,SRP346777,PRJNA781615,SRS15251985,SAMN31036826,34_16S,Green turtle juvenile cloacal swab,Bacteria,Proteobacteria,Alphaproteobacteria,Rhodobacterales,Rhodobacteraceae,uncultured,uncultured_bacterium
GU201986.1.1485,SRR21726029,0.036412996,383977850,499,131,SRX17721952,30_16S,Illumina MiSeq,SRP346777,PRJNA781615,SRS15251976,SAMN31036822,30_16S,Green turtle hatchling stomach sample,Bacteria,Bacteroidota,Bacteroidia,Flavobacteriales,Weeksellaceae,uncultured,uncultured_bacterium
KT596062.1.1478,SRR21726029,0.035402839,383977850,499,131,SRX17721952,30_16S,Illumina MiSeq,SRP346777,PRJNA781615,SRS15251976,SAMN31036822,30_16S,Green turtle hatchling stomach sample,Bacteria,Proteobacteria,Alphaproteobacteria,Rhizobiales,Stappiaceae,Labrenzia,Labrenzia_sp.
KC260589.1.1366,SRR21726049,0.034909177,398448802,499,134,SRX17721932,38_16S,Illumina MiSeq,SRP346777,PRJNA781615,SRS15251956,SAMN31036830,38_16S,Green turtle juvenile cloacal swab,Bacteria,Bacteroidota,Bacteroidia,Bacteroidales,Marinifilaceae,Marinifilum,uncultured_bacterium
FJ959819.1.1413,SRR21726021,0.03333221,345478090,500,115,SRX17721960,33_16S,Illumina MiSeq,SRP346777,PRJNA781615,SRS15251984,SAMN31036825,33_16S,Green turtle juvenile esophageal swab,Bacteria,Proteobacteria,Gammaproteobacteria,Gammaproteobacteria_Incertae_Sedis,Unknown_Family,Marinicella,uncultured_bacterium
JQ215134.1.1357,SRR21726021,0.032792963,345478090,500,115,SRX17721960,33_16S,Illumina MiSeq,SRP346777,PRJNA781615,SRS15251984,SAMN31036825,33_16S,Green turtle juvenile esophageal swab,Bacteria,Bacteroidota,Bacteroidia,Bacteroidales,Bacteroidetes_BD2-2,Bacteroidetes_BD2-2,uncultured_bacterium
JQ215638.1.1350,SRR21726023,0.032716751,340042833,498,113,SRX17721958,31_16S,Illumina MiSeq,SRP346777,PRJNA781615,SRS15251982,SAMN31036823,31_16S,Green turtle hatchling intestine sample,Bacteria,Bacteroidota,Bacteroidia,Flavobacteriales,Flavobacteriaceae,Maritimimonas,uncultured_bacterium
KX648433.1.1278,SRR21726043,0.03229738,331464093,470,111,SRX17721938,44_16S,Illumina MiSeq,SRP346777,PRJNA781615,SRS15251963,SAMN31036836,44_16S,Green turtle hatchling stomach sample,Bacteria,Firmicutes,Clostridia,Clostridiales,Clostridiaceae,Clostridium_sensu_stricto_1,Clostridium_tertium
MF445120.1.1210,SRR21726043,0.032117689,331464093,470,111,SRX17721938,44_16S,Illumina MiSeq,SRP346777,PRJNA781615,SRS15251963,SAMN31036836,44_16S,Green turtle hatchling stomach sample,Bacteria,Proteobacteria,Gammaproteobacteria,Enterobacterales,Yersiniaceae,Serratia,Serratia_nematodiphila
KC260589.1.1366,SRR21726022,0.031708534,341290243,500,113,SRX17721959,32_16S,Illumina MiSeq,SRP346777,PRJNA781615,SRS15251983,SAMN31036824,32_16S,Green turtle juvenile esophageal swab,Bacteria,Bacteroidota,Bacteroidia,Bacteroidales,Marinifilaceae,Marinifilum,uncultured_bacterium
JQ215638.1.1350,SRR21726020,0.031451098,305472186,499,108,SRX17721961,34_16S,Illumina MiSeq,SRP346777,PRJNA781615,SRS15251985,SAMN31036826,34_16S,Green turtle juvenile cloacal swab,Bacteria,Bacteroidota,Bacteroidia,Flavobacteriales,Flavobacteriaceae,Maritimimonas,uncultured_bacterium
KC260589.1.1366,SRR21726020,0.030835632,305472186,499,108,SRX17721961,34_16S,Illumina MiSeq,SRP346777,PRJNA781615,SRS15251985,SAMN31036826,34_16S,Green turtle juvenile cloacal swab,Bacteria,Bacteroidota,Bacteroidia,Bacteroidales,Marinifilaceae,Marinifilum,uncultured_bacterium
LC194925.1.1470,SRR21726043,0.030531727,331464093,470,111,SRX17721938,44_16S,Illumina MiSeq,SRP346777,PRJNA781615,SRS15251963,SAMN31036836,44_16S,Green turtle hatchling stomach sample,Bacteria,Firmicutes,Clostridia,Clostridiales,Clostridiaceae,Clostridium_sensu_stricto_3,uncultured_bacterium
KT005682.1.1200,SRR21726043,0.029867654,331464093,470,111,SRX17721938,44_16S,Illumina MiSeq,SRP346777,PRJNA781615,SRS15251963,SAMN31036836,44_16S,Green turtle hatchling stomach sample,Bacteria,Proteobacteria,Gammaproteobacteria,Xanthomonadales,Xanthomonadaceae,Stenotrophomonas,Stenotrophomonas_sp.
JQ665365.1.1211,SRR21726043,0.029180143,331464093,470,111,SRX17721938,44_16S,Illumina MiSeq,SRP346777,PRJNA781615,SRS15251963,SAMN31036836,44_16S,Green turtle hatchling stomach sample,Bacteria,Proteobacteria,Gammaproteobacteria,Vibrionales,Vibrionaceae,Vibrio,Vibrio_owensii
JQ211758.1.1348,SRR21726049,0.028720194,398448802,499,134,SRX17721932,38_16S,Illumina MiSeq,SRP346777,PRJNA781615,SRS15251956,SAMN31036830,38_16S,Green turtle juvenile cloacal swab,Bacteria,Bacteroidota,Bacteroidia,Flavobacteriales,Flavobacteriaceae,Tenacibaculum,uncultured_bacterium
JQ215733.1.1343,SRR21726048,0.028581693,339853596,500,116,SRX17721933,39_16S,Illumina MiSeq,SRP346777,PRJNA781615,SRS15251957,SAMN31036831,39_16S,Green turtle juvenile esophageal swab,Bacteria,Bacteroidota,Bacteroidia,Flavobacteriales,Weeksellaceae,Ornithobacterium,uncultured_bacterium
KF699866.1.1418,SRR21726043,0.02771137,331464093,470,111,SRX17721938,44_16S,Illumina MiSeq,SRP346777,PRJNA781615,SRS15251963,SAMN31036836,44_16S,Green turtle hatchling stomach sample,Bacteria,Proteobacteria,Gammaproteobacteria,Aeromonadales,Aeromonadaceae,Aeromonas,Aeromonas_caviae
KX212247.1.1200,SRR21726040,0.027129214,377927131,499,134,SRX17721941,29_16S,Illumina MiSeq,SRP346777,PRJNA781615,SRS15251965,SAMN31036821,29_16S,Green turtle juvenile cloacal swab,Bacteria,Proteobacteria,Gammaproteobacteria,Pseudomonadales,Pseudomonadaceae,Pseudomonas,Pseudomonas_aeruginosa
KU687332.1.1206,SRR21726051,0.026789316,345760543,484,123,SRX17721930,28_16S,Illumina MiSeq,SRP346777,PRJNA781615,SRS15251954,SAMN31036820,28_16S,Green turtle juvenile cloacal swab,Bacteria,Proteobacteria,Gammaproteobacteria,Enterobacterales,Enterobacteriaceae,Enterobacter,Enterobacter_cloacae
KU533822.1.1490,SRR21726048,0.026705521,339853596,500,116,SRX17721933,39_16S,Illumina MiSeq,SRP346777,PRJNA781615,SRS15251957,SAMN31036831,39_16S,Green turtle juvenile esophageal swab,Bacteria,Bacteroidota,Bacteroidia,Bacteroidales,Bacteroidaceae,Bacteroides,Bacteroides_sp.4SWWS3-28
DQ809514.1.1292,SRR21726043,0.026406663,331464093,470,111,SRX17721938,44_16S,Illumina MiSeq,SRP346777,PRJNA781615,SRS15251963,SAMN31036836,44_16S,Green turtle hatchling stomach sample,Bacteria,Firmicutes,Clostridia,Lachnospirales,Lachnospiraceae,Blautia,uncultured_bacterium
FPLP01003998.13.1512,SRR21726019,0.025894081,338063986,499,119,SRX17721962,35_16S,Illumina MiSeq,SRP346777,PRJNA781615,SRS15251986,SAMN31036827,35_16S,Green turtle juvenile cloacal swab,Bacteria,Actinobacteriota,Actinobacteria,Kineosporiales,Kineosporiaceae,Quadrisphaera,metagenome
JN981163.1.1221,SRR21726043,0.025750402,331464093,470,111,SRX17721938,44_16S,Illumina MiSeq,SRP346777,PRJNA781615,SRS15251963,SAMN31036836,44_16S,Green turtle hatchling stomach sample,Bacteria,Proteobacteria,Gammaproteobacteria,Enterobacterales,Enterobacteriaceae,Klebsiella,uncultured_bacterium
KX940816.1.1301,SRR21726040,0.025212802,377927131,499,134,SRX17721941,29_16S,Illumina MiSeq,SRP346777,PRJNA781615,SRS15251965,SAMN31036821,29_16S,Green turtle juvenile cloacal swab,Bacteria,Proteobacteria,Gammaproteobacteria,Enterobacterales,Enterobacteriaceae,Salmonella,uncultured_Salmonella
LC318259.1.1364,SRR21726042,0.024000068,371802664,500,145,SRX17721939,45_16S,Illumina MiSeq,SRP346777,PRJNA781615,SRS15251962,SAMN31036837,45_16S,Green turtle hatchling intestine sample,Bacteria,Proteobacteria,Gammaproteobacteria,Enterobacterales,Enterobacteriaceae,Raoultella,uncultured_Klebsiella
AB083432.1.1484,SRR21726023,0.02395154,340042833,498,113,SRX17721958,31_16S,Illumina MiSeq,SRP346777,PRJNA781615,SRS15251982,SAMN31036823,31_16S,Green turtle hatchling intestine sample,Bacteria,Myxococcota,Polyangia,Nannocystales,Nannocystaceae,Plesiocystis,Plesiocystis_pacifica
KT799837.1.1507,SRR21726021,0.023895386,345478090,500,115,SRX17721960,33_16S,Illumina MiSeq,SRP346777,PRJNA781615,SRS15251984,SAMN31036825,33_16S,Green turtle juvenile esophageal swab,Bacteria,Fusobacteriota,Fusobacteriia,Fusobacteriales,Fusobacteriaceae,Fusobacterium,Fusobacteriaceae_bacterium
FJ716854.1.1460,SRR21726023,0.023556989,340042833,498,113,SRX17721958,31_16S,Illumina MiSeq,SRP346777,PRJNA781615,SRS15251982,SAMN31036823,31_16S,Green turtle hatchling intestine sample,Bacteria,Proteobacteria,Alphaproteobacteria,Rhodobacterales,Rhodobacteraceae,Marivita,uncultured_bacterium
AB681556.1.1385,SRR21726020,0.02324748,305472186,499,108,SRX17721961,34_16S,Illumina MiSeq,SRP346777,PRJNA781615,SRS15251985,SAMN31036826,34_16S,Green turtle juvenile cloacal swab,Bacteria,Proteobacteria,Alphaproteobacteria,Rhodobacterales,Rhodobacteraceae,Paracoccus,Paracoccus_sp.
KF650757.1.1491,SRR21726048,0.023033013,339853596,500,116,SRX17721933,39_16S,Illumina MiSeq,SRP346777,PRJNA781615,SRS15251957,SAMN31036831,39_16S,Green turtle juvenile esophageal swab,Bacteria,Bacteroidota,Bacteroidia,Bacteroidales,Bacteroidaceae,Bacteroides,Bacteroides_sp.
KP299857.1.1430,SRR21726049,0.022596296,398448802,499,134,SRX17721932,38_16S,Illumina MiSeq,SRP346777,PRJNA781615,SRS15251956,SAMN31036830,38_16S,Green turtle juvenile cloacal swab,Bacteria,Proteobacteria,Alphaproteobacteria,Rhodobacterales,Rhodobacteraceae,Actibacterium,uncultured_bacterium
KX212257.1.1200,SRR21726042,0.022443489,371802664,500,145,SRX17721939,45_16S,Illumina MiSeq,SRP346777,PRJNA781615,SRS15251962,SAMN31036837,45_16S,Green turtle hatchling intestine sample,Bacteria,Proteobacteria,Gammaproteobacteria,Enterobacterales,Enterobacteriaceae,Enterobacter,Klebsiella_oxytoca
FJ959819.1.1413,SRR21726050,0.02188066,328771667,500,110,SRX17721931,37_16S,Illumina MiSeq,SRP346777,PRJNA781615,SRS15251955,SAMN31036829,37_16S,Green turtle juvenile esophageal swab,Bacteria,Proteobacteria,Gammaproteobacteria,Gammaproteobacteria_Incertae_Sedis,Unknown_Family,Marinicella,uncultured_bacterium
JQ213442.1.1362,SRR21726049,0.021874445,398448802,499,134,SRX17721932,38_16S,Illumina MiSeq,SRP346777,PRJNA781615,SRS15251956,SAMN31036830,38_16S,Green turtle juvenile cloacal swab,Bacteria,Desulfobacterota,Desulfobulbia,Desulfobulbales,Desulfocapsaceae,Desulforhopalus,uncultured_bacterium
FJ202500.1.1467,SRR21726023,0.02172349,340042833,498,113,SRX17721958,31_16S,Illumina MiSeq,SRP346777,PRJNA781615,SRS15251982,SAMN31036823,31_16S,Green turtle hatchling intestine sample,Bacteria,Bacteroidota,Bacteroidia,Flavobacteriales,Flavobacteriaceae,Winogradskyella,uncultured_bacterium
EU463472.1.1377,SRR21726049,0.021714691,398448802,499,134,SRX17721932,38_16S,Illumina MiSeq,SRP346777,PRJNA781615,SRS15251956,SAMN31036830,38_16S,Green turtle juvenile cloacal swab,Bacteria,Actinobacteriota,Actinobacteria,Propionibacteriales,Propionibacteriaceae,Luteococcus,uncultured_bacterium
JN981163.1.1221,SRR21726051,0.021668173,345760543,484,123,SRX17721930,28_16S,Illumina MiSeq,SRP346777,PRJNA781615,SRS15251954,SAMN31036820,28_16S,Green turtle juvenile cloacal swab,Bacteria,Proteobacteria,Gammaproteobacteria,Enterobacterales,Enterobacteriaceae,Klebsiella,uncultured_bacterium
KF924610.1.1424,SRR21726049,0.021199929,398448802,499,134,SRX17721932,38_16S,Illumina MiSeq,SRP346777,PRJNA781615,SRS15251956,SAMN31036830,38_16S,Green turtle juvenile cloacal swab,Bacteria,Proteobacteria,Alphaproteobacteria,Rhodobacterales,Rhodobacteraceae,Paracoccus,Paracoccus_pacificus
KC494697.1.1393,SRR21726045,0.020821804,293530160,484,103,SRX17721936,42_16S,Illumina MiSeq,SRP346777,PRJNA781615,SRS15251960,SAMN31036834,42_16S,Green turtle hatchling stomach sample,Bacteria,Bacteroidota,Bacteroidia,Flavobacteriales,Weeksellaceae,Chryseobacterium,Chryseobacterium_gallinarum
AB062751.1.1508,SRR21726020,0.020715499,305472186,499,108,SRX17721961,34_16S,Illumina MiSeq,SRP346777,PRJNA781615,SRS15251985,SAMN31036826,34_16S,Green turtle juvenile cloacal swab,Bacteria,Myxococcota,Polyangia,Haliangiales,Haliangiaceae,Haliangium,Haliangium_tepidum
JQ404489.1.1350,SRR21726043,0.020601884,331464093,470,111,SRX17721938,44_16S,Illumina MiSeq,SRP346777,PRJNA781615,SRS15251963,SAMN31036836,44_16S,Green turtle hatchling stomach sample,Bacteria,Bacteroidota,Bacteroidia,Flavobacteriales,Weeksellaceae,Chryseobacterium,Chryseobacterium_sp.
FJ493014.1.1358,SRR21726040,0.020517591,377927131,499,134,SRX17721941,29_16S,Illumina MiSeq,SRP346777,PRJNA781615,SRS15251965,SAMN31036821,29_16S,Green turtle juvenile cloacal swab,Bacteria,Proteobacteria,Alphaproteobacteria,Rhizobiales,Stappiaceae,Pannonibacter,Pannonibacter_phragmitetus
KU522188.1.1268,SRR21726051,0.020384553,345760543,484,123,SRX17721930,28_16S,Illumina MiSeq,SRP346777,PRJNA781615,SRS15251954,SAMN31036820,28_16S,Green turtle juvenile cloacal swab,Bacteria,Proteobacteria,Alphaproteobacteria,Rhizobiales,Rhizobiaceae,Allorhizobium-Neorhizobium-Pararhizobium-Rhizobium,Agrobacterium_radiobacter
AMBZ01000002.722987.724525,SRR21726043,0.020117502,331464093,470,111,SRX17721938,44_16S,Illumina MiSeq,SRP346777,PRJNA781615,SRS15251963,SAMN31036836,44_16S,Green turtle hatchling stomach sample,Bacteria,Firmicutes,Bacilli,Paenibacillales,Paenibacillaceae,Paenibacillus,Paenibacillus_alvei
DQ906716.1.1506,SRR21726021,0.019985845,345478090,500,115,SRX17721960,33_16S,Illumina MiSeq,SRP346777,PRJNA781615,SRS15251984,SAMN31036825,33_16S,Green turtle juvenile esophageal swab,Bacteria,Bacteroidota,Bacteroidia,Bacteroidales,Bacteroidaceae,Bacteroides,uncultured_marine
HG964474.1.1514,SRR21726043,0.019640932,331464093,470,111,SRX17721938,44_16S,Illumina MiSeq,SRP346777,PRJNA781615,SRS15251963,SAMN31036836,44_16S,Green turtle hatchling stomach sample,Bacteria,Firmicutes,Bacilli,Paenibacillales,Paenibacillaceae,Paenibacillus,Paenibacillus_sp.
FJ792184.1.1379,SRR21726018,0.019569725,252048132,500,102,SRX17721963,36_16S,Illumina MiSeq,SRP346777,PRJNA781615,SRS15251987,SAMN31036828,36_16S,Green turtle juvenile esophageal swab,Bacteria,Bacteroidota,Bacteroidia,Flavobacteriales,Flavobacteriaceae,Muricauda,uncultured_bacterium
JQ215638.1.1350,SRR21726029,0.019556005,383977850,499,131,SRX17721952,30_16S,Illumina MiSeq,SRP346777,PRJNA781615,SRS15251976,SAMN31036822,30_16S,Green turtle hatchling stomach sample,Bacteria,Bacteroidota,Bacteroidia,Flavobacteriales,Flavobacteriaceae,Maritimimonas,uncultured_bacterium
JQ194064.1.1337,SRR21726046,0.019456994,264019405,500,87,SRX17721935,41_16S,Illumina MiSeq,SRP346777,PRJNA781615,SRS15251959,SAMN31036833,41_16S,Green turtle juvenile cloacal swab,Bacteria,Campilobacterota,Campylobacteria,Campylobacterales,Campylobacteraceae,Campylobacter,uncultured_bacterium
KJ820916.1.1219,SRR21726042,0.019169599,371802664,500,145,SRX17721939,45_16S,Illumina MiSeq,SRP346777,PRJNA781615,SRS15251962,SAMN31036837,45_16S,Green turtle hatchling intestine sample,Bacteria,Proteobacteria,Gammaproteobacteria,Aeromonadales,Aeromonadaceae,Aeromonas,Aeromonas_hydrophila
KF924610.1.1424,SRR21726046,0.019038958,264019405,500,87,SRX17721935,41_16S,Illumina MiSeq,SRP346777,PRJNA781615,SRS15251959,SAMN31036833,41_16S,Green turtle juvenile cloacal swab,Bacteria,Proteobacteria,Alphaproteobacteria,Rhodobacterales,Rhodobacteraceae,Paracoccus,Paracoccus_pacificus
FJ203342.1.1386,SRR21726049,0.018933791,398448802,499,134,SRX17721932,38_16S,Illumina MiSeq,SRP346777,PRJNA781615,SRS15251956,SAMN31036830,38_16S,Green turtle juvenile cloacal swab,Bacteria,Proteobacteria,Alphaproteobacteria,Rhodobacterales,Rhodobacteraceae,Litorimicrobium,uncultured_bacterium
JQ211715.1.1350,SRR21726021,0.018907351,345478090,500,115,SRX17721960,33_16S,Illumina MiSeq,SRP346777,PRJNA781615,SRS15251984,SAMN31036825,33_16S,Green turtle juvenile esophageal swab,Bacteria,Bacteroidota,Bacteroidia,Chitinophagales,uncultured,uncultured,uncultured_bacterium
KF924610.1.1424,SRR21726023,0.01880691,340042833,498,113,SRX17721958,31_16S,Illumina MiSeq,SRP346777,PRJNA781615,SRS15251982,SAMN31036823,31_16S,Green turtle hatchling intestine sample,Bacteria,Proteobacteria,Alphaproteobacteria,Rhodobacterales,Rhodobacteraceae,Paracoccus,Paracoccus_pacificus
JQ209006.1.1358,SRR21726021,0.018132183,345478090,500,115,SRX17721960,33_16S,Illumina MiSeq,SRP346777,PRJNA781615,SRS15251984,SAMN31036825,33_16S,Green turtle juvenile esophageal swab,Bacteria,Proteobacteria,Gammaproteobacteria,Cellvibrionales,Halieaceae,Halioglobus,uncultured_bacterium
LS483465.3842185.3843714,SRR21726040,0.017978345,377927131,499,134,SRX17721941,29_16S,Illumina MiSeq,SRP346777,PRJNA781615,SRS15251965,SAMN31036821,29_16S,Green turtle juvenile cloacal swab,Bacteria,Proteobacteria,Gammaproteobacteria,Enterobacterales,Enterobacteriaceae,Salmonella,Salmonella_enterica
JQ194064.1.1337,SRR21726021,0.017929965,345478090,500,115,SRX17721960,33_16S,Illumina MiSeq,SRP346777,PRJNA781615,SRS15251984,SAMN31036825,33_16S,Green turtle juvenile esophageal swab,Bacteria,Campilobacterota,Campylobacteria,Campylobacterales,Campylobacteraceae,Campylobacter,uncultured_bacterium
JF272178.1.1423,SRR21726023,0.017909501,340042833,498,113,SRX17721958,31_16S,Illumina MiSeq,SRP346777,PRJNA781615,SRS15251982,SAMN31036823,31_16S,Green turtle hatchling intestine sample,Bacteria,Proteobacteria,Alphaproteobacteria,Rhodobacterales,Rhodobacteraceae,Thalassobius,uncultured_bacterium
JQ213442.1.1362,SRR21726046,0.017806853,264019405,500,87,SRX17721935,41_16S,Illumina MiSeq,SRP346777,PRJNA781615,SRS15251959,SAMN31036833,41_16S,Green turtle juvenile cloacal swab,Bacteria,Desulfobacterota,Desulfobulbia,Desulfobulbales,Desulfocapsaceae,Desulforhopalus,uncultured_bacterium
FJ792184.1.1379,SRR21726050,0.017719908,328771667,500,110,SRX17721931,37_16S,Illumina MiSeq,SRP346777,PRJNA781615,SRS15251955,SAMN31036829,37_16S,Green turtle juvenile esophageal swab,Bacteria,Bacteroidota,Bacteroidia,Flavobacteriales,Flavobacteriaceae,Muricauda,uncultured_bacterium
JQ210745.1.1365,SRR21726052,0.01764376,412561192,500,137,SRX17721929,27_16S,Illumina MiSeq,SRP346777,PRJNA781615,SRS15251953,SAMN31036819,27_16S,Green turtle juvenile esophageal swab,Bacteria,Proteobacteria,Gammaproteobacteria,Pasteurellales,Pasteurellaceae,Phocoenobacter,uncultured_bacterium
MF070526.1.1441,SRR21726040,0.017427376,377927131,499,134,SRX17721941,29_16S,Illumina MiSeq,SRP346777,PRJNA781615,SRS15251965,SAMN31036821,29_16S,Green turtle juvenile cloacal swab,Bacteria,Proteobacteria,Gammaproteobacteria,Enterobacterales,Morganellaceae,Morganella,Morganella_sp.
JF272109.1.1486,SRR21726023,0.017398906,340042833,498,113,SRX17721958,31_16S,Illumina MiSeq,SRP346777,PRJNA781615,SRS15251982,SAMN31036823,31_16S,Green turtle hatchling intestine sample,Bacteria,Bacteroidota,Bacteroidia,Chitinophagales,Saprospiraceae,Lewinella,uncultured_bacterium
JQ213442.1.1362,SRR21726018,0.01723691,252048132,500,102,SRX17721963,36_16S,Illumina MiSeq,SRP346777,PRJNA781615,SRS15251987,SAMN31036828,36_16S,Green turtle juvenile esophageal swab,Bacteria,Desulfobacterota,Desulfobulbia,Desulfobulbales,Desulfocapsaceae,Desulforhopalus,uncultured_bacterium
CXYW01000009.360.1734,SRR21726043,0.016898702,331464093,470,111,SRX17721938,44_16S,Illumina MiSeq,SRP346777,PRJNA781615,SRS15251963,SAMN31036836,44_16S,Green turtle hatchling stomach sample,Bacteria,Firmicutes,Clostridia,Lachnospirales,Lachnospiraceae,Epulopiscium,Lachnospiraceae_bacterium
JQ209006.1.1358,SRR21726050,0.016887758,328771667,500,110,SRX17721931,37_16S,Illumina MiSeq,SRP346777,PRJNA781615,SRS15251955,SAMN31036829,37_16S,Green turtle juvenile esophageal swab,Bacteria,Proteobacteria,Gammaproteobacteria,Cellvibrionales,Halieaceae,Halioglobus,uncultured_bacterium
FJ203295.1.1457,SRR21726029,0.016856992,383977850,499,131,SRX17721952,30_16S,Illumina MiSeq,SRP346777,PRJNA781615,SRS15251976,SAMN31036822,30_16S,Green turtle hatchling stomach sample,Bacteria,Proteobacteria,Gammaproteobacteria,Pseudomonadales,Moraxellaceae,uncultured,uncultured_bacterium
EF471465.1.1394,SRR21726046,0.016816768,264019405,500,87,SRX17721935,41_16S,Illumina MiSeq,SRP346777,PRJNA781615,SRS15251959,SAMN31036833,41_16S,Green turtle juvenile cloacal swab,Bacteria,Proteobacteria,Alphaproteobacteria,Rhodobacterales,Rhodobacteraceae,Litorimicrobium,uncultured_Alphaproteobacteria
FJ792184.1.1379,SRR21726048,0.016765798,339853596,500,116,SRX17721933,39_16S,Illumina MiSeq,SRP346777,PRJNA781615,SRS15251957,SAMN31036831,39_16S,Green turtle juvenile esophageal swab,Bacteria,Bacteroidota,Bacteroidia,Flavobacteriales,Flavobacteriaceae,Muricauda,uncultured_bacterium
KC527459.1.1244,SRR21726021,0.016649253,345478090,500,115,SRX17721960,33_16S,Illumina MiSeq,SRP346777,PRJNA781615,SRS15251984,SAMN31036825,33_16S,Green turtle juvenile esophageal swab,Bacteria,Proteobacteria,Gammaproteobacteria,Vibrionales,Vibrionaceae,Vibrio,uncultured_bacterium
JQ211758.1.1348,SRR21726018,0.016588906,252048132,500,102,SRX17721963,36_16S,Illumina MiSeq,SRP346777,PRJNA781615,SRS15251987,SAMN31036828,36_16S,Green turtle juvenile esophageal swab,Bacteria,Bacteroidota,Bacteroidia,Flavobacteriales,Flavobacteriaceae,Tenacibaculum,uncultured_bacterium
KP313827.1.1410,SRR21726049,0.01643098,398448802,499,134,SRX17721932,38_16S,Illumina MiSeq,SRP346777,PRJNA781615,SRS15251956,SAMN31036830,38_16S,Green turtle juvenile cloacal swab,Bacteria,Bacteroidota,Bacteroidia,Flavobacteriales,Flavobacteriaceae,Tenacibaculum,Tenacibaculum_holothuriorum
EU460605.1.1365,SRR21726042,0.016284854,371802664,500,145,SRX17721939,45_16S,Illumina MiSeq,SRP346777,PRJNA781615,SRS15251962,SAMN31036837,45_16S,Green turtle hatchling intestine sample,Bacteria,Firmicutes,Clostridia,Clostridiales,Clostridiaceae,Sarcina,uncultured_bacterium
JF412238.1.1442,SRR21726018,0.015811301,252048132,500,102,SRX17721963,36_16S,Illumina MiSeq,SRP346777,PRJNA781615,SRS15251987,SAMN31036828,36_16S,Green turtle juvenile esophageal swab,Bacteria,Proteobacteria,Gammaproteobacteria,Vibrionales,Vibrionaceae,Aliivibrio,Aliivibrio_logei
JQ210745.1.1365,SRR21726022,0.015758892,341290243,500,113,SRX17721959,32_16S,Illumina MiSeq,SRP346777,PRJNA781615,SRS15251983,SAMN31036824,32_16S,Green turtle juvenile esophageal swab,Bacteria,Proteobacteria,Gammaproteobacteria,Pasteurellales,Pasteurellaceae,Phocoenobacter,uncultured_bacterium
MH179119.1.1207,SRR21726051,0.015573478,345760543,484,123,SRX17721930,28_16S,Illumina MiSeq,SRP346777,PRJNA781615,SRS15251954,SAMN31036820,28_16S,Green turtle juvenile cloacal swab,Bacteria,Proteobacteria,Gammaproteobacteria,Burkholderiales,Alcaligenaceae,Achromobacter,Azospirillum_brasilense
AB973384.1.1269,SRR21726044,0.015464014,355385245,500,127,SRX17721937,43_16S,Illumina MiSeq,SRP346777,PRJNA781615,SRS15251961,SAMN31036835,43_16S,Green turtle hatchling intestine sample,Bacteria,Firmicutes,Clostridia,Clostridiales,Clostridiaceae,Clostridium_sensu_stricto_13,Clostridium_sp.
GU118190.1.1390,SRR21726023,0.015395208,340042833,498,113,SRX17721958,31_16S,Illumina MiSeq,SRP346777,PRJNA781615,SRS15251982,SAMN31036823,31_16S,Green turtle hatchling intestine sample,Bacteria,Proteobacteria,Alphaproteobacteria,Rhodobacterales,Rhodobacteraceae,Silicimonas,uncultured_bacterium
FJ202500.1.1467,SRR21726019,0.015364289,338063986,499,119,SRX17721962,35_16S,Illumina MiSeq,SRP346777,PRJNA781615,SRS15251986,SAMN31036827,35_16S,Green turtle juvenile cloacal swab,Bacteria,Bacteroidota,Bacteroidia,Flavobacteriales,Flavobacteriaceae,Winogradskyella,uncultured_bacterium
KU533822.1.1490,SRR21726052,0.015314266,412561192,500,137,SRX17721929,27_16S,Illumina MiSeq,SRP346777,PRJNA781615,SRS15251953,SAMN31036819,27_16S,Green turtle juvenile esophageal swab,Bacteria,Bacteroidota,Bacteroidia,Bacteroidales,Bacteroidaceae,Bacteroides,Bacteroides_sp.4SWWS3-28
KP064189.1.1522,SRR21726023,0.015178592,340042833,498,113,SRX17721958,31_16S,Illumina MiSeq,SRP346777,PRJNA781615,SRS15251982,SAMN31036823,31_16S,Green turtle hatchling intestine sample,Bacteria,Proteobacteria,Gammaproteobacteria,Oceanospirillales,Kangiellaceae,Kangiella,Kangiella_chungangensis
JQ215863.1.1346,SRR21726018,0.015163297,252048132,500,102,SRX17721963,36_16S,Illumina MiSeq,SRP346777,PRJNA781615,SRS15251987,SAMN31036828,36_16S,Green turtle juvenile esophageal swab,Bacteria,Campilobacterota,Campylobacteria,Campylobacterales,Arcobacteraceae,Halarcobacter,uncultured_bacterium
FJ203295.1.1457,SRR21726020,0.01491921,305472186,499,108,SRX17721961,34_16S,Illumina MiSeq,SRP346777,PRJNA781615,SRS15251985,SAMN31036826,34_16S,Green turtle juvenile cloacal swab,Bacteria,Proteobacteria,Gammaproteobacteria,Pseudomonadales,Moraxellaceae,uncultured,uncultured_bacterium
FJ202500.1.1467,SRR21726029,0.014876137,383977850,499,131,SRX17721952,30_16S,Illumina MiSeq,SRP346777,PRJNA781615,SRS15251976,SAMN31036822,30_16S,Green turtle hatchling stomach sample,Bacteria,Bacteroidota,Bacteroidia,Flavobacteriales,Flavobacteriaceae,Winogradskyella,uncultured_bacterium
JQ213442.1.1362,SRR21726048,0.014769869,339853596,500,116,SRX17721933,39_16S,Illumina MiSeq,SRP346777,PRJNA781615,SRS15251957,SAMN31036831,39_16S,Green turtle juvenile esophageal swab,Bacteria,Desulfobacterota,Desulfobulbia,Desulfobulbales,Desulfocapsaceae,Desulforhopalus,uncultured_bacterium
JQ213752.1.1353,SRR21726021,0.014357453,345478090,500,115,SRX17721960,33_16S,Illumina MiSeq,SRP346777,PRJNA781615,SRS15251984,SAMN31036825,33_16S,Green turtle juvenile esophageal swab,Bacteria,Bacteroidota,Bacteroidia,Bacteroidetes_VC2.1_Bac22,Bacteroidetes_VC2.1_Bac22,Bacteroidetes_VC2.1_Bac22,uncultured_bacterium
AY372916.1.1432,SRR21726023,0.01435081,340042833,498,113,SRX17721958,31_16S,Illumina MiSeq,SRP346777,PRJNA781615,SRS15251982,SAMN31036823,31_16S,Green turtle hatchling intestine sample,Bacteria,Bacteroidota,Bacteroidia,Flavobacteriales,Flavobacteriaceae,Muricauda,Bacteroidetes_bacterium
KF650757.1.1491,SRR21726050,0.014293406,328771667,500,110,SRX17721931,37_16S,Illumina MiSeq,SRP346777,PRJNA781615,SRS15251955,SAMN31036829,37_16S,Green turtle juvenile esophageal swab,Bacteria,Bacteroidota,Bacteroidia,Bacteroidales,Bacteroidaceae,Bacteroides,Bacteroides_sp.
JQ665385.1.1228,SRR21726029,0.01411852,383977850,499,131,SRX17721952,30_16S,Illumina MiSeq,SRP346777,PRJNA781615,SRS15251976,SAMN31036822,30_16S,Green turtle hatchling stomach sample,Bacteria,Proteobacteria,Gammaproteobacteria,Vibrionales,Vibrionaceae,Vibrio,Vibrio_harveyi
JX009143.1.1291,SRR21726040,0.014105594,377927131,499,134,SRX17721941,29_16S,Illumina MiSeq,SRP346777,PRJNA781615,SRS15251965,SAMN31036821,29_16S,Green turtle juvenile cloacal swab,Bacteria,Proteobacteria,Gammaproteobacteria,Vibrionales,Vibrionaceae,Vibrio,Vibrio_fluvialis
KC260589.1.1366,SRR21726052,0.013373021,412561192,500,137,SRX17721929,27_16S,Illumina MiSeq,SRP346777,PRJNA781615,SRS15251953,SAMN31036819,27_16S,Green turtle juvenile esophageal swab,Bacteria,Bacteroidota,Bacteroidia,Bacteroidales,Marinifilaceae,Marinifilum,uncultured_bacterium
HM016087.1.1482,SRR21726019,0.013232306,338063986,499,119,SRX17721962,35_16S,Illumina MiSeq,SRP346777,PRJNA781615,SRS15251986,SAMN31036827,35_16S,Green turtle juvenile cloacal swab,Bacteria,Proteobacteria,Gammaproteobacteria,Alteromonadales,Shewanellaceae,Shewanella,Shewanella_algae
JF272132.1.1423,SRR21726023,0.013074322,340042833,498,113,SRX17721958,31_16S,Illumina MiSeq,SRP346777,PRJNA781615,SRS15251982,SAMN31036823,31_16S,Green turtle hatchling intestine sample,Bacteria,Proteobacteria,Alphaproteobacteria,Rhodobacterales,Rhodobacteraceae,Lentibacter,uncultured_bacterium
EU581702.1.1475,SRR21726023,0.012989223,340042833,498,113,SRX17721958,31_16S,Illumina MiSeq,SRP346777,PRJNA781615,SRS15251982,SAMN31036823,31_16S,Green turtle hatchling intestine sample,Bacteria,Bacteroidota,Bacteroidia,Flavobacteriales,Flavobacteriaceae,Psychroserpens,Psychroserpens_sp.
KC260589.1.1366,SRR21726018,0.012960083,252048132,500,102,SRX17721963,36_16S,Illumina MiSeq,SRP346777,PRJNA781615,SRS15251987,SAMN31036828,36_16S,Green turtle juvenile esophageal swab,Bacteria,Bacteroidota,Bacteroidia,Bacteroidales,Marinifilaceae,Marinifilum,uncultured_bacterium
FJ792184.1.1379,SRR21726021,0.012739712,345478090,500,115,SRX17721960,33_16S,Illumina MiSeq,SRP346777,PRJNA781615,SRS15251984,SAMN31036825,33_16S,Green turtle juvenile esophageal swab,Bacteria,Bacteroidota,Bacteroidia,Flavobacteriales,Flavobacteriaceae,Muricauda,uncultured_bacterium
JQ213442.1.1362,SRR21726022,0.012472121,341290243,500,113,SRX17721959,32_16S,Illumina MiSeq,SRP346777,PRJNA781615,SRS15251983,SAMN31036824,32_16S,Green turtle juvenile esophageal swab,Bacteria,Desulfobacterota,Desulfobulbia,Desulfobulbales,Desulfocapsaceae,Desulforhopalus,uncultured_bacterium
KX097276.1.1481,SRR21726021,0.012301574,345478090,500,115,SRX17721960,33_16S,Illumina MiSeq,SRP346777,PRJNA781615,SRS15251984,SAMN31036825,33_16S,Green turtle juvenile esophageal swab,Bacteria,Bacteroidota,Bacteroidia,Flavobacteriales,Flavobacteriaceae,Lutibacter,uncultured_bacterium
JQ215733.1.1343,SRR21726050,0.012188555,328771667,500,110,SRX17721931,37_16S,Illumina MiSeq,SRP346777,PRJNA781615,SRS15251955,SAMN31036829,37_16S,Green turtle juvenile esophageal swab,Bacteria,Bacteroidota,Bacteroidia,Flavobacteriales,Weeksellaceae,Ornithobacterium,uncultured_bacterium
JQ211758.1.1348,SRR21726021,0.012133059,345478090,500,115,SRX17721960,33_16S,Illumina MiSeq,SRP346777,PRJNA781615,SRS15251984,SAMN31036825,33_16S,Green turtle juvenile esophageal swab,Bacteria,Bacteroidota,Bacteroidia,Flavobacteriales,Flavobacteriaceae,Tenacibaculum,uncultured_bacterium
KM347966.1.1440,SRR21726046,0.012115701,264019405,500,87,SRX17721935,41_16S,Illumina MiSeq,SRP346777,PRJNA781615,SRS15251959,SAMN31036833,41_16S,Green turtle juvenile cloacal swab,Bacteria,Proteobacteria,Alphaproteobacteria,Rhodobacterales,Rhodobacteraceae,Roseovarius,Roseovarius_antarcticus
JQ210574.1.1350,SRR21726021,0.01203195,345478090,500,115,SRX17721960,33_16S,Illumina MiSeq,SRP346777,PRJNA781615,SRS15251984,SAMN31036825,33_16S,Green turtle juvenile esophageal swab,Bacteria,Firmicutes,Clostridia,Lachnospirales,Lachnospiraceae,uncultured,uncultured_bacterium
U12254.1.1516,SRR21726048,0.011775977,339853596,500,116,SRX17721933,39_16S,Illumina MiSeq,SRP346777,PRJNA781615,SRS15251957,SAMN31036831,39_16S,Green turtle juvenile esophageal swab,Bacteria,Desulfobacterota,Desulfobacteria,Desulfobacterales,Desulfobacteraceae,Desulfobacter,Desulfobacter_vibrioformis
LN565045.1.1323,SRR21726048,0.01169614,339853596,500,116,SRX17721933,39_16S,Illumina MiSeq,SRP346777,PRJNA781615,SRS15251957,SAMN31036831,39_16S,Green turtle juvenile esophageal swab,Bacteria,Patescibacteria,Saccharimonadia,Saccharimonadales,Saccharimonadaceae,Candidatus_Saccharimonas,uncultured_bacterium
EU531805.1.1258,SRR21726043,0.01167987,331464093,470,111,SRX17721938,44_16S,Illumina MiSeq,SRP346777,PRJNA781615,SRS15251963,SAMN31036836,44_16S,Green turtle hatchling stomach sample,Bacteria,Proteobacteria,Gammaproteobacteria,Pseudomonadales,Pseudomonadaceae,Pseudomonas,Pseudomonas_oleovorans
JQ215134.1.1357,SRR21726048,0.011496547,339853596,500,116,SRX17721933,39_16S,Illumina MiSeq,SRP346777,PRJNA781615,SRS15251957,SAMN31036831,39_16S,Green turtle juvenile esophageal swab,Bacteria,Bacteroidota,Bacteroidia,Bacteroidales,Bacteroidetes_BD2-2,Bacteroidetes_BD2-2,uncultured_bacterium
DQ809514.1.1292,SRR21726044,0.011299726,355385245,500,127,SRX17721937,43_16S,Illumina MiSeq,SRP346777,PRJNA781615,SRS15251961,SAMN31036835,43_16S,Green turtle hatchling intestine sample,Bacteria,Firmicutes,Clostridia,Lachnospirales,Lachnospiraceae,Blautia,uncultured_bacterium
KF735812.1.1418,SRR21726043,0.011101736,331464093,470,111,SRX17721938,44_16S,Illumina MiSeq,SRP346777,PRJNA781615,SRS15251963,SAMN31036836,44_16S,Green turtle hatchling stomach sample,Bacteria,Bacteroidota,Bacteroidia,Sphingobacteriales,Sphingobacteriaceae,Sphingobacterium,Sphingobacterium_yanglingense
JQ665365.1.1211,SRR21726029,0.010938104,383977850,499,131,SRX17721952,30_16S,Illumina MiSeq,SRP346777,PRJNA781615,SRS15251976,SAMN31036822,30_16S,Green turtle hatchling stomach sample,Bacteria,Proteobacteria,Gammaproteobacteria,Vibrionales,Vibrionaceae,Vibrio,Vibrio_owensii
JQ215134.1.1357,SRR21726050,0.010915855,328771667,500,110,SRX17721931,37_16S,Illumina MiSeq,SRP346777,PRJNA781615,SRS15251955,SAMN31036829,37_16S,Green turtle juvenile esophageal swab,Bacteria,Bacteroidota,Bacteroidia,Bacteroidales,Bacteroidetes_BD2-2,Bacteroidetes_BD2-2,uncultured_bacterium
JQ211758.1.1348,SRR21726052,0.010914111,412561192,500,137,SRX17721929,27_16S,Illumina MiSeq,SRP346777,PRJNA781615,SRS15251953,SAMN31036819,27_16S,Green turtle juvenile esophageal swab,Bacteria,Bacteroidota,Bacteroidia,Flavobacteriales,Flavobacteriaceae,Tenacibaculum,uncultured_bacterium
KC161907.1.1212,SRR21726043,0.010890795,331464093,470,111,SRX17721938,44_16S,Illumina MiSeq,SRP346777,PRJNA781615,SRS15251963,SAMN31036836,44_16S,Green turtle hatchling stomach sample,Bacteria,Firmicutes,Bacilli,Bacillales,Bacillaceae,Bacillus,Bacillus_thuringiensis
DQ269084.1.1398,SRR21726023,0.010846272,340042833,498,113,SRX17721958,31_16S,Illumina MiSeq,SRP346777,PRJNA781615,SRS15251982,SAMN31036823,31_16S,Green turtle hatchling intestine sample,Bacteria,Proteobacteria,Gammaproteobacteria,Arenicellales,Arenicellaceae,HTCC5015,uncultured_gamma
JQ213664.1.1356,SRR21726050,0.010769005,328771667,500,110,SRX17721931,37_16S,Illumina MiSeq,SRP346777,PRJNA781615,SRS15251955,SAMN31036829,37_16S,Green turtle juvenile esophageal swab,Bacteria,Proteobacteria,Gammaproteobacteria,Pseudomonadales,Moraxellaceae,Psychrobacter,uncultured_bacterium
U12254.1.1516,SRR21726021,0.01065013,345478090,500,115,SRX17721960,33_16S,Illumina MiSeq,SRP346777,PRJNA781615,SRS15251984,SAMN31036825,33_16S,Green turtle juvenile esophageal swab,Bacteria,Desulfobacterota,Desulfobacteria,Desulfobacterales,Desulfobacteraceae,Desulfobacter,Desulfobacter_vibrioformis
KP313827.1.1410,SRR21726020,0.01064211,305472186,499,108,SRX17721961,34_16S,Illumina MiSeq,SRP346777,PRJNA781615,SRS15251985,SAMN31036826,34_16S,Green turtle juvenile cloacal swab,Bacteria,Bacteroidota,Bacteroidia,Flavobacteriales,Flavobacteriaceae,Tenacibaculum,Tenacibaculum_holothuriorum
KF650757.1.1491,SRR21726021,0.010481615,345478090,500,115,SRX17721960,33_16S,Illumina MiSeq,SRP346777,PRJNA781615,SRS15251984,SAMN31036825,33_16S,Green turtle juvenile esophageal swab,Bacteria,Bacteroidota,Bacteroidia,Bacteroidales,Bacteroidaceae,Bacteroides,Bacteroides_sp.
EU328009.1.1481,SRR21726023,0.010436249,340042833,498,113,SRX17721958,31_16S,Illumina MiSeq,SRP346777,PRJNA781615,SRS15251982,SAMN31036823,31_16S,Green turtle hatchling intestine sample,Bacteria,Bacteroidota,Bacteroidia,Cytophagales,Cyclobacteriaceae,Fulvivirga,uncultured_Flexibacter
KM347966.1.1440,SRR21726023,0.010343414,340042833,498,113,SRX17721958,31_16S,Illumina MiSeq,SRP346777,PRJNA781615,SRS15251982,SAMN31036823,31_16S,Green turtle hatchling intestine sample,Bacteria,Proteobacteria,Alphaproteobacteria,Rhodobacterales,Rhodobacteraceae,Roseovarius,Roseovarius_antarcticus
JF514217.1.1498,SRR21726023,0.009964336,340042833,498,113,SRX17721958,31_16S,Illumina MiSeq,SRP346777,PRJNA781615,SRS15251982,SAMN31036823,31_16S,Green turtle hatchling intestine sample,Bacteria,Proteobacteria,Gammaproteobacteria,Arenicellales,Arenicellaceae,Arenicella,uncultured_bacterium
JQ218800.1.1494,SRR21726023,0.009825083,340042833,498,113,SRX17721958,31_16S,Illumina MiSeq,SRP346777,PRJNA781615,SRS15251982,SAMN31036823,31_16S,Green turtle hatchling intestine sample,Bacteria,Proteobacteria,Gammaproteobacteria,Granulosicoccales,Granulosicoccaceae,Granulosicoccus,uncultured_proteobacterium
JQ212687.1.1281,SRR21726046,0.009739498,264019405,500,87,SRX17721935,41_16S,Illumina MiSeq,SRP346777,PRJNA781615,SRS15251959,SAMN31036833,41_16S,Green turtle juvenile cloacal swab,Bacteria,Proteobacteria,Alphaproteobacteria,Rhodobacterales,Rhodobacteraceae,uncultured,uncultured_bacterium
GQ002549.1.1345,SRR21726043,0.009656401,331464093,470,111,SRX17721938,44_16S,Illumina MiSeq,SRP346777,PRJNA781615,SRS15251963,SAMN31036836,44_16S,Green turtle hatchling stomach sample,Bacteria,Bacteroidota,Bacteroidia,Flavobacteriales,Weeksellaceae,Elizabethkingia,uncultured_bacterium
EU290161.1.1416,SRR21726023,0.009585258,340042833,498,113,SRX17721958,31_16S,Illumina MiSeq,SRP346777,PRJNA781615,SRS15251982,SAMN31036823,31_16S,Green turtle hatchling intestine sample,Bacteria,Bacteroidota,Bacteroidia,Flavobacteriales,Flavobacteriaceae,Maritimimonas,Maritimimonas_rapanae
FJ203295.1.1457,SRR21726049,0.009573398,398448802,499,134,SRX17721932,38_16S,Illumina MiSeq,SRP346777,PRJNA781615,SRS15251956,SAMN31036830,38_16S,Green turtle juvenile cloacal swab,Bacteria,Proteobacteria,Gammaproteobacteria,Pseudomonadales,Moraxellaceae,uncultured,uncultured_bacterium
AY314754.1.1483,SRR21726029,0.00938341,383977850,499,131,SRX17721952,30_16S,Illumina MiSeq,SRP346777,PRJNA781615,SRS15251976,SAMN31036822,30_16S,Green turtle hatchling stomach sample,Bacteria,Campilobacterota,Campylobacteria,Campylobacterales,Arcobacteraceae,Arcobacter,Arcobacter_thereius
KU161317.1.1411,SRR21726019,0.009278629,338063986,499,119,SRX17721962,35_16S,Illumina MiSeq,SRP346777,PRJNA781615,SRS15251986,SAMN31036827,35_16S,Green turtle juvenile cloacal swab,Bacteria,Proteobacteria,Gammaproteobacteria,Enterobacterales,Enterobacteriaceae,Citrobacter,Yokenella_regensburgei
AUAN01000035.1.1363,SRR21726050,0.009153654,328771667,500,110,SRX17721931,37_16S,Illumina MiSeq,SRP346777,PRJNA781615,SRS15251955,SAMN31036829,37_16S,Green turtle juvenile esophageal swab,Bacteria,Firmicutes,Negativicutes,Veillonellales-Selenomonadales,Veillonellaceae,Veillonella,Veillonella_magna
KY770281.1.1343,SRR21726021,0.009133497,345478090,500,115,SRX17721960,33_16S,Illumina MiSeq,SRP346777,PRJNA781615,SRS15251984,SAMN31036825,33_16S,Green turtle juvenile esophageal swab,Bacteria,Proteobacteria,Alphaproteobacteria,Rhodobacterales,Rhodobacteraceae,Pelagibaca,Pelagibaca_sp.
JQ209480.1.1355,SRR21726046,0.009042772,264019405,500,87,SRX17721935,41_16S,Illumina MiSeq,SRP346777,PRJNA781615,SRS15251959,SAMN31036833,41_16S,Green turtle juvenile cloacal swab,Bacteria,Bacteroidota,Bacteroidia,Bacteroidales,Prolixibacteraceae,Prolixibacteraceae,uncultured_bacterium
FJ202500.1.1467,SRR21726020,0.009006061,305472186,499,108,SRX17721961,34_16S,Illumina MiSeq,SRP346777,PRJNA781615,SRS15251985,SAMN31036826,34_16S,Green turtle juvenile cloacal swab,Bacteria,Bacteroidota,Bacteroidia,Flavobacteriales,Flavobacteriaceae,Winogradskyella,uncultured_bacterium
JQ215638.1.1350,SRR21726048,0.008981677,339853596,500,116,SRX17721933,39_16S,Illumina MiSeq,SRP346777,PRJNA781615,SRS15251957,SAMN31036831,39_16S,Green turtle juvenile esophageal swab,Bacteria,Bacteroidota,Bacteroidia,Flavobacteriales,Flavobacteriaceae,Maritimimonas,uncultured_bacterium
LN561156.1.1358,SRR21726050,0.008957854,328771667,500,110,SRX17721931,37_16S,Illumina MiSeq,SRP346777,PRJNA781615,SRS15251955,SAMN31036829,37_16S,Green turtle juvenile esophageal swab,Bacteria,Patescibacteria,Saccharimonadia,Saccharimonadales,Saccharimonadaceae,Saccharimonadaceae,uncultured_bacterium
JQ215863.1.1346,SRR21726048,0.008782085,339853596,500,116,SRX17721933,39_16S,Illumina MiSeq,SRP346777,PRJNA781615,SRS15251957,SAMN31036831,39_16S,Green turtle juvenile esophageal swab,Bacteria,Campilobacterota,Campylobacteria,Campylobacterales,Arcobacteraceae,Halarcobacter,uncultured_bacterium
LC318259.1.1364,SRR21726043,0.008773575,331464093,470,111,SRX17721938,44_16S,Illumina MiSeq,SRP346777,PRJNA781615,SRS15251963,SAMN31036836,44_16S,Green turtle hatchling stomach sample,Bacteria,Proteobacteria,Gammaproteobacteria,Enterobacterales,Enterobacteriaceae,Raoultella,uncultured_Klebsiella
FJ959819.1.1413,SRR21726018,0.008683256,252048132,500,102,SRX17721963,36_16S,Illumina MiSeq,SRP346777,PRJNA781615,SRS15251987,SAMN31036828,36_16S,Green turtle juvenile esophageal swab,Bacteria,Proteobacteria,Gammaproteobacteria,Gammaproteobacteria_Incertae_Sedis,Unknown_Family,Marinicella,uncultured_bacterium
LN565045.1.1323,SRR21726023,0.008672376,340042833,498,113,SRX17721958,31_16S,Illumina MiSeq,SRP346777,PRJNA781615,SRS15251982,SAMN31036823,31_16S,Green turtle hatchling intestine sample,Bacteria,Patescibacteria,Saccharimonadia,Saccharimonadales,Saccharimonadaceae,Candidatus_Saccharimonas,uncultured_bacterium
JQ209006.1.1358,SRR21726048,0.00862241,339853596,500,116,SRX17721933,39_16S,Illumina MiSeq,SRP346777,PRJNA781615,SRS15251957,SAMN31036831,39_16S,Green turtle juvenile esophageal swab,Bacteria,Proteobacteria,Gammaproteobacteria,Cellvibrionales,Halieaceae,Halioglobus,uncultured_bacterium
KC527533.1.1200,SRR21726048,0.008502655,339853596,500,116,SRX17721933,39_16S,Illumina MiSeq,SRP346777,PRJNA781615,SRS15251957,SAMN31036831,39_16S,Green turtle juvenile esophageal swab,Bacteria,Proteobacteria,Alphaproteobacteria,Rhodobacterales,Rhodobacteraceae,Pseudoruegeria,uncultured_bacterium
JQ215638.1.1350,SRR21726050,0.008468354,328771667,500,110,SRX17721931,37_16S,Illumina MiSeq,SRP346777,PRJNA781615,SRS15251955,SAMN31036829,37_16S,Green turtle juvenile esophageal swab,Bacteria,Bacteroidota,Bacteroidia,Flavobacteriales,Flavobacteriaceae,Maritimimonas,uncultured_bacterium
JQ215863.1.1346,SRR21726021,0.008459439,345478090,500,115,SRX17721960,33_16S,Illumina MiSeq,SRP346777,PRJNA781615,SRS15251984,SAMN31036825,33_16S,Green turtle juvenile esophageal swab,Bacteria,Campilobacterota,Campylobacteria,Campylobacterales,Arcobacteraceae,Halarcobacter,uncultured_bacterium
LN561156.1.1358,SRR21726021,0.008459439,345478090,500,115,SRX17721960,33_16S,Illumina MiSeq,SRP346777,PRJNA781615,SRS15251984,SAMN31036825,33_16S,Green turtle juvenile esophageal swab,Bacteria,Patescibacteria,Saccharimonadia,Saccharimonadales,Saccharimonadaceae,Saccharimonadaceae,uncultured_bacterium
JN436172.1.1326,SRR21726023,0.00845576,340042833,498,113,SRX17721958,31_16S,Illumina MiSeq,SRP346777,PRJNA781615,SRS15251982,SAMN31036823,31_16S,Green turtle hatchling intestine sample,Bacteria,Proteobacteria,Alphaproteobacteria,Rhodobacterales,Rhodobacteraceae,Donghicola,uncultured_organism
JN443435.1.1228,SRR21726023,0.00839387,340042833,498,113,SRX17721958,31_16S,Illumina MiSeq,SRP346777,PRJNA781615,SRS15251982,SAMN31036823,31_16S,Green turtle hatchling intestine sample,Bacteria,Proteobacteria,Alphaproteobacteria,Rhodobacterales,Rhodobacteraceae,HIMB11,uncultured_organism
JN443435.1.1228,SRR21726049,0.008224365,398448802,499,134,SRX17721932,38_16S,Illumina MiSeq,SRP346777,PRJNA781615,SRS15251956,SAMN31036830,38_16S,Green turtle juvenile cloacal swab,Bacteria,Proteobacteria,Alphaproteobacteria,Rhodobacterales,Rhodobacteraceae,HIMB11,uncultured_organism
DQ298279.1.1381,SRR21726043,0.008195441,331464093,470,111,SRX17721938,44_16S,Illumina MiSeq,SRP346777,PRJNA781615,SRS15251963,SAMN31036836,44_16S,Green turtle hatchling stomach sample,Bacteria,Actinobacteriota,Actinobacteria,Propionibacteriales,Nocardioidaceae,Nocardioides,uncultured_bacterium
MF166852.1.1268,SRR21726051,0.007961778,345760543,484,123,SRX17721930,28_16S,Illumina MiSeq,SRP346777,PRJNA781615,SRS15251954,SAMN31036820,28_16S,Green turtle juvenile cloacal swab,Bacteria,Proteobacteria,Gammaproteobacteria,Pseudomonadales,Pseudomonadaceae,Pseudomonas,Pseudomonas_sp.
DQ667965.1.1416,SRR21726029,0.007899742,383977850,499,131,SRX17721952,30_16S,Illumina MiSeq,SRP346777,PRJNA781615,SRS15251976,SAMN31036822,30_16S,Green turtle hatchling stomach sample,Bacteria,Proteobacteria,Alphaproteobacteria,Rhodobacterales,Rhodobacteraceae,Donghicola,Donghicola_eburneus
HG964474.1.1514,SRR21726042,0.007884407,371802664,500,145,SRX17721939,45_16S,Illumina MiSeq,SRP346777,PRJNA781615,SRS15251962,SAMN31036837,45_16S,Green turtle hatchling intestine sample,Bacteria,Firmicutes,Bacilli,Paenibacillales,Paenibacillaceae,Paenibacillus,Paenibacillus_sp.
JQ211758.1.1348,SRR21726047,0.007728651,352120514,500,118,SRX17721934,40_16S,Illumina MiSeq,SRP346777,PRJNA781615,SRS15251958,SAMN31036832,40_16S,Green turtle juvenile esophageal swab,Bacteria,Bacteroidota,Bacteroidia,Flavobacteriales,Flavobacteriaceae,Tenacibaculum,uncultured_bacterium
KY770281.1.1343,SRR21726018,0.007646449,252048132,500,102,SRX17721963,36_16S,Illumina MiSeq,SRP346777,PRJNA781615,SRS15251987,SAMN31036828,36_16S,Green turtle juvenile esophageal swab,Bacteria,Proteobacteria,Alphaproteobacteria,Rhodobacterales,Rhodobacteraceae,Pelagibaca,Pelagibaca_sp.
JQ194064.1.1337,SRR21726049,0.007626768,398448802,499,134,SRX17721932,38_16S,Illumina MiSeq,SRP346777,PRJNA781615,SRS15251956,SAMN31036830,38_16S,Green turtle juvenile cloacal swab,Bacteria,Campilobacterota,Campylobacteria,Campylobacterales,Campylobacteraceae,Campylobacter,uncultured_bacterium
JN398127.1.1455,SRR21726019,0.007547019,338063986,499,119,SRX17721962,35_16S,Illumina MiSeq,SRP346777,PRJNA781615,SRS15251986,SAMN31036827,35_16S,Green turtle juvenile cloacal swab,Bacteria,Proteobacteria,Gammaproteobacteria,Burkholderiales,Comamonadaceae,Diaphorobacter,uncultured_bacterium
KY770281.1.1343,SRR21726050,0.007538303,328771667,500,110,SRX17721931,37_16S,Illumina MiSeq,SRP346777,PRJNA781615,SRS15251955,SAMN31036829,37_16S,Green turtle juvenile esophageal swab,Bacteria,Proteobacteria,Alphaproteobacteria,Rhodobacterales,Rhodobacteraceae,Pelagibaca,Pelagibaca_sp.
JQ215134.1.1357,SRR21726022,0.007512619,341290243,500,113,SRX17721959,32_16S,Illumina MiSeq,SRP346777,PRJNA781615,SRS15251983,SAMN31036824,32_16S,Green turtle juvenile esophageal swab,Bacteria,Bacteroidota,Bacteroidia,Bacteroidales,Bacteroidetes_BD2-2,Bacteroidetes_BD2-2,uncultured_bacterium
KY770575.1.1374,SRR21726020,0.00745571,305472186,499,108,SRX17721961,34_16S,Illumina MiSeq,SRP346777,PRJNA781615,SRS15251985,SAMN31036826,34_16S,Green turtle juvenile cloacal swab,Bacteria,Proteobacteria,Alphaproteobacteria,Rhodobacterales,Rhodobacteraceae,Marivita,Marivita_sp.
KF623102.1.1371,SRR21726043,0.007437616,331464093,470,111,SRX17721938,44_16S,Illumina MiSeq,SRP346777,PRJNA781615,SRS15251963,SAMN31036836,44_16S,Green turtle hatchling stomach sample,Bacteria,Proteobacteria,Gammaproteobacteria,Enterobacterales,Enterobacteriaceae,Klebsiella,Klebsiella_sp.
GU201986.1.1485,SRR21726018,0.007387247,252048132,500,102,SRX17721963,36_16S,Illumina MiSeq,SRP346777,PRJNA781615,SRS15251987,SAMN31036828,36_16S,Green turtle juvenile esophageal swab,Bacteria,Bacteroidota,Bacteroidia,Flavobacteriales,Weeksellaceae,uncultured,uncultured_bacterium
KU533822.1.1490,SRR21726018,0.007387247,252048132,500,102,SRX17721963,36_16S,Illumina MiSeq,SRP346777,PRJNA781615,SRS15251987,SAMN31036828,36_16S,Green turtle juvenile esophageal swab,Bacteria,Bacteroidota,Bacteroidia,Bacteroidales,Bacteroidaceae,Bacteroides,Bacteroides_sp.4SWWS3-28
JQ194064.1.1337,SRR21726050,0.007342503,328771667,500,110,SRX17721931,37_16S,Illumina MiSeq,SRP346777,PRJNA781615,SRS15251955,SAMN31036829,37_16S,Green turtle juvenile esophageal swab,Bacteria,Campilobacterota,Campylobacteria,Campylobacterales,Campylobacteraceae,Campylobacter,uncultured_bacterium
JF769629.1.1483,SRR21726023,0.007194746,340042833,498,113,SRX17721958,31_16S,Illumina MiSeq,SRP346777,PRJNA781615,SRS15251982,SAMN31036823,31_16S,Green turtle hatchling intestine sample,Bacteria,Chloroflexi,Anaerolineae,Ardenticatenales,uncultured,uncultured,uncultured_bacterium
FJ203295.1.1457,SRR21726046,0.007172612,264019405,500,87,SRX17721935,41_16S,Illumina MiSeq,SRP346777,PRJNA781615,SRS15251959,SAMN31036833,41_16S,Green turtle juvenile cloacal swab,Bacteria,Proteobacteria,Gammaproteobacteria,Pseudomonadales,Moraxellaceae,uncultured,uncultured_bacterium
FJ203342.1.1386,SRR21726023,0.007140592,340042833,498,113,SRX17721958,31_16S,Illumina MiSeq,SRP346777,PRJNA781615,SRS15251982,SAMN31036823,31_16S,Green turtle hatchling intestine sample,Bacteria,Proteobacteria,Alphaproteobacteria,Rhodobacterales,Rhodobacteraceae,Litorimicrobium,uncultured_bacterium
JQ213442.1.1362,SRR21726050,0.007097753,328771667,500,110,SRX17721931,37_16S,Illumina MiSeq,SRP346777,PRJNA781615,SRS15251955,SAMN31036829,37_16S,Green turtle juvenile esophageal swab,Bacteria,Desulfobacterota,Desulfobulbia,Desulfobulbales,Desulfocapsaceae,Desulforhopalus,uncultured_bacterium
JQ211715.1.1350,SRR21726048,0.007065586,339853596,500,116,SRX17721933,39_16S,Illumina MiSeq,SRP346777,PRJNA781615,SRS15251957,SAMN31036831,39_16S,Green turtle juvenile esophageal swab,Bacteria,Bacteroidota,Bacteroidia,Chitinophagales,uncultured,uncultured,uncultured_bacterium
EU290161.1.1416,SRR21726019,0.007056563,338063986,499,119,SRX17721962,35_16S,Illumina MiSeq,SRP346777,PRJNA781615,SRS15251986,SAMN31036827,35_16S,Green turtle juvenile cloacal swab,Bacteria,Bacteroidota,Bacteroidia,Flavobacteriales,Flavobacteriaceae,Maritimimonas,Maritimimonas_rapanae
AY345458.1.1284,SRR21726019,0.006986497,338063986,499,119,SRX17721962,35_16S,Illumina MiSeq,SRP346777,PRJNA781615,SRS15251986,SAMN31036827,35_16S,Green turtle juvenile cloacal swab,Bacteria,Proteobacteria,Gammaproteobacteria,Alteromonadales,Shewanellaceae,Shewanella,bacterium_K75
FJ203295.1.1457,SRR21726023,0.006923976,340042833,498,113,SRX17721958,31_16S,Illumina MiSeq,SRP346777,PRJNA781615,SRS15251982,SAMN31036823,31_16S,Green turtle hatchling intestine sample,Bacteria,Proteobacteria,Gammaproteobacteria,Pseudomonadales,Moraxellaceae,uncultured,uncultured_bacterium
KC260589.1.1366,SRR21726047,0.006873012,352120514,500,118,SRX17721934,40_16S,Illumina MiSeq,SRP346777,PRJNA781615,SRS15251958,SAMN31036832,40_16S,Green turtle juvenile esophageal swab,Bacteria,Bacteroidota,Bacteroidia,Bacteroidales,Marinifilaceae,Marinifilum,uncultured_bacterium
JQ215638.1.1350,SRR21726046,0.006820582,264019405,500,87,SRX17721935,41_16S,Illumina MiSeq,SRP346777,PRJNA781615,SRS15251959,SAMN31036833,41_16S,Green turtle juvenile cloacal swab,Bacteria,Bacteroidota,Bacteroidia,Flavobacteriales,Flavobacteriaceae,Maritimimonas,uncultured_bacterium
KM347966.1.1440,SRR21726021,0.006807994,345478090,500,115,SRX17721960,33_16S,Illumina MiSeq,SRP346777,PRJNA781615,SRS15251984,SAMN31036825,33_16S,Green turtle juvenile esophageal swab,Bacteria,Proteobacteria,Alphaproteobacteria,Rhodobacterales,Rhodobacteraceae,Roseovarius,Roseovarius_antarcticus
JN398127.1.1455,SRR21726046,0.00676191,264019405,500,87,SRX17721935,41_16S,Illumina MiSeq,SRP346777,PRJNA781615,SRS15251959,SAMN31036833,41_16S,Green turtle juvenile cloacal swab,Bacteria,Proteobacteria,Gammaproteobacteria,Burkholderiales,Comamonadaceae,Diaphorobacter,uncultured_bacterium
JN398127.1.1455,SRR21726029,0.00673964,383977850,499,131,SRX17721952,30_16S,Illumina MiSeq,SRP346777,PRJNA781615,SRS15251976,SAMN31036822,30_16S,Green turtle hatchling stomach sample,Bacteria,Proteobacteria,Gammaproteobacteria,Burkholderiales,Comamonadaceae,Diaphorobacter,uncultured_bacterium
KX212257.1.1200,SRR21726043,0.006695417,331464093,470,111,SRX17721938,44_16S,Illumina MiSeq,SRP346777,PRJNA781615,SRS15251963,SAMN31036836,44_16S,Green turtle hatchling stomach sample,Bacteria,Proteobacteria,Gammaproteobacteria,Enterobacterales,Enterobacteriaceae,Enterobacter,Klebsiella_oxytoca
FJ959819.1.1413,SRR21726052,0.006600233,412561192,500,137,SRX17721929,27_16S,Illumina MiSeq,SRP346777,PRJNA781615,SRS15251953,SAMN31036819,27_16S,Green turtle juvenile esophageal swab,Bacteria,Proteobacteria,Gammaproteobacteria,Gammaproteobacteria_Incertae_Sedis,Unknown_Family,Marinicella,uncultured_bacterium
JQ210745.1.1365,SRR21726047,0.006575399,352120514,500,118,SRX17721934,40_16S,Illumina MiSeq,SRP346777,PRJNA781615,SRS15251958,SAMN31036832,40_16S,Green turtle juvenile esophageal swab,Bacteria,Proteobacteria,Gammaproteobacteria,Pasteurellales,Pasteurellaceae,Phocoenobacter,uncultured_bacterium
JF272178.1.1423,SRR21726029,0.006573911,383977850,499,131,SRX17721952,30_16S,Illumina MiSeq,SRP346777,PRJNA781615,SRS15251976,SAMN31036822,30_16S,Green turtle hatchling stomach sample,Bacteria,Proteobacteria,Alphaproteobacteria,Rhodobacterales,Rhodobacteraceae,Thalassobius,uncultured_bacterium
KP739230.1.1345,SRR21726029,0.006502884,383977850,499,131,SRX17721952,30_16S,Illumina MiSeq,SRP346777,PRJNA781615,SRS15251976,SAMN31036822,30_16S,Green turtle hatchling stomach sample,Bacteria,Actinobacteriota,Actinobacteria,Micromonosporales,Micromonosporaceae,Micromonospora,Micromonospora_sp.
KX212255.1.1200,SRR21726043,0.006500102,331464093,470,111,SRX17721938,44_16S,Illumina MiSeq,SRP346777,PRJNA781615,SRS15251963,SAMN31036836,44_16S,Green turtle hatchling stomach sample,Bacteria,Proteobacteria,Gammaproteobacteria,Enterobacterales,Yersiniaceae,Serratia,Serratia_marcescens
AB973384.1.1269,SRR21726040,0.006471885,377927131,499,134,SRX17721941,29_16S,Illumina MiSeq,SRP346777,PRJNA781615,SRS15251965,SAMN31036821,29_16S,Green turtle juvenile cloacal swab,Bacteria,Firmicutes,Clostridia,Clostridiales,Clostridiaceae,Clostridium_sensu_stricto_13,Clostridium_sp.
KM021115.1.1228,SRR21726043,0.006414163,331464093,470,111,SRX17721938,44_16S,Illumina MiSeq,SRP346777,PRJNA781615,SRS15251963,SAMN31036836,44_16S,Green turtle hatchling stomach sample,Bacteria,Bacteroidota,Bacteroidia,Flavobacteriales,Weeksellaceae,Soonwooa,Chryseobacterium_sp.
EF471465.1.1394,SRR21726029,0.006376615,383977850,499,131,SRX17721952,30_16S,Illumina MiSeq,SRP346777,PRJNA781615,SRS15251976,SAMN31036822,30_16S,Green turtle hatchling stomach sample,Bacteria,Proteobacteria,Alphaproteobacteria,Rhodobacterales,Rhodobacteraceae,Litorimicrobium,uncultured_Alphaproteobacteria
JF828048.1.1208,SRR21726043,0.0063751,331464093,470,111,SRX17721938,44_16S,Illumina MiSeq,SRP346777,PRJNA781615,SRS15251963,SAMN31036836,44_16S,Green turtle hatchling stomach sample,Bacteria,Proteobacteria,Gammaproteobacteria,Pseudomonadales,Moraxellaceae,Acinetobacter,Acinetobacter_sp.
JQ212890.1.1331,SRR21726021,0.006369856,345478090,500,115,SRX17721960,33_16S,Illumina MiSeq,SRP346777,PRJNA781615,SRS15251984,SAMN31036825,33_16S,Green turtle juvenile esophageal swab,Bacteria,Campilobacterota,Campylobacteria,Campylobacterales,Rs-M59_termite_group,Rs-M59_termite_group,uncultured_bacterium
JQ215733.1.1343,SRR21726021,0.006336153,345478090,500,115,SRX17721960,33_16S,Illumina MiSeq,SRP346777,PRJNA781615,SRS15251984,SAMN31036825,33_16S,Green turtle juvenile esophageal swab,Bacteria,Bacteroidota,Bacteroidia,Flavobacteriales,Weeksellaceae,Ornithobacterium,uncultured_bacterium
LT630003.3420126.3421661,SRR21726042,0.006327829,371802664,500,145,SRX17721939,45_16S,Illumina MiSeq,SRP346777,PRJNA781615,SRS15251962,SAMN31036837,45_16S,Green turtle hatchling intestine sample,Bacteria,Firmicutes,Clostridia,Lachnospirales,Lachnospiraceae,Lachnoclostridium,[Clostridium]_sphenoides
JQ194064.1.1337,SRR21726029,0.006289805,383977850,499,131,SRX17721952,30_16S,Illumina MiSeq,SRP346777,PRJNA781615,SRS15251976,SAMN31036822,30_16S,Green turtle hatchling stomach sample,Bacteria,Campilobacterota,Campylobacteria,Campylobacterales,Campylobacteraceae,Campylobacter,uncultured_bacterium
HM016087.1.1482,SRR21726042,0.006243232,371802664,500,145,SRX17721939,45_16S,Illumina MiSeq,SRP346777,PRJNA781615,SRS15251962,SAMN31036837,45_16S,Green turtle hatchling intestine sample,Bacteria,Proteobacteria,Gammaproteobacteria,Alteromonadales,Shewanellaceae,Shewanella,Shewanella_algae
JN443435.1.1228,SRR21726029,0.006234562,383977850,499,131,SRX17721952,30_16S,Illumina MiSeq,SRP346777,PRJNA781615,SRS15251976,SAMN31036822,30_16S,Green turtle hatchling stomach sample,Bacteria,Proteobacteria,Alphaproteobacteria,Rhodobacterales,Rhodobacteraceae,HIMB11,uncultured_organism
JN443435.1.1228,SRR21726020,0.006131289,305472186,499,108,SRX17721961,34_16S,Illumina MiSeq,SRP346777,PRJNA781615,SRS15251985,SAMN31036826,34_16S,Green turtle juvenile cloacal swab,Bacteria,Proteobacteria,Alphaproteobacteria,Rhodobacterales,Rhodobacteraceae,HIMB11,uncultured_organism
JN443435.1.1228,SRR21726019,0.006035613,338063986,499,119,SRX17721962,35_16S,Illumina MiSeq,SRP346777,PRJNA781615,SRS15251986,SAMN31036827,35_16S,Green turtle juvenile cloacal swab,Bacteria,Proteobacteria,Alphaproteobacteria,Rhodobacterales,Rhodobacteraceae,HIMB11,uncultured_organism
JQ770191.1.1372,SRR21726043,0.006031344,331464093,470,111,SRX17721938,44_16S,Illumina MiSeq,SRP346777,PRJNA781615,SRS15251963,SAMN31036836,44_16S,Green turtle hatchling stomach sample,Bacteria,Firmicutes,Bacilli,Lactobacillales,Vagococcaceae,Vagococcus,Vagococcus_sp.
DQ667965.1.1416,SRR21726023,0.00601883,340042833,498,113,SRX17721958,31_16S,Illumina MiSeq,SRP346777,PRJNA781615,SRS15251982,SAMN31036823,31_16S,Green turtle hatchling intestine sample,Bacteria,Proteobacteria,Alphaproteobacteria,Rhodobacterales,Rhodobacteraceae,Donghicola,Donghicola_eburneus
JQ214916.1.1301,SRR21726048,0.005987785,339853596,500,116,SRX17721933,39_16S,Illumina MiSeq,SRP346777,PRJNA781615,SRS15251957,SAMN31036831,39_16S,Green turtle juvenile esophageal swab,Bacteria,Patescibacteria,Saccharimonadia,Saccharimonadales,Saccharimonadales,Saccharimonadales,uncultured_bacterium
JQ209006.1.1358,SRR21726018,0.005961638,252048132,500,102,SRX17721963,36_16S,Illumina MiSeq,SRP346777,PRJNA781615,SRS15251987,SAMN31036828,36_16S,Green turtle juvenile esophageal swab,Bacteria,Proteobacteria,Gammaproteobacteria,Cellvibrionales,Halieaceae,Halioglobus,uncultured_bacterium
JQ212191.1.1350,SRR21726049,0.005958227,398448802,499,134,SRX17721932,38_16S,Illumina MiSeq,SRP346777,PRJNA781615,SRS15251956,SAMN31036830,38_16S,Green turtle juvenile cloacal swab,Bacteria,Firmicutes,Clostridia,Peptostreptococcales-Tissierellales,Fusibacteraceae,Fusibacter,uncultured_bacterium
EF471465.1.1394,SRR21726023,0.005864104,340042833,498,113,SRX17721958,31_16S,Illumina MiSeq,SRP346777,PRJNA781615,SRS15251982,SAMN31036823,31_16S,Green turtle hatchling intestine sample,Bacteria,Proteobacteria,Alphaproteobacteria,Rhodobacterales,Rhodobacteraceae,Litorimicrobium,uncultured_Alphaproteobacteria
EU459194.1.1372,SRR21726042,0.005828709,371802664,500,145,SRX17721939,45_16S,Illumina MiSeq,SRP346777,PRJNA781615,SRS15251962,SAMN31036837,45_16S,Green turtle hatchling intestine sample,Bacteria,Firmicutes,Clostridia,Peptostreptococcales-Tissierellales,Peptostreptococcaceae,Terrisporobacter,uncultured_bacterium
KF064255.1.1326,SRR21726048,0.005828111,339853596,500,116,SRX17721933,39_16S,Illumina MiSeq,SRP346777,PRJNA781615,SRS15251957,SAMN31036831,39_16S,Green turtle juvenile esophageal swab,Bacteria,Actinobacteriota,Actinobacteria,Propionibacteriales,Propionibacteriaceae,Propioniciclava,uncultured_bacterium
AM882558.1.1492,SRR21726023,0.005771269,340042833,498,113,SRX17721958,31_16S,Illumina MiSeq,SRP346777,PRJNA781615,SRS15251982,SAMN31036823,31_16S,Green turtle hatchling intestine sample,Bacteria,Proteobacteria,Gammaproteobacteria,Cellvibrionales,Halieaceae,Halioglobus,uncultured_gamma
JQ215638.1.1350,SRR21726019,0.005725325,338063986,499,119,SRX17721962,35_16S,Illumina MiSeq,SRP346777,PRJNA781615,SRS15251986,SAMN31036827,35_16S,Green turtle juvenile cloacal swab,Bacteria,Bacteroidota,Bacteroidia,Flavobacteriales,Flavobacteriaceae,Maritimimonas,uncultured_bacterium
GU118190.1.1390,SRR21726029,0.005705808,383977850,499,131,SRX17721952,30_16S,Illumina MiSeq,SRP346777,PRJNA781615,SRS15251976,SAMN31036822,30_16S,Green turtle hatchling stomach sample,Bacteria,Proteobacteria,Alphaproteobacteria,Rhodobacterales,Rhodobacteraceae,Silicimonas,uncultured_bacterium
KC000319.1.1289,SRR21726029,0.005697916,383977850,499,131,SRX17721952,30_16S,Illumina MiSeq,SRP346777,PRJNA781615,SRS15251976,SAMN31036822,30_16S,Green turtle hatchling stomach sample,Bacteria,Proteobacteria,Alphaproteobacteria,Rhodobacterales,Rhodobacteraceae,Pseudaestuariivita,unidentified_marine
JQ215638.1.1350,SRR21726052,0.00565118,412561192,500,137,SRX17721929,27_16S,Illumina MiSeq,SRP346777,PRJNA781615,SRS15251953,SAMN31036819,27_16S,Green turtle juvenile esophageal swab,Bacteria,Bacteroidota,Bacteroidia,Flavobacteriales,Flavobacteriaceae,Maritimimonas,uncultured_bacterium
JN398127.1.1455,SRR21726020,0.005554776,305472186,499,108,SRX17721961,34_16S,Illumina MiSeq,SRP346777,PRJNA781615,SRS15251985,SAMN31036826,34_16S,Green turtle juvenile cloacal swab,Bacteria,Proteobacteria,Gammaproteobacteria,Burkholderiales,Comamonadaceae,Diaphorobacter,uncultured_bacterium
AUAN01000035.1.1363,SRR21726048,0.005508762,339853596,500,116,SRX17721933,39_16S,Illumina MiSeq,SRP346777,PRJNA781615,SRS15251957,SAMN31036831,39_16S,Green turtle juvenile esophageal swab,Bacteria,Firmicutes,Negativicutes,Veillonellales-Selenomonadales,Veillonellaceae,Veillonella,Veillonella_magna
GU201986.1.1485,SRR21726021,0.00549358,345478090,500,115,SRX17721960,33_16S,Illumina MiSeq,SRP346777,PRJNA781615,SRS15251984,SAMN31036825,33_16S,Green turtle juvenile esophageal swab,Bacteria,Bacteroidota,Bacteroidia,Flavobacteriales,Weeksellaceae,uncultured,uncultured_bacterium
KP313827.1.1410,SRR21726046,0.005471134,264019405,500,87,SRX17721935,41_16S,Illumina MiSeq,SRP346777,PRJNA781615,SRS15251959,SAMN31036833,41_16S,Green turtle juvenile cloacal swab,Bacteria,Bacteroidota,Bacteroidia,Flavobacteriales,Flavobacteriaceae,Tenacibaculum,Tenacibaculum_holothuriorum
JN531158.1.1381,SRR21726023,0.005469554,340042833,498,113,SRX17721958,31_16S,Illumina MiSeq,SRP346777,PRJNA781615,SRS15251982,SAMN31036823,31_16S,Green turtle hatchling intestine sample,Bacteria,Bacteroidota,Bacteroidia,Cytophagales,Cyclobacteriaceae,Ekhidna,uncultured_organism
GU118190.1.1390,SRR21726020,0.005453497,305472186,499,108,SRX17721961,34_16S,Illumina MiSeq,SRP346777,PRJNA781615,SRS15251985,SAMN31036826,34_16S,Green turtle juvenile cloacal swab,Bacteria,Proteobacteria,Alphaproteobacteria,Rhodobacterales,Rhodobacteraceae,Silicimonas,uncultured_bacterium
KP410681.1.1489,SRR21726023,0.005438609,340042833,498,113,SRX17721958,31_16S,Illumina MiSeq,SRP346777,PRJNA781615,SRS15251982,SAMN31036823,31_16S,Green turtle hatchling intestine sample,Bacteria,Actinobacteriota,Actinobacteria,Propionibacteriales,Propionibacteriaceae,Tessaracoccus,Tessaracoccus_sp.
U12254.1.1516,SRR21726050,0.005384502,328771667,500,110,SRX17721931,37_16S,Illumina MiSeq,SRP346777,PRJNA781615,SRS15251955,SAMN31036829,37_16S,Green turtle juvenile esophageal swab,Bacteria,Desulfobacterota,Desulfobacteria,Desulfobacterales,Desulfobacteraceae,Desulfobacter,Desulfobacter_vibrioformis
JQ579738.1.1501,SRR21726023,0.005307092,340042833,498,113,SRX17721958,31_16S,Illumina MiSeq,SRP346777,PRJNA781615,SRS15251982,SAMN31036823,31_16S,Green turtle hatchling intestine sample,Bacteria,Proteobacteria,Gammaproteobacteria,Thiotrichales,Thiotrichaceae,Cocleimonas,uncultured_gamma
GU201986.1.1485,SRR21726047,0.005273339,352120514,500,118,SRX17721934,40_16S,Illumina MiSeq,SRP346777,PRJNA781615,SRS15251958,SAMN31036832,40_16S,Green turtle juvenile esophageal swab,Bacteria,Bacteroidota,Bacteroidia,Flavobacteriales,Weeksellaceae,uncultured,uncultured_bacterium
LC020509.1.1460,SRR21726044,0.005240453,355385245,500,127,SRX17721937,43_16S,Illumina MiSeq,SRP346777,PRJNA781615,SRS15251961,SAMN31036835,43_16S,Green turtle hatchling intestine sample,Bacteria,Firmicutes,Clostridia,Clostridiales,Clostridiaceae,Clostridium_sensu_stricto_16,Clostridium_sp.
KX279980.1.1351,SRR21726042,0.005228073,371802664,500,145,SRX17721939,45_16S,Illumina MiSeq,SRP346777,PRJNA781615,SRS15251962,SAMN31036837,45_16S,Green turtle hatchling intestine sample,Bacteria,Proteobacteria,Gammaproteobacteria,Enterobacterales,Enterobacteriaceae,Enterobacteriaceae,Escherichia_sp.
JQ215733.1.1343,SRR21726018,0.005184033,252048132,500,102,SRX17721963,36_16S,Illumina MiSeq,SRP346777,PRJNA781615,SRS15251987,SAMN31036828,36_16S,Green turtle juvenile esophageal swab,Bacteria,Bacteroidota,Bacteroidia,Flavobacteriales,Weeksellaceae,Ornithobacterium,uncultured_bacterium
HM068886.1.1511,SRR21726029,0.005121811,383977850,499,131,SRX17721952,30_16S,Illumina MiSeq,SRP346777,PRJNA781615,SRS15251976,SAMN31036822,30_16S,Green turtle hatchling stomach sample,Bacteria,Actinobacteriota,Actinobacteria,Micrococcales,Intrasporangiaceae,Serinicoccus,Serinicoccus_chungangensis
FJ203295.1.1457,SRR21726019,0.005104747,338063986,499,119,SRX17721962,35_16S,Illumina MiSeq,SRP346777,PRJNA781615,SRS15251986,SAMN31036827,35_16S,Green turtle juvenile cloacal swab,Bacteria,Proteobacteria,Gammaproteobacteria,Pseudomonadales,Moraxellaceae,uncultured,uncultured_bacterium
JQ210745.1.1365,SRR21726021,0.005089144,345478090,500,115,SRX17721960,33_16S,Illumina MiSeq,SRP346777,PRJNA781615,SRS15251984,SAMN31036825,33_16S,Green turtle juvenile esophageal swab,Bacteria,Proteobacteria,Gammaproteobacteria,Pasteurellales,Pasteurellaceae,Phocoenobacter,uncultured_bacterium
MG571574.1.1434,SRR21726023,0.005059531,340042833,498,113,SRX17721958,31_16S,Illumina MiSeq,SRP346777,PRJNA781615,SRS15251982,SAMN31036823,31_16S,Green turtle hatchling intestine sample,Bacteria,Bacteroidota,Bacteroidia,Flavobacteriales,Flavobacteriaceae,Winogradskyella,Winogradskyella_sp.
KX213853.1.1399,SRR21726023,0.004966695,340042833,498,113,SRX17721958,31_16S,Illumina MiSeq,SRP346777,PRJNA781615,SRS15251982,SAMN31036823,31_16S,Green turtle hatchling intestine sample,Bacteria,Planctomycetota,OM190,OM190,OM190,OM190,uncultured_bacterium
GU118190.1.1390,SRR21726019,0.004964617,338063986,499,119,SRX17721962,35_16S,Illumina MiSeq,SRP346777,PRJNA781615,SRS15251986,SAMN31036827,35_16S,Green turtle juvenile cloacal swab,Bacteria,Proteobacteria,Alphaproteobacteria,Rhodobacterales,Rhodobacteraceae,Silicimonas,uncultured_bacterium
AY345458.1.1284,SRR21726043,0.004961015,331464093,470,111,SRX17721938,44_16S,Illumina MiSeq,SRP346777,PRJNA781615,SRS15251963,SAMN31036836,44_16S,Green turtle hatchling stomach sample,Bacteria,Proteobacteria,Gammaproteobacteria,Alteromonadales,Shewanellaceae,Shewanella,bacterium_K75
GU201986.1.1485,SRR21726052,0.004960959,412561192,500,137,SRX17721929,27_16S,Illumina MiSeq,SRP346777,PRJNA781615,SRS15251953,SAMN31036819,27_16S,Green turtle juvenile esophageal swab,Bacteria,Bacteroidota,Bacteroidia,Flavobacteriales,Weeksellaceae,uncultured,uncultured_bacterium
JQ579738.1.1501,SRR21726050,0.004943952,328771667,500,110,SRX17721931,37_16S,Illumina MiSeq,SRP346777,PRJNA781615,SRS15251955,SAMN31036829,37_16S,Green turtle juvenile esophageal swab,Bacteria,Proteobacteria,Gammaproteobacteria,Thiotrichales,Thiotrichaceae,Cocleimonas,uncultured_gamma
FJ644616.1.1358,SRR21726023,0.004928014,340042833,498,113,SRX17721958,31_16S,Illumina MiSeq,SRP346777,PRJNA781615,SRS15251982,SAMN31036823,31_16S,Green turtle hatchling intestine sample,Bacteria,Bacteroidota,Bacteroidia,Flavobacteriales,Flavobacteriaceae,uncultured,uncultured_bacterium
JQ213664.1.1356,SRR21726018,0.004924832,252048132,500,102,SRX17721963,36_16S,Illumina MiSeq,SRP346777,PRJNA781615,SRS15251987,SAMN31036828,36_16S,Green turtle juvenile esophageal swab,Bacteria,Proteobacteria,Gammaproteobacteria,Pseudomonadales,Moraxellaceae,Psychrobacter,uncultured_bacterium
JQ579738.1.1501,SRR21726019,0.004854515,338063986,499,119,SRX17721962,35_16S,Illumina MiSeq,SRP346777,PRJNA781615,SRS15251986,SAMN31036827,35_16S,Green turtle juvenile cloacal swab,Bacteria,Proteobacteria,Gammaproteobacteria,Thiotrichales,Thiotrichaceae,Cocleimonas,uncultured_gamma
KC527533.1.1200,SRR21726021,0.004853224,345478090,500,115,SRX17721960,33_16S,Illumina MiSeq,SRP346777,PRJNA781615,SRS15251984,SAMN31036825,33_16S,Green turtle juvenile esophageal swab,Bacteria,Proteobacteria,Alphaproteobacteria,Rhodobacterales,Rhodobacteraceae,Pseudoruegeria,uncultured_bacterium
KC000319.1.1289,SRR21726020,0.00482245,305472186,499,108,SRX17721961,34_16S,Illumina MiSeq,SRP346777,PRJNA781615,SRS15251985,SAMN31036826,34_16S,Green turtle juvenile cloacal swab,Bacteria,Proteobacteria,Alphaproteobacteria,Rhodobacterales,Rhodobacteraceae,Pseudaestuariivita,unidentified_marine
FJ202500.1.1467,SRR21726046,0.004796409,264019405,500,87,SRX17721935,41_16S,Illumina MiSeq,SRP346777,PRJNA781615,SRS15251959,SAMN31036833,41_16S,Green turtle juvenile cloacal swab,Bacteria,Bacteroidota,Bacteroidia,Flavobacteriales,Flavobacteriaceae,Winogradskyella,uncultured_bacterium
FJ644614.1.1296,SRR21726019,0.00477444,338063986,499,119,SRX17721962,35_16S,Illumina MiSeq,SRP346777,PRJNA781615,SRS15251986,SAMN31036827,35_16S,Green turtle juvenile cloacal swab,Bacteria,Proteobacteria,Alphaproteobacteria,Rhodobacterales,Rhodobacteraceae,Aestuariicoccus,uncultured_bacterium
JN436172.1.1326,SRR21726021,0.004684709,345478090,500,115,SRX17721960,33_16S,Illumina MiSeq,SRP346777,PRJNA781615,SRS15251984,SAMN31036825,33_16S,Green turtle juvenile esophageal swab,Bacteria,Proteobacteria,Alphaproteobacteria,Rhodobacterales,Rhodobacteraceae,Donghicola,uncultured_organism
JN436172.1.1326,SRR21726029,0.004656192,383977850,499,131,SRX17721952,30_16S,Illumina MiSeq,SRP346777,PRJNA781615,SRS15251976,SAMN31036822,30_16S,Green turtle hatchling stomach sample,Bacteria,Proteobacteria,Alphaproteobacteria,Rhodobacterales,Rhodobacteraceae,Donghicola,uncultured_organism
AMBZ01000002.722987.724525,SRR21726042,0.004652815,371802664,500,145,SRX17721939,45_16S,Illumina MiSeq,SRP346777,PRJNA781615,SRS15251962,SAMN31036837,45_16S,Green turtle hatchling intestine sample,Bacteria,Firmicutes,Bacilli,Paenibacillales,Paenibacillaceae,Paenibacillus,Paenibacillus_alvei
KP313827.1.1410,SRR21726019,0.004574254,338063986,499,119,SRX17721962,35_16S,Illumina MiSeq,SRP346777,PRJNA781615,SRS15251986,SAMN31036827,35_16S,Green turtle juvenile cloacal swab,Bacteria,Bacteroidota,Bacteroidia,Flavobacteriales,Flavobacteriaceae,Tenacibaculum,Tenacibaculum_holothuriorum
GU195653.1.1432,SRR21726042,0.004551299,371802664,500,145,SRX17721939,45_16S,Illumina MiSeq,SRP346777,PRJNA781615,SRS15251962,SAMN31036837,45_16S,Green turtle hatchling intestine sample,Bacteria,Firmicutes,Clostridia,Lachnospirales,Lachnospiraceae,Lachnoclostridium,Clostridium_sp.
JQ215733.1.1343,SRR21726052,0.004486433,412561192,500,137,SRX17721929,27_16S,Illumina MiSeq,SRP346777,PRJNA781615,SRS15251953,SAMN31036819,27_16S,Green turtle juvenile esophageal swab,Bacteria,Bacteroidota,Bacteroidia,Flavobacteriales,Weeksellaceae,Ornithobacterium,uncultured_bacterium
FJ671121.1.1378,SRR21726043,0.004382881,331464093,470,111,SRX17721938,44_16S,Illumina MiSeq,SRP346777,PRJNA781615,SRS15251963,SAMN31036836,44_16S,Green turtle hatchling stomach sample,Bacteria,Actinobacteriota,Actinobacteria,Corynebacteriales,Corynebacteriaceae,Corynebacterium,uncultured_bacterium
JQ194064.1.1337,SRR21726052,0.004357017,412561192,500,137,SRX17721929,27_16S,Illumina MiSeq,SRP346777,PRJNA781615,SRS15251953,SAMN31036819,27_16S,Green turtle juvenile esophageal swab,Bacteria,Campilobacterota,Campylobacteria,Campylobacterales,Campylobacteraceae,Campylobacter,uncultured_bacterium
EU290161.1.1416,SRR21726020,0.004308263,305472186,499,108,SRX17721961,34_16S,Illumina MiSeq,SRP346777,PRJNA781615,SRS15251985,SAMN31036826,34_16S,Green turtle juvenile cloacal swab,Bacteria,Bacteroidota,Bacteroidia,Flavobacteriales,Flavobacteriaceae,Maritimimonas,Maritimimonas_rapanae
JQ213752.1.1353,SRR21726050,0.004307602,328771667,500,110,SRX17721931,37_16S,Illumina MiSeq,SRP346777,PRJNA781615,SRS15251955,SAMN31036829,37_16S,Green turtle juvenile esophageal swab,Bacteria,Bacteroidota,Bacteroidia,Bacteroidetes_VC2.1_Bac22,Bacteroidetes_VC2.1_Bac22,Bacteroidetes_VC2.1_Bac22,uncultured_bacterium
AB540005.1.1369,SRR21726023,0.004285902,340042833,498,113,SRX17721958,31_16S,Illumina MiSeq,SRP346777,PRJNA781615,SRS15251982,SAMN31036823,31_16S,Green turtle hatchling intestine sample,Bacteria,Bacteroidota,Bacteroidia,Cytophagales,Cyclobacteriaceae,Ekhidna,Flexibacteraceae_bacterium
KU522188.1.1268,SRR21726040,0.004264018,377927131,499,134,SRX17721941,29_16S,Illumina MiSeq,SRP346777,PRJNA781615,SRS15251965,SAMN31036821,29_16S,Green turtle juvenile cloacal swab,Bacteria,Proteobacteria,Alphaproteobacteria,Rhizobiales,Rhizobiaceae,Allorhizobium-Neorhizobium-Pararhizobium-Rhizobium,Agrobacterium_radiobacter
FJ516997.1.1523,SRR21726050,0.004258652,328771667,500,110,SRX17721931,37_16S,Illumina MiSeq,SRP346777,PRJNA781615,SRS15251955,SAMN31036829,37_16S,Green turtle juvenile esophageal swab,Bacteria,Latescibacterota,Latescibacterota,Latescibacterota,Latescibacterota,Latescibacterota,uncultured_bacterium
JQ212890.1.1331,SRR21726050,0.004258652,328771667,500,110,SRX17721931,37_16S,Illumina MiSeq,SRP346777,PRJNA781615,SRS15251955,SAMN31036829,37_16S,Green turtle juvenile esophageal swab,Bacteria,Campilobacterota,Campylobacteria,Campylobacterales,Rs-M59_termite_group,Rs-M59_termite_group,uncultured_bacterium
JQ215733.1.1343,SRR21726023,0.004254957,340042833,498,113,SRX17721958,31_16S,Illumina MiSeq,SRP346777,PRJNA781615,SRS15251982,SAMN31036823,31_16S,Green turtle hatchling intestine sample,Bacteria,Bacteroidota,Bacteroidia,Flavobacteriales,Weeksellaceae,Ornithobacterium,uncultured_bacterium
KP261821.1.1393,SRR21726021,0.004212868,345478090,500,115,SRX17721960,33_16S,Illumina MiSeq,SRP346777,PRJNA781615,SRS15251984,SAMN31036825,33_16S,Green turtle juvenile esophageal swab,Bacteria,Proteobacteria,Alphaproteobacteria,Rhodobacterales,Rhodobacteraceae,Aliiroseovarius,Pseudoroseovarius_zhejiangensis
KT767981.1.1420,SRR21726050,0.004209702,328771667,500,110,SRX17721931,37_16S,Illumina MiSeq,SRP346777,PRJNA781615,SRS15251955,SAMN31036829,37_16S,Green turtle juvenile esophageal swab,Bacteria,Desulfobacterota,Desulfovibrionia,Desulfovibrionales,Desulfovibrionaceae,Desulfovibrio,Desulfovibrio_senegalensis
KM886158.1.1445,SRR21726029,0.004206356,383977850,499,131,SRX17721952,30_16S,Illumina MiSeq,SRP346777,PRJNA781615,SRS15251976,SAMN31036822,30_16S,Green turtle hatchling stomach sample,Bacteria,Actinobacteriota,Actinobacteria,Micrococcales,Intrasporangiaceae,Serinicoccus,Serinicoccus_sp.
EU290161.1.1416,SRR21726029,0.004190572,383977850,499,131,SRX17721952,30_16S,Illumina MiSeq,SRP346777,PRJNA781615,SRS15251976,SAMN31036822,30_16S,Green turtle hatchling stomach sample,Bacteria,Bacteroidota,Bacteroidia,Flavobacteriales,Flavobacteriaceae,Maritimimonas,Maritimimonas_rapanae
KF056991.1.1405,SRR21726051,0.004170932,345760543,484,123,SRX17721930,28_16S,Illumina MiSeq,SRP346777,PRJNA781615,SRS15251954,SAMN31036820,28_16S,Green turtle juvenile cloacal swab,Bacteria,Proteobacteria,Alphaproteobacteria,Rhizobiales,Beijerinckiaceae,Chelatococcus,Chelatococcus_caeni
KJ159065.1.1428,SRR21726046,0.004165689,264019405,500,87,SRX17721935,41_16S,Illumina MiSeq,SRP346777,PRJNA781615,SRS15251959,SAMN31036833,41_16S,Green turtle juvenile cloacal swab,Bacteria,Proteobacteria,Alphaproteobacteria,Rhodobacterales,Rhodobacteraceae,Pseudooceanicola,Pseudooceanicola_atlanticus
KF056991.1.1405,SRR21726040,0.004152227,377927131,499,134,SRX17721941,29_16S,Illumina MiSeq,SRP346777,PRJNA781615,SRS15251965,SAMN31036821,29_16S,Green turtle juvenile cloacal swab,Bacteria,Proteobacteria,Alphaproteobacteria,Rhizobiales,Beijerinckiaceae,Chelatococcus,Chelatococcus_caeni
JN443435.1.1228,SRR21726046,0.004092349,264019405,500,87,SRX17721935,41_16S,Illumina MiSeq,SRP346777,PRJNA781615,SRS15251959,SAMN31036833,41_16S,Green turtle juvenile cloacal swab,Bacteria,Proteobacteria,Alphaproteobacteria,Rhodobacterales,Rhodobacteraceae,HIMB11,uncultured_organism
CP014024.3509700.3511242,SRR21726040,0.004092339,377927131,499,134,SRX17721941,29_16S,Illumina MiSeq,SRP346777,PRJNA781615,SRS15251965,SAMN31036821,29_16S,Green turtle juvenile cloacal swab,Bacteria,Proteobacteria,Gammaproteobacteria,Enterobacterales,Morganellaceae,Providencia,Providencia_stuartii
GU195653.1.1432,SRR21726043,0.004086001,331464093,470,111,SRX17721938,44_16S,Illumina MiSeq,SRP346777,PRJNA781615,SRS15251963,SAMN31036836,44_16S,Green turtle hatchling stomach sample,Bacteria,Firmicutes,Clostridia,Lachnospirales,Lachnospiraceae,Lachnoclostridium,Clostridium_sp.
GU234951.1.1387,SRR21726048,0.004071694,339853596,500,116,SRX17721933,39_16S,Illumina MiSeq,SRP346777,PRJNA781615,SRS15251957,SAMN31036831,39_16S,Green turtle juvenile esophageal swab,Bacteria,Bdellovibrionota,Bdellovibrionia,Bacteriovoracales,Bacteriovoracaceae,Peredibacter,uncultured_marine
JQ215863.1.1346,SRR21726022,0.004064444,341290243,500,113,SRX17721959,32_16S,Illumina MiSeq,SRP346777,PRJNA781615,SRS15251983,SAMN31036824,32_16S,Green turtle juvenile esophageal swab,Bacteria,Campilobacterota,Campylobacteria,Campylobacterales,Arcobacteraceae,Halarcobacter,uncultured_bacterium
KX648433.1.1278,SRR21726042,0.00404372,371802664,500,145,SRX17721939,45_16S,Illumina MiSeq,SRP346777,PRJNA781615,SRS15251962,SAMN31036837,45_16S,Green turtle hatchling intestine sample,Bacteria,Firmicutes,Clostridia,Clostridiales,Clostridiaceae,Clostridium_sensu_stricto_1,Clostridium_tertium
JN977272.1.1543,SRR21726023,0.004022868,340042833,498,113,SRX17721958,31_16S,Illumina MiSeq,SRP346777,PRJNA781615,SRS15251982,SAMN31036823,31_16S,Green turtle hatchling intestine sample,Bacteria,Acidobacteriota,Thermoanaerobaculia,Thermoanaerobaculales,Thermoanaerobaculaceae,Subgroup_10,uncultured_bacterium
GQ154966.1.1364,SRR21726040,0.003972563,377927131,499,134,SRX17721941,29_16S,Illumina MiSeq,SRP346777,PRJNA781615,SRS15251965,SAMN31036821,29_16S,Green turtle juvenile cloacal swab,Bacteria,Proteobacteria,Gammaproteobacteria,Enterobacterales,Enterobacteriaceae,Citrobacter,uncultured_bacterium
JQ212400.1.1328,SRR21726050,0.003964952,328771667,500,110,SRX17721931,37_16S,Illumina MiSeq,SRP346777,PRJNA781615,SRS15251955,SAMN31036829,37_16S,Green turtle juvenile esophageal swab,Bacteria,Patescibacteria,Gracilibacteria,Absconditabacteriales_(SR1),Absconditabacteriales_(SR1),Absconditabacteriales_(SR1),uncultured_bacterium
DQ269084.1.1398,SRR21726020,0.003942099,305472186,499,108,SRX17721961,34_16S,Illumina MiSeq,SRP346777,PRJNA781615,SRS15251985,SAMN31036826,34_16S,Green turtle juvenile cloacal swab,Bacteria,Proteobacteria,Gammaproteobacteria,Arenicellales,Arenicellaceae,HTCC5015,uncultured_gamma
DQ677026.1.1379,SRR21726019,0.003933658,338063986,499,119,SRX17721962,35_16S,Illumina MiSeq,SRP346777,PRJNA781615,SRS15251986,SAMN31036827,35_16S,Green turtle juvenile cloacal swab,Bacteria,Proteobacteria,Gammaproteobacteria,Alteromonadales,Shewanellaceae,Shewanella,Shewanella_sp.
MH179119.1.1207,SRR21726040,0.003896705,377927131,499,134,SRX17721941,29_16S,Illumina MiSeq,SRP346777,PRJNA781615,SRS15251965,SAMN31036821,29_16S,Green turtle juvenile cloacal swab,Bacteria,Proteobacteria,Gammaproteobacteria,Burkholderiales,Alcaligenaceae,Achromobacter,Azospirillum_brasilense
EF092162.1.1334,SRR21726020,0.003895355,305472186,499,108,SRX17721961,34_16S,Illumina MiSeq,SRP346777,PRJNA781615,SRS15251985,SAMN31036826,34_16S,Green turtle juvenile cloacal swab,Bacteria,Proteobacteria,Gammaproteobacteria,Gammaproteobacteria_Incertae_Sedis,Unknown_Family,Marinicella,uncultured_gamma
JQ211758.1.1348,SRR21726022,0.003859021,341290243,500,113,SRX17721959,32_16S,Illumina MiSeq,SRP346777,PRJNA781615,SRS15251983,SAMN31036824,32_16S,Green turtle juvenile esophageal swab,Bacteria,Bacteroidota,Bacteroidia,Flavobacteriales,Flavobacteriaceae,Tenacibaculum,uncultured_bacterium
JF514217.1.1498,SRR21726020,0.00384082,305472186,499,108,SRX17721961,34_16S,Illumina MiSeq,SRP346777,PRJNA781615,SRS15251985,SAMN31036826,34_16S,Green turtle juvenile cloacal swab,Bacteria,Proteobacteria,Gammaproteobacteria,Arenicellales,Arenicellaceae,Arenicella,uncultured_bacterium
LN565045.1.1323,SRR21726021,0.003808432,345478090,500,115,SRX17721960,33_16S,Illumina MiSeq,SRP346777,PRJNA781615,SRS15251984,SAMN31036825,33_16S,Green turtle juvenile esophageal swab,Bacteria,Patescibacteria,Saccharimonadia,Saccharimonadales,Saccharimonadaceae,Candidatus_Saccharimonas,uncultured_bacterium
KT767981.1.1420,SRR21726049,0.003786758,398448802,499,134,SRX17721932,38_16S,Illumina MiSeq,SRP346777,PRJNA781615,SRS15251956,SAMN31036830,38_16S,Green turtle juvenile cloacal swab,Bacteria,Desulfobacterota,Desulfovibrionia,Desulfovibrionales,Desulfovibrionaceae,Desulfovibrio,Desulfovibrio_senegalensis
JF769629.1.1483,SRR21726049,0.003780841,398448802,499,134,SRX17721932,38_16S,Illumina MiSeq,SRP346777,PRJNA781615,SRS15251956,SAMN31036830,38_16S,Green turtle juvenile cloacal swab,Bacteria,Chloroflexi,Anaerolineae,Ardenticatenales,uncultured,uncultured,uncultured_bacterium
CP018352.2163071.2164353,SRR21726040,0.003768945,377927131,499,134,SRX17721941,29_16S,Illumina MiSeq,SRP346777,PRJNA781615,SRS15251965,SAMN31036821,29_16S,Green turtle juvenile cloacal swab,Bacteria,Proteobacteria,Gammaproteobacteria,Enterobacterales,Enterobacteriaceae,Klebsiella,Klebsiella_pneumoniae
JF769600.1.1503,SRR21726049,0.003733507,398448802,499,134,SRX17721932,38_16S,Illumina MiSeq,SRP346777,PRJNA781615,SRS15251956,SAMN31036830,38_16S,Green turtle juvenile cloacal swab,Bacteria,Bdellovibrionota,Bdellovibrionia,Bdellovibrionales,Bdellovibrionaceae,Bdellovibrio,uncultured_bacterium
KP299857.1.1430,SRR21726023,0.003721153,340042833,498,113,SRX17721958,31_16S,Illumina MiSeq,SRP346777,PRJNA781615,SRS15251982,SAMN31036823,31_16S,Green turtle hatchling intestine sample,Bacteria,Proteobacteria,Alphaproteobacteria,Rhodobacterales,Rhodobacteraceae,Actibacterium,uncultured_bacterium
KX097276.1.1481,SRR21726048,0.003712427,339853596,500,116,SRX17721933,39_16S,Illumina MiSeq,SRP346777,PRJNA781615,SRS15251957,SAMN31036831,39_16S,Green turtle juvenile esophageal swab,Bacteria,Bacteroidota,Bacteroidia,Flavobacteriales,Flavobacteriaceae,Lutibacter,uncultured_bacterium
JF272109.1.1486,SRR21726020,0.003708378,305472186,499,108,SRX17721961,34_16S,Illumina MiSeq,SRP346777,PRJNA781615,SRS15251985,SAMN31036826,34_16S,Green turtle juvenile cloacal swab,Bacteria,Bacteroidota,Bacteroidia,Chitinophagales,Saprospiraceae,Lewinella,uncultured_bacterium
KC000319.1.1289,SRR21726023,0.003705681,340042833,498,113,SRX17721958,31_16S,Illumina MiSeq,SRP346777,PRJNA781615,SRS15251982,SAMN31036823,31_16S,Green turtle hatchling intestine sample,Bacteria,Proteobacteria,Alphaproteobacteria,Rhodobacterales,Rhodobacteraceae,Pseudaestuariivita,unidentified_marine
FJ202500.1.1467,SRR21726049,0.003698006,398448802,499,134,SRX17721932,38_16S,Illumina MiSeq,SRP346777,PRJNA781615,SRS15251956,SAMN31036830,38_16S,Green turtle juvenile cloacal swab,Bacteria,Bacteroidota,Bacteroidia,Flavobacteriales,Flavobacteriaceae,Winogradskyella,uncultured_bacterium
LN560930.1.1379,SRR21726051,0.003694158,345760543,484,123,SRX17721930,28_16S,Illumina MiSeq,SRP346777,PRJNA781615,SRS15251954,SAMN31036820,28_16S,Green turtle juvenile cloacal swab,Bacteria,Proteobacteria,Gammaproteobacteria,Pseudomonadales,Pseudomonadaceae,Pseudomonas,uncultured_bacterium
KP895816.1.1405,SRR21726051,0.003680822,345760543,484,123,SRX17721930,28_16S,Illumina MiSeq,SRP346777,PRJNA781615,SRS15251954,SAMN31036820,28_16S,Green turtle juvenile cloacal swab,Bacteria,Bacteroidota,Bacteroidia,Chitinophagales,Chitinophagaceae,Pseudoflavitalea,Niastella_sp.
KJ806242.1.1339,SRR21726051,0.003674154,345760543,484,123,SRX17721930,28_16S,Illumina MiSeq,SRP346777,PRJNA781615,SRS15251954,SAMN31036820,28_16S,Green turtle juvenile cloacal swab,Bacteria,Actinobacteriota,Actinobacteria,Micrococcales,Microbacteriaceae,Agromyces,Agromyces_mediolanus
GU195653.1.1432,SRR21726044,0.003640243,355385245,500,127,SRX17721937,43_16S,Illumina MiSeq,SRP346777,PRJNA781615,SRS15251961,SAMN31036835,43_16S,Green turtle hatchling intestine sample,Bacteria,Firmicutes,Clostridia,Lachnospirales,Lachnospiraceae,Lachnoclostridium,Clostridium_sp.
GU234951.1.1387,SRR21726018,0.003628823,252048132,500,102,SRX17721963,36_16S,Illumina MiSeq,SRP346777,PRJNA781615,SRS15251987,SAMN31036828,36_16S,Green turtle juvenile esophageal swab,Bacteria,Bdellovibrionota,Bdellovibrionia,Bacteriovoracales,Bacteriovoracaceae,Peredibacter,uncultured_marine
JQ194064.1.1337,SRR21726018,0.003628823,252048132,500,102,SRX17721963,36_16S,Illumina MiSeq,SRP346777,PRJNA781615,SRS15251987,SAMN31036828,36_16S,Green turtle juvenile esophageal swab,Bacteria,Campilobacterota,Campylobacteria,Campylobacterales,Campylobacteraceae,Campylobacter,uncultured_bacterium
KR091949.1.1419,SRR21726040,0.003617229,377927131,499,134,SRX17721941,29_16S,Illumina MiSeq,SRP346777,PRJNA781615,SRS15251965,SAMN31036821,29_16S,Green turtle juvenile cloacal swab,Bacteria,Proteobacteria,Alphaproteobacteria,Rhizobiales,Rhizobiaceae,Pseudochrobactrum,Pseudochrobactrum_sp.
JF272178.1.1423,SRR21726019,0.00361336,338063986,499,119,SRX17721962,35_16S,Illumina MiSeq,SRP346777,PRJNA781615,SRS15251986,SAMN31036827,35_16S,Green turtle juvenile cloacal swab,Bacteria,Proteobacteria,Alphaproteobacteria,Rhodobacterales,Rhodobacteraceae,Thalassobius,uncultured_bacterium
JQ211715.1.1350,SRR21726029,0.003590792,383977850,499,131,SRX17721952,30_16S,Illumina MiSeq,SRP346777,PRJNA781615,SRS15251976,SAMN31036822,30_16S,Green turtle hatchling stomach sample,Bacteria,Bacteroidota,Bacteroidia,Chitinophagales,uncultured,uncultured,uncultured_bacterium
JQ213442.1.1362,SRR21726029,0.0035829,383977850,499,131,SRX17721952,30_16S,Illumina MiSeq,SRP346777,PRJNA781615,SRS15251976,SAMN31036822,30_16S,Green turtle hatchling stomach sample,Bacteria,Desulfobacterota,Desulfobulbia,Desulfobulbales,Desulfocapsaceae,Desulforhopalus,uncultured_bacterium
MH938104.1.1373,SRR21726043,0.003523493,331464093,470,111,SRX17721938,44_16S,Illumina MiSeq,SRP346777,PRJNA781615,SRS15251963,SAMN31036836,44_16S,Green turtle hatchling stomach sample,Bacteria,Proteobacteria,Alphaproteobacteria,Rhodobacterales,Rhodobacteraceae,Paracoccus,uncultured_bacterium
EU531805.1.1258,SRR21726051,0.003504116,345760543,484,123,SRX17721930,28_16S,Illumina MiSeq,SRP346777,PRJNA781615,SRS15251954,SAMN31036820,28_16S,Green turtle juvenile cloacal swab,Bacteria,Proteobacteria,Gammaproteobacteria,Pseudomonadales,Pseudomonadaceae,Pseudomonas,Pseudomonas_oleovorans
DQ667965.1.1416,SRR21726020,0.003498029,305472186,499,108,SRX17721961,34_16S,Illumina MiSeq,SRP346777,PRJNA781615,SRS15251985,SAMN31036826,34_16S,Green turtle juvenile cloacal swab,Bacteria,Proteobacteria,Alphaproteobacteria,Rhodobacterales,Rhodobacteraceae,Donghicola,Donghicola_eburneus
MG889588.1.1461,SRR21726023,0.003496801,340042833,498,113,SRX17721958,31_16S,Illumina MiSeq,SRP346777,PRJNA781615,SRS15251982,SAMN31036823,31_16S,Green turtle hatchling intestine sample,Bacteria,Proteobacteria,Gammaproteobacteria,Oceanospirillales,Kangiellaceae,Kangiella,Kangiella_sp.
KP114218.1.1362,SRR21726020,0.003482448,305472186,499,108,SRX17721961,34_16S,Illumina MiSeq,SRP346777,PRJNA781615,SRS15251985,SAMN31036826,34_16S,Green turtle juvenile cloacal swab,Bacteria,Actinobacteriota,Actinobacteria,Corynebacteriales,Dietziaceae,Dietzia,Dietzia_sp.
JQ215863.1.1346,SRR21726050,0.003475452,328771667,500,110,SRX17721931,37_16S,Illumina MiSeq,SRP346777,PRJNA781615,SRS15251955,SAMN31036829,37_16S,Green turtle juvenile esophageal swab,Bacteria,Campilobacterota,Campylobacteria,Campylobacterales,Arcobacteraceae,Halarcobacter,uncultured_bacterium
JQ212890.1.1331,SRR21726048,0.003472915,339853596,500,116,SRX17721933,39_16S,Illumina MiSeq,SRP346777,PRJNA781615,SRS15251957,SAMN31036831,39_16S,Green turtle juvenile esophageal swab,Bacteria,Campilobacterota,Campylobacteria,Campylobacterales,Rs-M59_termite_group,Rs-M59_termite_group,uncultured_bacterium
JQ958859.1.1271,SRR21726043,0.003445366,331464093,470,111,SRX17721938,44_16S,Illumina MiSeq,SRP346777,PRJNA781615,SRS15251963,SAMN31036836,44_16S,Green turtle hatchling stomach sample,Bacteria,Actinobacteriota,Actinobacteria,Micrococcales,Microbacteriaceae,Microbacterium,Microbacterium_esteraromaticum
JQ665385.1.1228,SRR21726020,0.00340454,305472186,499,108,SRX17721961,34_16S,Illumina MiSeq,SRP346777,PRJNA781615,SRS15251985,SAMN31036826,34_16S,Green turtle juvenile cloacal swab,Bacteria,Proteobacteria,Gammaproteobacteria,Vibrionales,Vibrionaceae,Vibrio,Vibrio_harveyi
JQ209006.1.1358,SRR21726023,0.003365284,340042833,498,113,SRX17721958,31_16S,Illumina MiSeq,SRP346777,PRJNA781615,SRS15251982,SAMN31036823,31_16S,Green turtle hatchling intestine sample,Bacteria,Proteobacteria,Gammaproteobacteria,Cellvibrionales,Halieaceae,Halioglobus,uncultured_bacterium
KT596062.1.1478,SRR21726020,0.003357796,305472186,499,108,SRX17721961,34_16S,Illumina MiSeq,SRP346777,PRJNA781615,SRS15251985,SAMN31036826,34_16S,Green turtle juvenile cloacal swab,Bacteria,Proteobacteria,Alphaproteobacteria,Rhizobiales,Stappiaceae,Labrenzia,Labrenzia_sp.
JX489912.1.1468,SRR21726029,0.003322469,383977850,499,131,SRX17721952,30_16S,Illumina MiSeq,SRP346777,PRJNA781615,SRS15251976,SAMN31036822,30_16S,Green turtle hatchling stomach sample,Bacteria,Bacteroidota,Bacteroidia,Cytophagales,Cytophagaceae,Rhodocytophaga,uncultured_soil
KT596062.1.1478,SRR21726023,0.00331113,340042833,498,113,SRX17721958,31_16S,Illumina MiSeq,SRP346777,PRJNA781615,SRS15251982,SAMN31036823,31_16S,Green turtle hatchling intestine sample,Bacteria,Proteobacteria,Alphaproteobacteria,Rhizobiales,Stappiaceae,Labrenzia,Labrenzia_sp.
JN398127.1.1455,SRR21726023,0.003303394,340042833,498,113,SRX17721958,31_16S,Illumina MiSeq,SRP346777,PRJNA781615,SRS15251982,SAMN31036823,31_16S,Green turtle hatchling intestine sample,Bacteria,Proteobacteria,Gammaproteobacteria,Burkholderiales,Comamonadaceae,Diaphorobacter,uncultured_bacterium
JX878996.1.1453,SRR21726023,0.003287921,340042833,498,113,SRX17721958,31_16S,Illumina MiSeq,SRP346777,PRJNA781615,SRS15251982,SAMN31036823,31_16S,Green turtle hatchling intestine sample,Bacteria,Proteobacteria,Gammaproteobacteria,Cellvibrionales,Cellvibrionaceae,Agaribacterium,uncultured_bacterium
JQ215638.1.1350,SRR21726021,0.003269185,345478090,500,115,SRX17721960,33_16S,Illumina MiSeq,SRP346777,PRJNA781615,SRS15251984,SAMN31036825,33_16S,Green turtle juvenile esophageal swab,Bacteria,Bacteroidota,Bacteroidia,Flavobacteriales,Flavobacteriaceae,Maritimimonas,uncultured_bacterium
KY770281.1.1343,SRR21726022,0.003242751,341290243,500,113,SRX17721959,32_16S,Illumina MiSeq,SRP346777,PRJNA781615,SRS15251983,SAMN31036824,32_16S,Green turtle juvenile esophageal swab,Bacteria,Proteobacteria,Alphaproteobacteria,Rhodobacterales,Rhodobacteraceae,Pelagibaca,Pelagibaca_sp.
GU118190.1.1390,SRR21726049,0.003206911,398448802,499,134,SRX17721932,38_16S,Illumina MiSeq,SRP346777,PRJNA781615,SRS15251956,SAMN31036830,38_16S,Green turtle juvenile cloacal swab,Bacteria,Proteobacteria,Alphaproteobacteria,Rhodobacterales,Rhodobacteraceae,Silicimonas,uncultured_bacterium
DQ906716.1.1506,SRR21726022,0.003184059,341290243,500,113,SRX17721959,32_16S,Illumina MiSeq,SRP346777,PRJNA781615,SRS15251983,SAMN31036824,32_16S,Green turtle juvenile esophageal swab,Bacteria,Bacteroidota,Bacteroidia,Bacteroidales,Bacteroidaceae,Bacteroides,uncultured_marine
HM016087.1.1482,SRR21726044,0.003172345,355385245,500,127,SRX17721937,43_16S,Illumina MiSeq,SRP346777,PRJNA781615,SRS15251961,SAMN31036835,43_16S,Green turtle hatchling intestine sample,Bacteria,Proteobacteria,Gammaproteobacteria,Alteromonadales,Shewanellaceae,Shewanella,Shewanella_algae
KJ806242.1.1339,SRR21726040,0.003162081,377927131,499,134,SRX17721941,29_16S,Illumina MiSeq,SRP346777,PRJNA781615,SRS15251965,SAMN31036821,29_16S,Green turtle juvenile cloacal swab,Bacteria,Actinobacteriota,Actinobacteria,Micrococcales,Microbacteriaceae,Agromyces,Agromyces_mediolanus
LT630003.3420126.3421661,SRR21726043,0.003140674,331464093,470,111,SRX17721938,44_16S,Illumina MiSeq,SRP346777,PRJNA781615,SRS15251963,SAMN31036836,44_16S,Green turtle hatchling stomach sample,Bacteria,Firmicutes,Clostridia,Lachnospirales,Lachnospiraceae,Lachnoclostridium,[Clostridium]_sphenoides
KR091949.1.1419,SRR21726051,0.003117363,345760543,484,123,SRX17721930,28_16S,Illumina MiSeq,SRP346777,PRJNA781615,SRS15251954,SAMN31036820,28_16S,Green turtle juvenile cloacal swab,Bacteria,Proteobacteria,Alphaproteobacteria,Rhizobiales,Rhizobiaceae,Pseudochrobactrum,Pseudochrobactrum_sp.
JQ209006.1.1358,SRR21726029,0.003117281,383977850,499,131,SRX17721952,30_16S,Illumina MiSeq,SRP346777,PRJNA781615,SRS15251976,SAMN31036822,30_16S,Green turtle hatchling stomach sample,Bacteria,Proteobacteria,Gammaproteobacteria,Cellvibrionales,Halieaceae,Halioglobus,uncultured_bacterium
KR108283.1.1462,SRR21726029,0.003117281,383977850,499,131,SRX17721952,30_16S,Illumina MiSeq,SRP346777,PRJNA781615,SRS15251976,SAMN31036822,30_16S,Green turtle hatchling stomach sample,Bacteria,Bacteroidota,Rhodothermia,Rhodothermales,Rhodothermaceae,Rubrivirga,Rubrivirga_profundi
FJ562179.1.1230,SRR21726043,0.003109424,331464093,470,111,SRX17721938,44_16S,Illumina MiSeq,SRP346777,PRJNA781615,SRS15251963,SAMN31036836,44_16S,Green turtle hatchling stomach sample,Bacteria,Proteobacteria,Gammaproteobacteria,Pseudomonadales,Moraxellaceae,Acinetobacter,uncultured_bacterium
DQ269109.1.1317,SRR21726023,0.00310225,340042833,498,113,SRX17721958,31_16S,Illumina MiSeq,SRP346777,PRJNA781615,SRS15251982,SAMN31036823,31_16S,Green turtle hatchling intestine sample,Bacteria,Bacteroidota,Bacteroidia,Chitinophagales,Saprospiraceae,uncultured,uncultured_Bacteroidetes
KT266595.1.1504,SRR21726048,0.00307373,339853596,500,116,SRX17721933,39_16S,Illumina MiSeq,SRP346777,PRJNA781615,SRS15251957,SAMN31036831,39_16S,Green turtle juvenile esophageal swab,Bacteria,Desulfobacterota,Desulfobulbia,Desulfobulbales,Desulfocapsaceae,Desulforhopalus,Desulforhopalus_sp.
KF088555.1.1303,SRR21726043,0.003054735,331464093,470,111,SRX17721938,44_16S,Illumina MiSeq,SRP346777,PRJNA781615,SRS15251963,SAMN31036836,44_16S,Green turtle hatchling stomach sample,Bacteria,Actinobacteriota,Actinobacteria,Propionibacteriales,Propionibacteriaceae,Cutibacterium,uncultured_bacterium
KT266595.1.1504,SRR21726022,0.003052001,341290243,500,113,SRX17721959,32_16S,Illumina MiSeq,SRP346777,PRJNA781615,SRS15251983,SAMN31036824,32_16S,Green turtle juvenile esophageal swab,Bacteria,Desulfobacterota,Desulfobulbia,Desulfobulbales,Desulfocapsaceae,Desulforhopalus,Desulforhopalus_sp.
LN565045.1.1323,SRR21726046,0.003043593,264019405,500,87,SRX17721935,41_16S,Illumina MiSeq,SRP346777,PRJNA781615,SRS15251959,SAMN31036833,41_16S,Green turtle juvenile cloacal swab,Bacteria,Patescibacteria,Saccharimonadia,Saccharimonadales,Saccharimonadaceae,Candidatus_Saccharimonas,uncultured_bacterium
JN717168.1.1441,SRR21726029,0.003022579,383977850,499,131,SRX17721952,30_16S,Illumina MiSeq,SRP346777,PRJNA781615,SRS15251976,SAMN31036822,30_16S,Green turtle hatchling stomach sample,Bacteria,Proteobacteria,Alphaproteobacteria,Caulobacterales,Hyphomonadaceae,Litorimonas,uncultured_marine
JF514217.1.1498,SRR21726029,0.002983119,383977850,499,131,SRX17721952,30_16S,Illumina MiSeq,SRP346777,PRJNA781615,SRS15251976,SAMN31036822,30_16S,Green turtle hatchling stomach sample,Bacteria,Proteobacteria,Gammaproteobacteria,Arenicellales,Arenicellaceae,Arenicella,uncultured_bacterium
AB083432.1.1484,SRR21726019,0.002972765,338063986,499,119,SRX17721962,35_16S,Illumina MiSeq,SRP346777,PRJNA781615,SRS15251986,SAMN31036827,35_16S,Green turtle juvenile cloacal swab,Bacteria,Myxococcota,Polyangia,Nannocystales,Nannocystaceae,Plesiocystis,Plesiocystis_pacifica
LN561156.1.1358,SRR21726048,0.002953974,339853596,500,116,SRX17721933,39_16S,Illumina MiSeq,SRP346777,PRJNA781615,SRS15251957,SAMN31036831,39_16S,Green turtle juvenile esophageal swab,Bacteria,Patescibacteria,Saccharimonadia,Saccharimonadales,Saccharimonadaceae,Saccharimonadaceae,uncultured_bacterium
GU201986.1.1485,SRR21726049,0.002940654,398448802,499,134,SRX17721932,38_16S,Illumina MiSeq,SRP346777,PRJNA781615,SRS15251956,SAMN31036830,38_16S,Green turtle juvenile cloacal swab,Bacteria,Bacteroidota,Bacteroidia,Flavobacteriales,Weeksellaceae,uncultured,uncultured_bacterium
GU451493.1.1241,SRR21726023,0.002932052,340042833,498,113,SRX17721958,31_16S,Illumina MiSeq,SRP346777,PRJNA781615,SRS15251982,SAMN31036823,31_16S,Green turtle hatchling intestine sample,Bacteria,Bacteroidota,Bacteroidia,Chitinophagales,Saprospiraceae,uncultured,uncultured_bacterium
HQ857694.1.1484,SRR21726023,0.002885634,340042833,498,113,SRX17721958,31_16S,Illumina MiSeq,SRP346777,PRJNA781615,SRS15251982,SAMN31036823,31_16S,Green turtle hatchling intestine sample,Bacteria,Actinobacteriota,Acidimicrobiia,Microtrichales,Ilumatobacteraceae,Ilumatobacter,uncultured_actinobacterium
EF092162.1.1334,SRR21726019,0.002862662,338063986,499,119,SRX17721962,35_16S,Illumina MiSeq,SRP346777,PRJNA781615,SRS15251986,SAMN31036827,35_16S,Green turtle juvenile cloacal swab,Bacteria,Proteobacteria,Gammaproteobacteria,Gammaproteobacteria_Incertae_Sedis,Unknown_Family,Marinicella,uncultured_gamma
KU578507.1.1366,SRR21726023,0.002862426,340042833,498,113,SRX17721958,31_16S,Illumina MiSeq,SRP346777,PRJNA781615,SRS15251982,SAMN31036823,31_16S,Green turtle hatchling intestine sample,Bacteria,Actinobacteriota,Acidimicrobiia,Microtrichales,Ilumatobacteraceae,Ilumatobacter,uncultured_bacterium
KY770575.1.1374,SRR21726023,0.002862426,340042833,498,113,SRX17721958,31_16S,Illumina MiSeq,SRP346777,PRJNA781615,SRS15251982,SAMN31036823,31_16S,Green turtle hatchling intestine sample,Bacteria,Proteobacteria,Alphaproteobacteria,Rhodobacterales,Rhodobacteraceae,Marivita,Marivita_sp.
JF769629.1.1483,SRR21726020,0.002843609,305472186,499,108,SRX17721961,34_16S,Illumina MiSeq,SRP346777,PRJNA781615,SRS15251985,SAMN31036826,34_16S,Green turtle juvenile cloacal swab,Bacteria,Chloroflexi,Anaerolineae,Ardenticatenales,uncultured,uncultured,uncultured_bacterium
JF769629.1.1483,SRR21726019,0.002842644,338063986,499,119,SRX17721962,35_16S,Illumina MiSeq,SRP346777,PRJNA781615,SRS15251986,SAMN31036827,35_16S,Green turtle juvenile cloacal swab,Bacteria,Chloroflexi,Anaerolineae,Ardenticatenales,uncultured,uncultured,uncultured_bacterium
JQ195094.1.1286,SRR21726029,0.002825282,383977850,499,131,SRX17721952,30_16S,Illumina MiSeq,SRP346777,PRJNA781615,SRS15251976,SAMN31036822,30_16S,Green turtle hatchling stomach sample,Bacteria,Proteobacteria,Alphaproteobacteria,Rhodobacterales,Rhodobacteraceae,Octadecabacter,uncultured_bacterium
JQ214916.1.1301,SRR21726043,0.002812544,331464093,470,111,SRX17721938,44_16S,Illumina MiSeq,SRP346777,PRJNA781615,SRS15251963,SAMN31036836,44_16S,Green turtle hatchling stomach sample,Bacteria,Patescibacteria,Saccharimonadia,Saccharimonadales,Saccharimonadales,Saccharimonadales,uncultured_bacterium
JQ579738.1.1501,SRR21726020,0.002812446,305472186,499,108,SRX17721961,34_16S,Illumina MiSeq,SRP346777,PRJNA781615,SRS15251985,SAMN31036826,34_16S,Green turtle juvenile cloacal swab,Bacteria,Proteobacteria,Gammaproteobacteria,Thiotrichales,Thiotrichaceae,Cocleimonas,uncultured_gamma
JF272178.1.1423,SRR21726020,0.002804656,305472186,499,108,SRX17721961,34_16S,Illumina MiSeq,SRP346777,PRJNA781615,SRS15251985,SAMN31036826,34_16S,Green turtle juvenile cloacal swab,Bacteria,Proteobacteria,Alphaproteobacteria,Rhodobacterales,Rhodobacteraceae,Thalassobius,uncultured_bacterium
JQ213752.1.1353,SRR21726048,0.0027943,339853596,500,116,SRX17721933,39_16S,Illumina MiSeq,SRP346777,PRJNA781615,SRS15251957,SAMN31036831,39_16S,Green turtle juvenile esophageal swab,Bacteria,Bacteroidota,Bacteroidia,Bacteroidetes_VC2.1_Bac22,Bacteroidetes_VC2.1_Bac22,Bacteroidetes_VC2.1_Bac22,uncultured_bacterium
DQ234222.1.1568,SRR21726029,0.002785823,383977850,499,131,SRX17721952,30_16S,Illumina MiSeq,SRP346777,PRJNA781615,SRS15251976,SAMN31036822,30_16S,Green turtle hatchling stomach sample,Bacteria,Proteobacteria,Gammaproteobacteria,Burkholderiales,Comamonadaceae,RS62_marine_group,uncultured_Comamonadaceae
U12254.1.1516,SRR21726022,0.002773213,341290243,500,113,SRX17721959,32_16S,Illumina MiSeq,SRP346777,PRJNA781615,SRS15251983,SAMN31036824,32_16S,Green turtle juvenile esophageal swab,Bacteria,Desulfobacterota,Desulfobacteria,Desulfobacterales,Desulfobacteraceae,Desulfobacter,Desulfobacter_vibrioformis
JQ665385.1.1228,SRR21726023,0.002761854,340042833,498,113,SRX17721958,31_16S,Illumina MiSeq,SRP346777,PRJNA781615,SRS15251982,SAMN31036823,31_16S,Green turtle hatchling intestine sample,Bacteria,Proteobacteria,Gammaproteobacteria,Vibrionales,Vibrionaceae,Vibrio,Vibrio_harveyi
AB679997.1.1468,SRR21726043,0.002757856,331464093,470,111,SRX17721938,44_16S,Illumina MiSeq,SRP346777,PRJNA781615,SRS15251963,SAMN31036836,44_16S,Green turtle hatchling stomach sample,Bacteria,Proteobacteria,Gammaproteobacteria,Enterobacterales,Morganellaceae,Proteus,Proteus_vulgaris
AY442178.1.1386,SRR21726020,0.00274233,305472186,499,108,SRX17721961,34_16S,Illumina MiSeq,SRP346777,PRJNA781615,SRS15251985,SAMN31036826,34_16S,Green turtle juvenile cloacal swab,Bacteria,Proteobacteria,Alphaproteobacteria,Rhodobacterales,Rhodobacteraceae,Thalassobius,Shimia_aestuarii
GQ245902.1.1404,SRR21726020,0.00274233,305472186,499,108,SRX17721961,34_16S,Illumina MiSeq,SRP346777,PRJNA781615,SRS15251985,SAMN31036826,34_16S,Green turtle juvenile cloacal swab,Bacteria,Campilobacterota,Campylobacteria,Campylobacterales,Arcobacteraceae,uncultured,Arcobacter_sp.
MG438536.1.1492,SRR21726043,0.00274223,331464093,470,111,SRX17721938,44_16S,Illumina MiSeq,SRP346777,PRJNA781615,SRS15251963,SAMN31036836,44_16S,Green turtle hatchling stomach sample,Bacteria,Actinobacteriota,Actinobacteria,Micrococcales,Microbacteriaceae,Leucobacter,Leucobacter_sp.
KF623102.1.1371,SRR21726040,0.002730888,377927131,499,134,SRX17721941,29_16S,Illumina MiSeq,SRP346777,PRJNA781615,SRS15251965,SAMN31036821,29_16S,Green turtle juvenile cloacal swab,Bacteria,Proteobacteria,Gammaproteobacteria,Enterobacterales,Enterobacteriaceae,Klebsiella,Klebsiella_sp.
KF064255.1.1326,SRR21726018,0.002721617,252048132,500,102,SRX17721963,36_16S,Illumina MiSeq,SRP346777,PRJNA781615,SRS15251987,SAMN31036828,36_16S,Green turtle juvenile esophageal swab,Bacteria,Actinobacteriota,Actinobacteria,Propionibacteriales,Propionibacteriaceae,Propioniciclava,uncultured_bacterium
KT799837.1.1507,SRR21726018,0.002721617,252048132,500,102,SRX17721963,36_16S,Illumina MiSeq,SRP346777,PRJNA781615,SRS15251987,SAMN31036828,36_16S,Green turtle juvenile esophageal swab,Bacteria,Fusobacteriota,Fusobacteriia,Fusobacteriales,Fusobacteriaceae,Fusobacterium,Fusobacteriaceae_bacterium
JQ212191.1.1350,SRR21726020,0.002695586,305472186,499,108,SRX17721961,34_16S,Illumina MiSeq,SRP346777,PRJNA781615,SRS15251985,SAMN31036826,34_16S,Green turtle juvenile cloacal swab,Bacteria,Firmicutes,Clostridia,Peptostreptococcales-Tissierellales,Fusibacteraceae,Fusibacter,uncultured_bacterium
JQ665385.1.1228,SRR21726019,0.002682495,338063986,499,119,SRX17721962,35_16S,Illumina MiSeq,SRP346777,PRJNA781615,SRS15251986,SAMN31036827,35_16S,Green turtle juvenile cloacal swab,Bacteria,Proteobacteria,Gammaproteobacteria,Vibrionales,Vibrionaceae,Vibrio,Vibrio_harveyi
CU919413.60.1396,SRR21726043,0.002664104,331464093,470,111,SRX17721938,44_16S,Illumina MiSeq,SRP346777,PRJNA781615,SRS15251963,SAMN31036836,44_16S,Green turtle hatchling stomach sample,Bacteria,Proteobacteria,Alphaproteobacteria,Rhizobiales,Rhizobiaceae,Allorhizobium-Neorhizobium-Pararhizobium-Rhizobium,uncultured_bacterium
JQ579738.1.1501,SRR21726029,0.002659553,383977850,499,131,SRX17721952,30_16S,Illumina MiSeq,SRP346777,PRJNA781615,SRS15251976,SAMN31036822,30_16S,Green turtle hatchling stomach sample,Bacteria,Proteobacteria,Gammaproteobacteria,Thiotrichales,Thiotrichaceae,Cocleimonas,uncultured_gamma
JQ194064.1.1337,SRR21726022,0.002655828,341290243,500,113,SRX17721959,32_16S,Illumina MiSeq,SRP346777,PRJNA781615,SRS15251983,SAMN31036824,32_16S,Green turtle juvenile esophageal swab,Bacteria,Campilobacterota,Campylobacteria,Campylobacterales,Campylobacteraceae,Campylobacter,uncultured_bacterium
KT799837.1.1507,SRR21726050,0.002643301,328771667,500,110,SRX17721931,37_16S,Illumina MiSeq,SRP346777,PRJNA781615,SRS15251955,SAMN31036829,37_16S,Green turtle juvenile esophageal swab,Bacteria,Fusobacteriota,Fusobacteriia,Fusobacteriales,Fusobacteriaceae,Fusobacterium,Fusobacteriaceae_bacterium
KX097276.1.1481,SRR21726050,0.002643301,328771667,500,110,SRX17721931,37_16S,Illumina MiSeq,SRP346777,PRJNA781615,SRS15251955,SAMN31036829,37_16S,Green turtle juvenile esophageal swab,Bacteria,Bacteroidota,Bacteroidia,Flavobacteriales,Flavobacteriaceae,Lutibacter,uncultured_bacterium
JQ214916.1.1301,SRR21726046,0.002610889,264019405,500,87,SRX17721935,41_16S,Illumina MiSeq,SRP346777,PRJNA781615,SRS15251959,SAMN31036833,41_16S,Green turtle juvenile cloacal swab,Bacteria,Patescibacteria,Saccharimonadia,Saccharimonadales,Saccharimonadales,Saccharimonadales,uncultured_bacterium
JQ210574.1.1350,SRR21726048,0.00251487,339853596,500,116,SRX17721933,39_16S,Illumina MiSeq,SRP346777,PRJNA781615,SRS15251957,SAMN31036831,39_16S,Green turtle juvenile esophageal swab,Bacteria,Firmicutes,Clostridia,Lachnospirales,Lachnospiraceae,uncultured,uncultured_bacterium
GU117926.1.1383,SRR21726023,0.002514293,340042833,498,113,SRX17721958,31_16S,Illumina MiSeq,SRP346777,PRJNA781615,SRS15251982,SAMN31036823,31_16S,Green turtle hatchling intestine sample,Bacteria,Proteobacteria,Alphaproteobacteria,Rhodobacterales,Rhodobacteraceae,Tateyamaria,uncultured_bacterium
JF272109.1.1486,SRR21726049,0.00250281,398448802,499,134,SRX17721932,38_16S,Illumina MiSeq,SRP346777,PRJNA781615,SRS15251956,SAMN31036830,38_16S,Green turtle juvenile cloacal swab,Bacteria,Bacteroidota,Bacteroidia,Chitinophagales,Saprospiraceae,Lewinella,uncultured_bacterium
KM347966.1.1440,SRR21726052,0.002502049,412561192,500,137,SRX17721929,27_16S,Illumina MiSeq,SRP346777,PRJNA781615,SRS15251953,SAMN31036819,27_16S,Green turtle juvenile esophageal swab,Bacteria,Proteobacteria,Alphaproteobacteria,Rhodobacterales,Rhodobacteraceae,Roseovarius,Roseovarius_antarcticus
FN179328.1.1322,SRR21726043,0.002500039,331464093,470,111,SRX17721938,44_16S,Illumina MiSeq,SRP346777,PRJNA781615,SRS15251963,SAMN31036836,44_16S,Green turtle hatchling stomach sample,Bacteria,Actinobacteriota,Actinobacteria,Corynebacteriales,Corynebacteriaceae,Corynebacterium,Corynebacterium_xerosis
CP011300.3158438.3159929,SRR21726040,0.002483351,377927131,499,134,SRX17721941,29_16S,Illumina MiSeq,SRP346777,PRJNA781615,SRS15251965,SAMN31036821,29_16S,Green turtle juvenile cloacal swab,Bacteria,Proteobacteria,Alphaproteobacteria,Rhizobiales,Devosiaceae,Youhaiella,Devosia_sp.
JF769629.1.1483,SRR21726046,0.002478878,264019405,500,87,SRX17721935,41_16S,Illumina MiSeq,SRP346777,PRJNA781615,SRS15251959,SAMN31036833,41_16S,Green turtle juvenile cloacal swab,Bacteria,Chloroflexi,Anaerolineae,Ardenticatenales,uncultured,uncultured,uncultured_bacterium
JN436172.1.1326,SRR21726048,0.002474951,339853596,500,116,SRX17721933,39_16S,Illumina MiSeq,SRP346777,PRJNA781615,SRS15251957,SAMN31036831,39_16S,Green turtle juvenile esophageal swab,Bacteria,Proteobacteria,Alphaproteobacteria,Rhodobacterales,Rhodobacteraceae,Donghicola,uncultured_organism
KP265956.1.1413,SRR21726020,0.002469655,305472186,499,108,SRX17721961,34_16S,Illumina MiSeq,SRP346777,PRJNA781615,SRS15251985,SAMN31036826,34_16S,Green turtle juvenile cloacal swab,Bacteria,Bacteroidota,Bacteroidia,Flavobacteriales,Flavobacteriaceae,Tenacibaculum,Cytophaga_sp.
JQ214916.1.1301,SRR21726020,0.002454074,305472186,499,108,SRX17721961,34_16S,Illumina MiSeq,SRP346777,PRJNA781615,SRS15251985,SAMN31036826,34_16S,Green turtle juvenile cloacal swab,Bacteria,Patescibacteria,Saccharimonadia,Saccharimonadales,Saccharimonadales,Saccharimonadales,uncultured_bacterium
CP011300.3158438.3159929,SRR21726051,0.002447213,345760543,484,123,SRX17721930,28_16S,Illumina MiSeq,SRP346777,PRJNA781615,SRS15251954,SAMN31036820,28_16S,Green turtle juvenile cloacal swab,Bacteria,Proteobacteria,Alphaproteobacteria,Rhizobiales,Devosiaceae,Youhaiella,Devosia_sp.
KJ588878.1.1203,SRR21726043,0.002445351,331464093,470,111,SRX17721938,44_16S,Illumina MiSeq,SRP346777,PRJNA781615,SRS15251963,SAMN31036836,44_16S,Green turtle hatchling stomach sample,Bacteria,Firmicutes,Bacilli,Bacillales,Bacillaceae,Bacillus,bacterium_BAB-3969
LM999900.1.1505,SRR21726019,0.002442271,338063986,499,119,SRX17721962,35_16S,Illumina MiSeq,SRP346777,PRJNA781615,SRS15251986,SAMN31036827,35_16S,Green turtle juvenile cloacal swab,Bacteria,Bacteroidota,Bacteroidia,Bacteroidales,Marinifilaceae,Marinifilum,Balneicella_halophila
MG571574.1.1434,SRR21726029,0.00243069,383977850,499,131,SRX17721952,30_16S,Illumina MiSeq,SRP346777,PRJNA781615,SRS15251976,SAMN31036822,30_16S,Green turtle hatchling stomach sample,Bacteria,Bacteroidota,Bacteroidia,Flavobacteriales,Flavobacteriaceae,Winogradskyella,Winogradskyella_sp.
GQ245902.1.1404,SRR21726029,0.002422798,383977850,499,131,SRX17721952,30_16S,Illumina MiSeq,SRP346777,PRJNA781615,SRS15251976,SAMN31036822,30_16S,Green turtle hatchling stomach sample,Bacteria,Campilobacterota,Campylobacteria,Campylobacterales,Arcobacteraceae,uncultured,Arcobacter_sp.
GU201986.1.1485,SRR21726019,0.002402234,338063986,499,119,SRX17721962,35_16S,Illumina MiSeq,SRP346777,PRJNA781615,SRS15251986,SAMN31036827,35_16S,Green turtle juvenile cloacal swab,Bacteria,Bacteroidota,Bacteroidia,Flavobacteriales,Weeksellaceae,uncultured,uncultured_bacterium
JF514259.1.1245,SRR21726029,0.002375447,383977850,499,131,SRX17721952,30_16S,Illumina MiSeq,SRP346777,PRJNA781615,SRS15251976,SAMN31036822,30_16S,Green turtle hatchling stomach sample,Bacteria,Proteobacteria,Alphaproteobacteria,Sphingomonadales,Sphingomonadaceae,uncultured,uncultured_bacterium
JQ213442.1.1362,SRR21726052,0.002372633,412561192,500,137,SRX17721929,27_16S,Illumina MiSeq,SRP346777,PRJNA781615,SRS15251953,SAMN31036819,27_16S,Green turtle juvenile esophageal swab,Bacteria,Desulfobacterota,Desulfobulbia,Desulfobulbales,Desulfocapsaceae,Desulforhopalus,uncultured_bacterium
FJ457349.1.1447,SRR21726023,0.002367303,340042833,498,113,SRX17721958,31_16S,Illumina MiSeq,SRP346777,PRJNA781615,SRS15251982,SAMN31036823,31_16S,Green turtle hatchling intestine sample,Bacteria,Proteobacteria,Gammaproteobacteria,Vibrionales,Vibrionaceae,Vibrio,Vibrio_sp.
AB180234.1.1396,SRR21726043,0.002359412,331464093,470,111,SRX17721938,44_16S,Illumina MiSeq,SRP346777,PRJNA781615,SRS15251963,SAMN31036836,44_16S,Green turtle hatchling stomach sample,Bacteria,Actinobacteriota,Actinobacteria,Micrococcales,Intrasporangiaceae,Janibacter,Janibacter_sp.
JQ408060.1.1299,SRR21726019,0.002342178,338063986,499,119,SRX17721962,35_16S,Illumina MiSeq,SRP346777,PRJNA781615,SRS15251986,SAMN31036827,35_16S,Green turtle juvenile cloacal swab,Bacteria,Chloroflexi,Anaerolineae,Ardenticatenales,Ardenticatenaceae,uncultured,uncultured_bacterium
KM347966.1.1440,SRR21726029,0.002328096,383977850,499,131,SRX17721952,30_16S,Illumina MiSeq,SRP346777,PRJNA781615,SRS15251976,SAMN31036822,30_16S,Green turtle hatchling stomach sample,Bacteria,Proteobacteria,Alphaproteobacteria,Rhodobacterales,Rhodobacteraceae,Roseovarius,Roseovarius_antarcticus
AY193154.1.1445,SRR21726049,0.002313473,398448802,499,134,SRX17721932,38_16S,Illumina MiSeq,SRP346777,PRJNA781615,SRS15251956,SAMN31036830,38_16S,Green turtle juvenile cloacal swab,Bacteria,Bacteroidota,Bacteroidia,Chitinophagales,Saprospiraceae,Lewinella,uncultured_Bacteroidetes
JQ210574.1.1350,SRR21726050,0.002300651,328771667,500,110,SRX17721931,37_16S,Illumina MiSeq,SRP346777,PRJNA781615,SRS15251955,SAMN31036829,37_16S,Green turtle juvenile esophageal swab,Bacteria,Firmicutes,Clostridia,Lachnospirales,Lachnospiraceae,uncultured,uncultured_bacterium
KR051030.1.1472,SRR21726043,0.002296911,331464093,470,111,SRX17721938,44_16S,Illumina MiSeq,SRP346777,PRJNA781615,SRS15251963,SAMN31036836,44_16S,Green turtle hatchling stomach sample,Bacteria,Proteobacteria,Gammaproteobacteria,Burkholderiales,Comamonadaceae,Diaphorobacter,Diaphorobacter_ruginosibacter
LN561156.1.1358,SRR21726020,0.002290469,305472186,499,108,SRX17721961,34_16S,Illumina MiSeq,SRP346777,PRJNA781615,SRS15251985,SAMN31036826,34_16S,Green turtle juvenile cloacal swab,Bacteria,Patescibacteria,Saccharimonadia,Saccharimonadales,Saccharimonadaceae,Saccharimonadaceae,uncultured_bacterium
AB540005.1.1369,SRR21726046,0.002273527,264019405,500,87,SRX17721935,41_16S,Illumina MiSeq,SRP346777,PRJNA781615,SRS15251959,SAMN31036833,41_16S,Green turtle juvenile cloacal swab,Bacteria,Bacteroidota,Bacteroidia,Cytophagales,Cyclobacteriaceae,Ekhidna,Flexibacteraceae_bacterium
KY655353.1.1207,SRR21726023,0.002266732,340042833,498,113,SRX17721958,31_16S,Illumina MiSeq,SRP346777,PRJNA781615,SRS15251982,SAMN31036823,31_16S,Green turtle hatchling intestine sample,Bacteria,Proteobacteria,Gammaproteobacteria,Alteromonadales,Alteromonadaceae,Alteromonas,Alteromonas_sp.
JQ215863.1.1346,SRR21726052,0.002243216,412561192,500,137,SRX17721929,27_16S,Illumina MiSeq,SRP346777,PRJNA781615,SRS15251953,SAMN31036819,27_16S,Green turtle juvenile esophageal swab,Bacteria,Campilobacterota,Campylobacteria,Campylobacterales,Arcobacteraceae,Halarcobacter,uncultured_bacterium
KY770281.1.1343,SRR21726048,0.00223544,339853596,500,116,SRX17721933,39_16S,Illumina MiSeq,SRP346777,PRJNA781615,SRS15251957,SAMN31036831,39_16S,Green turtle juvenile esophageal swab,Bacteria,Proteobacteria,Alphaproteobacteria,Rhodobacterales,Rhodobacteraceae,Pelagibaca,Pelagibaca_sp.
DQ298279.1.1381,SRR21726029,0.002225502,383977850,499,131,SRX17721952,30_16S,Illumina MiSeq,SRP346777,PRJNA781615,SRS15251976,SAMN31036822,30_16S,Green turtle hatchling stomach sample,Bacteria,Actinobacteriota,Actinobacteria,Propionibacteriales,Nocardioidaceae,Nocardioides,uncultured_bacterium
MG543793.1.1226,SRR21726043,0.002203159,331464093,470,111,SRX17721938,44_16S,Illumina MiSeq,SRP346777,PRJNA781615,SRS15251963,SAMN31036836,44_16S,Green turtle hatchling stomach sample,Bacteria,Actinobacteriota,Actinobacteria,Micrococcales,Micrococcaceae,Glutamicibacter,Glutamicibacter_nicotianae
JQ209006.1.1358,SRR21726052,0.002200078,412561192,500,137,SRX17721929,27_16S,Illumina MiSeq,SRP346777,PRJNA781615,SRS15251953,SAMN31036819,27_16S,Green turtle juvenile esophageal swab,Bacteria,Proteobacteria,Gammaproteobacteria,Cellvibrionales,Halieaceae,Halioglobus,uncultured_bacterium
KF699866.1.1418,SRR21726042,0.002191053,371802664,500,145,SRX17721939,45_16S,Illumina MiSeq,SRP346777,PRJNA781615,SRS15251962,SAMN31036837,45_16S,Green turtle hatchling intestine sample,Bacteria,Proteobacteria,Gammaproteobacteria,Aeromonadales,Aeromonadaceae,Aeromonas,Aeromonas_caviae
EU459194.1.1372,SRR21726043,0.002187534,331464093,470,111,SRX17721938,44_16S,Illumina MiSeq,SRP346777,PRJNA781615,SRS15251963,SAMN31036836,44_16S,Green turtle hatchling stomach sample,Bacteria,Firmicutes,Clostridia,Peptostreptococcales-Tissierellales,Peptostreptococcaceae,Terrisporobacter,uncultured_bacterium
DQ269084.1.1398,SRR21726019,0.00217202,338063986,499,119,SRX17721962,35_16S,Illumina MiSeq,SRP346777,PRJNA781615,SRS15251986,SAMN31036827,35_16S,Green turtle juvenile cloacal swab,Bacteria,Proteobacteria,Gammaproteobacteria,Arenicellales,Arenicellaceae,HTCC5015,uncultured_gamma
AB680451.1.1407,SRR21726043,0.002140658,331464093,470,111,SRX17721938,44_16S,Illumina MiSeq,SRP346777,PRJNA781615,SRS15251963,SAMN31036836,44_16S,Green turtle hatchling stomach sample,Bacteria,Proteobacteria,Alphaproteobacteria,Rhizobiales,Devosiaceae,Devosia,Devosia_riboflavina
EU873313.1.1441,SRR21726043,0.002101595,331464093,470,111,SRX17721938,44_16S,Illumina MiSeq,SRP346777,PRJNA781615,SRS15251963,SAMN31036836,44_16S,Green turtle hatchling stomach sample,Bacteria,Proteobacteria,Gammaproteobacteria,Burkholderiales,Alcaligenaceae,Castellaniella,Castellaniella_ginsengisoli
JQ212890.1.1331,SRR21726022,0.002098251,341290243,500,113,SRX17721959,32_16S,Illumina MiSeq,SRP346777,PRJNA781615,SRS15251983,SAMN31036824,32_16S,Green turtle juvenile esophageal swab,Bacteria,Campilobacterota,Campylobacteria,Campylobacterales,Rs-M59_termite_group,Rs-M59_termite_group,uncultured_bacterium
KU867842.1.1323,SRR21726043,0.002093783,331464093,470,111,SRX17721938,44_16S,Illumina MiSeq,SRP346777,PRJNA781615,SRS15251963,SAMN31036836,44_16S,Green turtle hatchling stomach sample,Bacteria,Bacteroidota,Bacteroidia,Sphingobacteriales,Sphingobacteriaceae,Sphingobacterium,Sphingobacterium_sp.
KR091949.1.1419,SRR21726043,0.002070345,331464093,470,111,SRX17721938,44_16S,Illumina MiSeq,SRP346777,PRJNA781615,SRS15251963,SAMN31036836,44_16S,Green turtle hatchling stomach sample,Bacteria,Proteobacteria,Alphaproteobacteria,Rhizobiales,Rhizobiaceae,Pseudochrobactrum,Pseudochrobactrum_sp.
JQ347351.1.1458,SRR21726049,0.002047216,398448802,499,134,SRX17721932,38_16S,Illumina MiSeq,SRP346777,PRJNA781615,SRS15251956,SAMN31036830,38_16S,Green turtle juvenile cloacal swab,Bacteria,Chloroflexi,Anaerolineae,SBR1031,A4b,A4b,uncultured_bacterium
KC009924.1.1486,SRR21726020,0.002010003,305472186,499,108,SRX17721961,34_16S,Illumina MiSeq,SRP346777,PRJNA781615,SRS15251985,SAMN31036826,34_16S,Green turtle juvenile cloacal swab,Bacteria,Proteobacteria,Gammaproteobacteria,Cellvibrionales,Porticoccaceae,Porticoccus,uncultured_Porticoccus
GQ043786.1.1343,SRR21726046,0.002002171,264019405,500,87,SRX17721935,41_16S,Illumina MiSeq,SRP346777,PRJNA781615,SRS15251959,SAMN31036833,41_16S,Green turtle juvenile cloacal swab,Bacteria,Actinobacteriota,Actinobacteria,Micrococcales,Intrasporangiaceae,Ornithinicoccus,uncultured_bacterium
KX173042.1.1456,SRR21726029,0.001988746,383977850,499,131,SRX17721952,30_16S,Illumina MiSeq,SRP346777,PRJNA781615,SRS15251976,SAMN31036822,30_16S,Green turtle hatchling stomach sample,Bacteria,Proteobacteria,Gammaproteobacteria,Cellvibrionales,Spongiibacteraceae,BD1-7_clade,uncultured_bacterium
KU533822.1.1490,SRR21726021,0.001988474,345478090,500,115,SRX17721960,33_16S,Illumina MiSeq,SRP346777,PRJNA781615,SRS15251984,SAMN31036825,33_16S,Green turtle juvenile esophageal swab,Bacteria,Bacteroidota,Bacteroidia,Bacteroidales,Bacteroidaceae,Bacteroides,Bacteroides_sp.4SWWS3-28
JN436172.1.1326,SRR21726046,0.001987503,264019405,500,87,SRX17721935,41_16S,Illumina MiSeq,SRP346777,PRJNA781615,SRS15251959,SAMN31036833,41_16S,Green turtle juvenile cloacal swab,Bacteria,Proteobacteria,Alphaproteobacteria,Rhodobacterales,Rhodobacteraceae,Donghicola,uncultured_organism
JQ212191.1.1350,SRR21726029,0.001980854,383977850,499,131,SRX17721952,30_16S,Illumina MiSeq,SRP346777,PRJNA781615,SRS15251976,SAMN31036822,30_16S,Green turtle hatchling stomach sample,Bacteria,Firmicutes,Clostridia,Peptostreptococcales-Tissierellales,Fusibacteraceae,Fusibacter,uncultured_bacterium
JN398127.1.1455,SRR21726043,0.001968781,331464093,470,111,SRX17721938,44_16S,Illumina MiSeq,SRP346777,PRJNA781615,SRS15251963,SAMN31036836,44_16S,Green turtle hatchling stomach sample,Bacteria,Proteobacteria,Gammaproteobacteria,Burkholderiales,Comamonadaceae,Diaphorobacter,uncultured_bacterium
AB272325.1.1207,SRR21726043,0.001960968,331464093,470,111,SRX17721938,44_16S,Illumina MiSeq,SRP346777,PRJNA781615,SRS15251963,SAMN31036836,44_16S,Green turtle hatchling stomach sample,Bacteria,Proteobacteria,Gammaproteobacteria,Burkholderiales,Alcaligenaceae,Alcaligenes,Alcaligenes_sp.
AB681556.1.1385,SRR21726043,0.001960968,331464093,470,111,SRX17721938,44_16S,Illumina MiSeq,SRP346777,PRJNA781615,SRS15251963,SAMN31036836,44_16S,Green turtle hatchling stomach sample,Bacteria,Proteobacteria,Alphaproteobacteria,Rhodobacterales,Rhodobacteraceae,Paracoccus,Paracoccus_sp.
JQ186004.1.1334,SRR21726019,0.001951815,338063986,499,119,SRX17721962,35_16S,Illumina MiSeq,SRP346777,PRJNA781615,SRS15251986,SAMN31036827,35_16S,Green turtle juvenile cloacal swab,Bacteria,Firmicutes,Clostridia,Clostridiales,Clostridiaceae,Clostridium_sensu_stricto_1,uncultured_bacterium
DQ234222.1.1568,SRR21726023,0.001949544,340042833,498,113,SRX17721958,31_16S,Illumina MiSeq,SRP346777,PRJNA781615,SRS15251982,SAMN31036823,31_16S,Green turtle hatchling intestine sample,Bacteria,Proteobacteria,Gammaproteobacteria,Burkholderiales,Comamonadaceae,RS62_marine_group,uncultured_Comamonadaceae
KF945098.1.1213,SRR21726051,0.001947102,345760543,484,123,SRX17721930,28_16S,Illumina MiSeq,SRP346777,PRJNA781615,SRS15251954,SAMN31036820,28_16S,Green turtle juvenile cloacal swab,Bacteria,Proteobacteria,Gammaproteobacteria,Enterobacterales,Morganellaceae,Morganella,uncultured_Morganella
DQ298760.1.1508,SRR21726045,0.001946422,293530160,484,103,SRX17721936,42_16S,Illumina MiSeq,SRP346777,PRJNA781615,SRS15251960,SAMN31036834,42_16S,Green turtle hatchling stomach sample,Bacteria,Bacteroidota,Bacteroidia,Flavobacteriales,Flavobacteriaceae,Flavobacterium,bacterium_3A13
KX173042.1.1456,SRR21726046,0.001921497,264019405,500,87,SRX17721935,41_16S,Illumina MiSeq,SRP346777,PRJNA781615,SRS15251959,SAMN31036833,41_16S,Green turtle juvenile cloacal swab,Bacteria,Proteobacteria,Gammaproteobacteria,Cellvibrionales,Spongiibacteraceae,BD1-7_clade,uncultured_bacterium
JF272178.1.1423,SRR21726049,0.001905213,398448802,499,134,SRX17721932,38_16S,Illumina MiSeq,SRP346777,PRJNA781615,SRS15251956,SAMN31036830,38_16S,Green turtle juvenile cloacal swab,Bacteria,Proteobacteria,Alphaproteobacteria,Rhodobacterales,Rhodobacteraceae,Thalassobius,uncultured_bacterium
JQ194064.1.1337,SRR21726023,0.001903126,340042833,498,113,SRX17721958,31_16S,Illumina MiSeq,SRP346777,PRJNA781615,SRS15251982,SAMN31036823,31_16S,Green turtle hatchling intestine sample,Bacteria,Campilobacterota,Campylobacteria,Campylobacterales,Campylobacteraceae,Campylobacter,uncultured_bacterium
LM999900.1.1505,SRR21726029,0.001901936,383977850,499,131,SRX17721952,30_16S,Illumina MiSeq,SRP346777,PRJNA781615,SRS15251976,SAMN31036822,30_16S,Green turtle hatchling stomach sample,Bacteria,Bacteroidota,Bacteroidia,Bacteroidales,Marinifilaceae,Marinifilum,Balneicella_halophila
KP299857.1.1430,SRR21726019,0.001901769,338063986,499,119,SRX17721962,35_16S,Illumina MiSeq,SRP346777,PRJNA781615,SRS15251986,SAMN31036827,35_16S,Green turtle juvenile cloacal swab,Bacteria,Proteobacteria,Alphaproteobacteria,Rhodobacterales,Rhodobacteraceae,Actibacterium,uncultured_bacterium
JQ665310.1.1443,SRR21726043,0.001898467,331464093,470,111,SRX17721938,44_16S,Illumina MiSeq,SRP346777,PRJNA781615,SRS15251963,SAMN31036836,44_16S,Green turtle hatchling stomach sample,Bacteria,Proteobacteria,Gammaproteobacteria,Vibrionales,Vibrionaceae,Vibrio,Vibrio_sinaloensis
JF514217.1.1498,SRR21726049,0.001887462,398448802,499,134,SRX17721932,38_16S,Illumina MiSeq,SRP346777,PRJNA781615,SRS15251956,SAMN31036830,38_16S,Green turtle juvenile cloacal swab,Bacteria,Proteobacteria,Gammaproteobacteria,Arenicellales,Arenicellaceae,Arenicella,uncultured_bacterium
EF092162.1.1334,SRR21726049,0.001881545,398448802,499,134,SRX17721932,38_16S,Illumina MiSeq,SRP346777,PRJNA781615,SRS15251956,SAMN31036830,38_16S,Green turtle juvenile cloacal swab,Bacteria,Proteobacteria,Gammaproteobacteria,Gammaproteobacteria_Incertae_Sedis,Unknown_Family,Marinicella,uncultured_gamma
JQ194064.1.1337,SRR21726048,0.001876173,339853596,500,116,SRX17721933,39_16S,Illumina MiSeq,SRP346777,PRJNA781615,SRS15251957,SAMN31036831,39_16S,Green turtle juvenile esophageal swab,Bacteria,Campilobacterota,Campylobacteria,Campylobacterales,Campylobacteraceae,Campylobacter,uncultured_bacterium
HM584720.1.1444,SRR21726020,0.00186198,305472186,499,108,SRX17721961,34_16S,Illumina MiSeq,SRP346777,PRJNA781615,SRS15251985,SAMN31036826,34_16S,Green turtle juvenile cloacal swab,Bacteria,Proteobacteria,Alphaproteobacteria,Rhizobiales,Stappiaceae,Labrenzia,Stappia_sp.
JN436172.1.1326,SRR21726050,0.001860101,328771667,500,110,SRX17721931,37_16S,Illumina MiSeq,SRP346777,PRJNA781615,SRS15251955,SAMN31036829,37_16S,Green turtle juvenile esophageal swab,Bacteria,Proteobacteria,Alphaproteobacteria,Rhodobacterales,Rhodobacteraceae,Donghicola,uncultured_organism
AB809161.1.1458,SRR21726029,0.001830909,383977850,499,131,SRX17721952,30_16S,Illumina MiSeq,SRP346777,PRJNA781615,SRS15251976,SAMN31036822,30_16S,Green turtle hatchling stomach sample,Bacteria,Proteobacteria,Gammaproteobacteria,Cellvibrionales,Cellvibrionaceae,Pseudomaricurvus,Pseudomaricurvus_alkylphenolicus
KC009924.1.1486,SRR21726023,0.001825763,340042833,498,113,SRX17721958,31_16S,Illumina MiSeq,SRP346777,PRJNA781615,SRS15251982,SAMN31036823,31_16S,Green turtle hatchling intestine sample,Bacteria,Proteobacteria,Gammaproteobacteria,Cellvibrionales,Porticoccaceae,Porticoccus,uncultured_Porticoccus
GU234951.1.1387,SRR21726052,0.001811829,412561192,500,137,SRX17721929,27_16S,Illumina MiSeq,SRP346777,PRJNA781615,SRS15251953,SAMN31036819,27_16S,Green turtle juvenile esophageal swab,Bacteria,Bdellovibrionota,Bdellovibrionia,Bacteriovoracales,Bacteriovoracaceae,Peredibacter,uncultured_marine
AM946570.1.1339,SRR21726051,0.001810404,345760543,484,123,SRX17721930,28_16S,Illumina MiSeq,SRP346777,PRJNA781615,SRS15251954,SAMN31036820,28_16S,Green turtle juvenile cloacal swab,Bacteria,Proteobacteria,Alphaproteobacteria,Rhizobiales,Rhizobiaceae,Ensifer,Ensifer_adhaerens
DQ985474.1.1247,SRR21726043,0.001796903,331464093,470,111,SRX17721938,44_16S,Illumina MiSeq,SRP346777,PRJNA781615,SRS15251963,SAMN31036836,44_16S,Green turtle hatchling stomach sample,Bacteria,Actinobacteriota,Actinobacteria,Propionibacteriales,Nocardioidaceae,Nocardioides,Nocardioides_sp.
EU289803.1.1334,SRR21726043,0.001796903,331464093,470,111,SRX17721938,44_16S,Illumina MiSeq,SRP346777,PRJNA781615,SRS15251963,SAMN31036836,44_16S,Green turtle hatchling stomach sample,Bacteria,Proteobacteria,Alphaproteobacteria,Rhodobacterales,Rhodobacteraceae,Gemmobacter,Gemmobacter_nanjingensis
GU117926.1.1383,SRR21726029,0.00179145,383977850,499,131,SRX17721952,30_16S,Illumina MiSeq,SRP346777,PRJNA781615,SRS15251976,SAMN31036822,30_16S,Green turtle hatchling stomach sample,Bacteria,Proteobacteria,Alphaproteobacteria,Rhodobacterales,Rhodobacteraceae,Tateyamaria,uncultured_bacterium
AM946570.1.1339,SRR21726040,0.001776674,377927131,499,134,SRX17721941,29_16S,Illumina MiSeq,SRP346777,PRJNA781615,SRS15251965,SAMN31036821,29_16S,Green turtle juvenile cloacal swab,Bacteria,Proteobacteria,Alphaproteobacteria,Rhizobiales,Rhizobiaceae,Ensifer,Ensifer_adhaerens
JQ209006.1.1358,SRR21726049,0.001775043,398448802,499,134,SRX17721932,38_16S,Illumina MiSeq,SRP346777,PRJNA781615,SRS15251956,SAMN31036830,38_16S,Green turtle juvenile cloacal swab,Bacteria,Proteobacteria,Gammaproteobacteria,Cellvibrionales,Halieaceae,Halioglobus,uncultured_bacterium
JQ579738.1.1501,SRR21726046,0.00176015,264019405,500,87,SRX17721935,41_16S,Illumina MiSeq,SRP346777,PRJNA781615,SRS15251959,SAMN31036833,41_16S,Green turtle juvenile cloacal swab,Bacteria,Proteobacteria,Gammaproteobacteria,Thiotrichales,Thiotrichaceae,Cocleimonas,uncultured_gamma
FN396713.1.1402,SRR21726023,0.001732928,340042833,498,113,SRX17721958,31_16S,Illumina MiSeq,SRP346777,PRJNA781615,SRS15251982,SAMN31036823,31_16S,Green turtle hatchling intestine sample,Bacteria,Actinobacteriota,Acidimicrobiia,Microtrichales,Ilumatobacteraceae,Ilumatobacter,uncultured_marine
KM374709.1.1218,SRR21726051,0.001713716,345760543,484,123,SRX17721930,28_16S,Illumina MiSeq,SRP346777,PRJNA781615,SRS15251954,SAMN31036820,28_16S,Green turtle juvenile cloacal swab,Bacteria,Proteobacteria,Gammaproteobacteria,Burkholderiales,Alcaligenaceae,Achromobacter,Achromobacter_spanius
JN717168.1.1441,SRR21726046,0.001708812,264019405,500,87,SRX17721935,41_16S,Illumina MiSeq,SRP346777,PRJNA781615,SRS15251959,SAMN31036833,41_16S,Green turtle juvenile cloacal swab,Bacteria,Proteobacteria,Alphaproteobacteria,Caulobacterales,Hyphomonadaceae,Litorimonas,uncultured_marine
DQ809555.1.1386,SRR21726023,0.001701983,340042833,498,113,SRX17721958,31_16S,Illumina MiSeq,SRP346777,PRJNA781615,SRS15251982,SAMN31036823,31_16S,Green turtle hatchling intestine sample,Bacteria,Firmicutes,Clostridia,Oscillospirales,Ruminococcaceae,Subdoligranulum,uncultured_bacterium
KM979098.1.1368,SRR21726043,0.001687526,331464093,470,111,SRX17721938,44_16S,Illumina MiSeq,SRP346777,PRJNA781615,SRS15251963,SAMN31036836,44_16S,Green turtle hatchling stomach sample,Bacteria,Firmicutes,Bacilli,Bacillales,Bacillaceae,Fictibacillus,Fictibacillus_sp.
KC527533.1.1200,SRR21726052,0.001682412,412561192,500,137,SRX17721929,27_16S,Illumina MiSeq,SRP346777,PRJNA781615,SRS15251953,SAMN31036819,27_16S,Green turtle juvenile esophageal swab,Bacteria,Proteobacteria,Alphaproteobacteria,Rhodobacterales,Rhodobacteraceae,Pseudoruegeria,uncultured_bacterium
KU687332.1.1206,SRR21726044,0.001675073,355385245,500,127,SRX17721937,43_16S,Illumina MiSeq,SRP346777,PRJNA781615,SRS15251961,SAMN31036835,43_16S,Green turtle hatchling intestine sample,Bacteria,Proteobacteria,Gammaproteobacteria,Enterobacterales,Enterobacteriaceae,Enterobacter,Enterobacter_cloacae
JF769629.1.1483,SRR21726029,0.001673072,383977850,499,131,SRX17721952,30_16S,Illumina MiSeq,SRP346777,PRJNA781615,SRS15251976,SAMN31036822,30_16S,Green turtle hatchling stomach sample,Bacteria,Chloroflexi,Anaerolineae,Ardenticatenales,uncultured,uncultured,uncultured_bacterium
FJ457349.1.1447,SRR21726043,0.001671901,331464093,470,111,SRX17721938,44_16S,Illumina MiSeq,SRP346777,PRJNA781615,SRS15251963,SAMN31036836,44_16S,Green turtle hatchling stomach sample,Bacteria,Proteobacteria,Gammaproteobacteria,Vibrionales,Vibrionaceae,Vibrio,Vibrio_sp.
JN697826.1.1354,SRR21726023,0.001671038,340042833,498,113,SRX17721958,31_16S,Illumina MiSeq,SRP346777,PRJNA781615,SRS15251982,SAMN31036823,31_16S,Green turtle hatchling intestine sample,Bacteria,Firmicutes,Clostridia,Lachnospirales,Lachnospiraceae,Cellulosilyticum,uncultured_bacterium
KF650757.1.1491,SRR21726022,0.001658058,341290243,500,113,SRX17721959,32_16S,Illumina MiSeq,SRP346777,PRJNA781615,SRS15251983,SAMN31036824,32_16S,Green turtle juvenile esophageal swab,Bacteria,Bacteroidota,Bacteroidia,Bacteroidales,Bacteroidaceae,Bacteroides,Bacteroides_sp.
AB540005.1.1369,SRR21726049,0.001656707,398448802,499,134,SRX17721932,38_16S,Illumina MiSeq,SRP346777,PRJNA781615,SRS15251956,SAMN31036830,38_16S,Green turtle juvenile cloacal swab,Bacteria,Bacteroidota,Bacteroidia,Cytophagales,Cyclobacteriaceae,Ekhidna,Flexibacteraceae_bacterium
AB540005.1.1369,SRR21726029,0.001649397,383977850,499,131,SRX17721952,30_16S,Illumina MiSeq,SRP346777,PRJNA781615,SRS15251976,SAMN31036822,30_16S,Green turtle hatchling stomach sample,Bacteria,Bacteroidota,Bacteroidia,Cytophagales,Cyclobacteriaceae,Ekhidna,Flexibacteraceae_bacterium
FJ493014.1.1358,SRR21726045,0.001641101,293530160,484,103,SRX17721936,42_16S,Illumina MiSeq,SRP346777,PRJNA781615,SRS15251960,SAMN31036834,42_16S,Green turtle hatchling stomach sample,Bacteria,Proteobacteria,Alphaproteobacteria,Rhizobiales,Stappiaceae,Pannonibacter,Pannonibacter_phragmitetus
KX173042.1.1456,SRR21726023,0.001632356,340042833,498,113,SRX17721958,31_16S,Illumina MiSeq,SRP346777,PRJNA781615,SRS15251982,SAMN31036823,31_16S,Green turtle hatchling intestine sample,Bacteria,Proteobacteria,Gammaproteobacteria,Cellvibrionales,Spongiibacteraceae,BD1-7_clade,uncultured_bacterium
MF948986.1.1451,SRR21726043,0.001617213,331464093,470,111,SRX17721938,44_16S,Illumina MiSeq,SRP346777,PRJNA781615,SRS15251963,SAMN31036836,44_16S,Green turtle hatchling stomach sample,Bacteria,Proteobacteria,Gammaproteobacteria,Vibrionales,Vibrionaceae,Photobacterium,Photobacterium_sp.
JF514217.1.1498,SRR21726019,0.001611499,338063986,499,119,SRX17721962,35_16S,Illumina MiSeq,SRP346777,PRJNA781615,SRS15251986,SAMN31036827,35_16S,Green turtle juvenile cloacal swab,Bacteria,Proteobacteria,Gammaproteobacteria,Arenicellales,Arenicellaceae,Arenicella,uncultured_bacterium
KC000319.1.1289,SRR21726019,0.001611499,338063986,499,119,SRX17721962,35_16S,Illumina MiSeq,SRP346777,PRJNA781615,SRS15251986,SAMN31036827,35_16S,Green turtle juvenile cloacal swab,Bacteria,Proteobacteria,Alphaproteobacteria,Rhodobacterales,Rhodobacteraceae,Pseudaestuariivita,unidentified_marine
MG571574.1.1434,SRR21726046,0.001598803,264019405,500,87,SRX17721935,41_16S,Illumina MiSeq,SRP346777,PRJNA781615,SRS15251959,SAMN31036833,41_16S,Green turtle juvenile cloacal swab,Bacteria,Bacteroidota,Bacteroidia,Flavobacteriales,Flavobacteriaceae,Winogradskyella,Winogradskyella_sp.
HQ631984.1.1330,SRR21726040,0.001593018,377927131,499,134,SRX17721941,29_16S,Illumina MiSeq,SRP346777,PRJNA781615,SRS15251965,SAMN31036821,29_16S,Green turtle juvenile cloacal swab,Bacteria,Proteobacteria,Alphaproteobacteria,Rhizobiales,Rhizobiaceae,Nitratireductor,Mesorhizobium_sp.
DQ269084.1.1398,SRR21726029,0.001586262,383977850,499,131,SRX17721952,30_16S,Illumina MiSeq,SRP346777,PRJNA781615,SRS15251976,SAMN31036822,30_16S,Green turtle hatchling stomach sample,Bacteria,Proteobacteria,Gammaproteobacteria,Arenicellales,Arenicellaceae,HTCC5015,uncultured_gamma
JN703502.1.1427,SRR21726029,0.001586262,383977850,499,131,SRX17721952,30_16S,Illumina MiSeq,SRP346777,PRJNA781615,SRS15251976,SAMN31036822,30_16S,Green turtle hatchling stomach sample,Bacteria,Bacteroidota,Bacteroidia,Cytophagales,Cyclobacteriaceae,Tunicatimonas,bacterium_CNX-520
KC000319.1.1289,SRR21726046,0.001584135,264019405,500,87,SRX17721935,41_16S,Illumina MiSeq,SRP346777,PRJNA781615,SRS15251959,SAMN31036833,41_16S,Green turtle juvenile cloacal swab,Bacteria,Proteobacteria,Alphaproteobacteria,Rhodobacterales,Rhodobacteraceae,Pseudaestuariivita,unidentified_marine
AB083432.1.1484,SRR21726046,0.001569467,264019405,500,87,SRX17721935,41_16S,Illumina MiSeq,SRP346777,PRJNA781615,SRS15251959,SAMN31036833,41_16S,Green turtle juvenile cloacal swab,Bacteria,Myxococcota,Polyangia,Nannocystales,Nannocystaceae,Plesiocystis,Plesiocystis_pacifica
JF272178.1.1423,SRR21726046,0.001562133,264019405,500,87,SRX17721935,41_16S,Illumina MiSeq,SRP346777,PRJNA781615,SRS15251959,SAMN31036833,41_16S,Green turtle juvenile cloacal swab,Bacteria,Proteobacteria,Alphaproteobacteria,Rhodobacterales,Rhodobacteraceae,Thalassobius,uncultured_bacterium
DQ667965.1.1416,SRR21726019,0.001561452,338063986,499,119,SRX17721962,35_16S,Illumina MiSeq,SRP346777,PRJNA781615,SRS15251986,SAMN31036827,35_16S,Green turtle juvenile cloacal swab,Bacteria,Proteobacteria,Alphaproteobacteria,Rhodobacterales,Rhodobacteraceae,Donghicola,Donghicola_eburneus
GU201986.1.1485,SRR21726048,0.001556824,339853596,500,116,SRX17721933,39_16S,Illumina MiSeq,SRP346777,PRJNA781615,SRS15251957,SAMN31036831,39_16S,Green turtle juvenile esophageal swab,Bacteria,Bacteroidota,Bacteroidia,Flavobacteriales,Weeksellaceae,uncultured,uncultured_bacterium
EU775615.1.1257,SRR21726043,0.001554712,331464093,470,111,SRX17721938,44_16S,Illumina MiSeq,SRP346777,PRJNA781615,SRS15251963,SAMN31036836,44_16S,Green turtle hatchling stomach sample,Bacteria,Firmicutes,Clostridia,Peptostreptococcales-Tissierellales,Peptostreptococcaceae,Romboutsia,uncultured_bacterium
KM347966.1.1440,SRR21726049,0.001544287,398448802,499,134,SRX17721932,38_16S,Illumina MiSeq,SRP346777,PRJNA781615,SRS15251956,SAMN31036830,38_16S,Green turtle juvenile cloacal swab,Bacteria,Proteobacteria,Alphaproteobacteria,Rhodobacterales,Rhodobacteraceae,Roseovarius,Roseovarius_antarcticus
JN717168.1.1441,SRR21726023,0.001531785,340042833,498,113,SRX17721958,31_16S,Illumina MiSeq,SRP346777,PRJNA781615,SRS15251982,SAMN31036823,31_16S,Green turtle hatchling intestine sample,Bacteria,Proteobacteria,Alphaproteobacteria,Caulobacterales,Hyphomonadaceae,Litorimonas,uncultured_marine
JQ746422.1.1309,SRR21726051,0.001530342,345760543,484,123,SRX17721930,28_16S,Illumina MiSeq,SRP346777,PRJNA781615,SRS15251954,SAMN31036820,28_16S,Green turtle juvenile cloacal swab,Bacteria,Proteobacteria,Gammaproteobacteria,Burkholderiales,Alcaligenaceae,Achromobacter,Achromobacter_denitrificans
KP030838.1.1428,SRR21726020,0.001519189,305472186,499,108,SRX17721961,34_16S,Illumina MiSeq,SRP346777,PRJNA781615,SRS15251985,SAMN31036826,34_16S,Green turtle juvenile cloacal swab,Bacteria,Bacteroidota,Bacteroidia,Flavobacteriales,Flavobacteriaceae,uncultured,Flavobacterium_sp.
KP261821.1.1393,SRR21726048,0.001516906,339853596,500,116,SRX17721933,39_16S,Illumina MiSeq,SRP346777,PRJNA781615,SRS15251957,SAMN31036831,39_16S,Green turtle juvenile esophageal swab,Bacteria,Proteobacteria,Alphaproteobacteria,Rhodobacterales,Rhodobacteraceae,Aliiroseovarius,Pseudoroseovarius_zhejiangensis
JF412238.1.1442,SRR21726052,0.001509857,412561192,500,137,SRX17721929,27_16S,Illumina MiSeq,SRP346777,PRJNA781615,SRS15251953,SAMN31036819,27_16S,Green turtle juvenile esophageal swab,Bacteria,Proteobacteria,Gammaproteobacteria,Vibrionales,Vibrionaceae,Aliivibrio,Aliivibrio_logei
KP261821.1.1393,SRR21726052,0.001509857,412561192,500,137,SRX17721929,27_16S,Illumina MiSeq,SRP346777,PRJNA781615,SRS15251953,SAMN31036819,27_16S,Green turtle juvenile esophageal swab,Bacteria,Proteobacteria,Alphaproteobacteria,Rhodobacterales,Rhodobacteraceae,Aliiroseovarius,Pseudoroseovarius_zhejiangensis
JF272109.1.1486,SRR21726019,0.001501396,338063986,499,119,SRX17721962,35_16S,Illumina MiSeq,SRP346777,PRJNA781615,SRS15251986,SAMN31036827,35_16S,Green turtle juvenile cloacal swab,Bacteria,Bacteroidota,Bacteroidia,Chitinophagales,Saprospiraceae,Lewinella,uncultured_bacterium
MH179119.1.1207,SRR21726043,0.001500023,331464093,470,111,SRX17721938,44_16S,Illumina MiSeq,SRP346777,PRJNA781615,SRS15251963,SAMN31036836,44_16S,Green turtle hatchling stomach sample,Bacteria,Proteobacteria,Gammaproteobacteria,Burkholderiales,Alcaligenaceae,Achromobacter,Azospirillum_brasilense
KT596062.1.1478,SRR21726049,0.001496953,398448802,499,134,SRX17721932,38_16S,Illumina MiSeq,SRP346777,PRJNA781615,SRS15251956,SAMN31036830,38_16S,Green turtle juvenile cloacal swab,Bacteria,Proteobacteria,Alphaproteobacteria,Rhizobiales,Stappiaceae,Labrenzia,Labrenzia_sp.
JQ213442.1.1362,SRR21726023,0.001493103,340042833,498,113,SRX17721958,31_16S,Illumina MiSeq,SRP346777,PRJNA781615,SRS15251982,SAMN31036823,31_16S,Green turtle hatchling intestine sample,Bacteria,Desulfobacterota,Desulfobulbia,Desulfobulbales,Desulfocapsaceae,Desulforhopalus,uncultured_bacterium
JQ212400.1.1328,SRR21726021,0.001482929,345478090,500,115,SRX17721960,33_16S,Illumina MiSeq,SRP346777,PRJNA781615,SRS15251984,SAMN31036825,33_16S,Green turtle juvenile esophageal swab,Bacteria,Patescibacteria,Gracilibacteria,Absconditabacteriales_(SR1),Absconditabacteriales_(SR1),Absconditabacteriales_(SR1),uncultured_bacterium
JN874375.1.1485,SRR21726048,0.001476987,339853596,500,116,SRX17721933,39_16S,Illumina MiSeq,SRP346777,PRJNA781615,SRS15251957,SAMN31036831,39_16S,Green turtle juvenile esophageal swab,Bacteria,Bacteroidota,Bacteroidia,Flavobacteriales,Crocinitomicaceae,Fluviicola,uncultured_bacterium
FJ457349.1.1447,SRR21726050,0.001468501,328771667,500,110,SRX17721931,37_16S,Illumina MiSeq,SRP346777,PRJNA781615,SRS15251955,SAMN31036829,37_16S,Green turtle juvenile esophageal swab,Bacteria,Proteobacteria,Gammaproteobacteria,Vibrionales,Vibrionaceae,Vibrio,Vibrio_sp.
KM347966.1.1440,SRR21726020,0.001464654,305472186,499,108,SRX17721961,34_16S,Illumina MiSeq,SRP346777,PRJNA781615,SRS15251985,SAMN31036826,34_16S,Green turtle juvenile cloacal swab,Bacteria,Proteobacteria,Alphaproteobacteria,Rhodobacterales,Rhodobacteraceae,Roseovarius,Roseovarius_antarcticus
GU451493.1.1241,SRR21726049,0.001443702,398448802,499,134,SRX17721932,38_16S,Illumina MiSeq,SRP346777,PRJNA781615,SRS15251956,SAMN31036830,38_16S,Green turtle juvenile cloacal swab,Bacteria,Bacteroidota,Bacteroidia,Chitinophagales,Saprospiraceae,uncultured,uncultured_bacterium
JQ213664.1.1356,SRR21726049,0.001443702,398448802,499,134,SRX17721932,38_16S,Illumina MiSeq,SRP346777,PRJNA781615,SRS15251956,SAMN31036830,38_16S,Green turtle juvenile cloacal swab,Bacteria,Proteobacteria,Gammaproteobacteria,Pseudomonadales,Moraxellaceae,Psychrobacter,uncultured_bacterium
EU290161.1.1416,SRR21726046,0.001437456,264019405,500,87,SRX17721935,41_16S,Illumina MiSeq,SRP346777,PRJNA781615,SRS15251959,SAMN31036833,41_16S,Green turtle juvenile cloacal swab,Bacteria,Bacteroidota,Bacteroidia,Flavobacteriales,Flavobacteriaceae,Maritimimonas,Maritimimonas_rapanae
EF092162.1.1334,SRR21726029,0.001436317,383977850,499,131,SRX17721952,30_16S,Illumina MiSeq,SRP346777,PRJNA781615,SRS15251976,SAMN31036822,30_16S,Green turtle hatchling stomach sample,Bacteria,Proteobacteria,Gammaproteobacteria,Gammaproteobacteria_Incertae_Sedis,Unknown_Family,Marinicella,uncultured_gamma
KF064255.1.1326,SRR21726021,0.001415524,345478090,500,115,SRX17721960,33_16S,Illumina MiSeq,SRP346777,PRJNA781615,SRS15251984,SAMN31036825,33_16S,Green turtle juvenile esophageal swab,Bacteria,Actinobacteriota,Actinobacteria,Propionibacteriales,Propionibacteriaceae,Propioniciclava,uncultured_bacterium
JN717168.1.1441,SRR21726019,0.001411313,338063986,499,119,SRX17721962,35_16S,Illumina MiSeq,SRP346777,PRJNA781615,SRS15251986,SAMN31036827,35_16S,Green turtle juvenile cloacal swab,Bacteria,Proteobacteria,Alphaproteobacteria,Caulobacterales,Hyphomonadaceae,Litorimonas,uncultured_marine
JQ209006.1.1358,SRR21726019,0.001411313,338063986,499,119,SRX17721962,35_16S,Illumina MiSeq,SRP346777,PRJNA781615,SRS15251986,SAMN31036827,35_16S,Green turtle juvenile cloacal swab,Bacteria,Proteobacteria,Gammaproteobacteria,Cellvibrionales,Halieaceae,Halioglobus,uncultured_bacterium
AB675658.1.1478,SRR21726023,0.001408004,340042833,498,113,SRX17721958,31_16S,Illumina MiSeq,SRP346777,PRJNA781615,SRS15251982,SAMN31036823,31_16S,Green turtle hatchling intestine sample,Bacteria,Bacteroidota,Bacteroidia,Chitinophagales,Saprospiraceae,Portibacter,Portibacter_lacus
JQ013150.1.1459,SRR21726023,0.001408004,340042833,498,113,SRX17721958,31_16S,Illumina MiSeq,SRP346777,PRJNA781615,SRS15251982,SAMN31036823,31_16S,Green turtle hatchling intestine sample,Bacteria,Bdellovibrionota,Bdellovibrionia,Bdellovibrionales,Bdellovibrionaceae,OM27_clade,uncultured_bacterium
HQ326339.1.1483,SRR21726023,0.001377059,340042833,498,113,SRX17721958,31_16S,Illumina MiSeq,SRP346777,PRJNA781615,SRS15251982,SAMN31036823,31_16S,Green turtle hatchling intestine sample,Bacteria,Bacteroidota,Bacteroidia,Flavobacteriales,Flavobacteriaceae,Aquibacter,uncultured_bacterium
KT266595.1.1504,SRR21726050,0.001370601,328771667,500,110,SRX17721931,37_16S,Illumina MiSeq,SRP346777,PRJNA781615,SRS15251955,SAMN31036829,37_16S,Green turtle juvenile esophageal swab,Bacteria,Desulfobacterota,Desulfobulbia,Desulfobulbales,Desulfocapsaceae,Desulforhopalus,Desulforhopalus_sp.
HM016087.1.1482,SRR21726043,0.001367209,331464093,470,111,SRX17721938,44_16S,Illumina MiSeq,SRP346777,PRJNA781615,SRS15251963,SAMN31036836,44_16S,Green turtle hatchling stomach sample,Bacteria,Proteobacteria,Gammaproteobacteria,Alteromonadales,Shewanellaceae,Shewanella,Shewanella_algae
FJ847832.1.1232,SRR21726023,0.00135385,340042833,498,113,SRX17721958,31_16S,Illumina MiSeq,SRP346777,PRJNA781615,SRS15251982,SAMN31036823,31_16S,Green turtle hatchling intestine sample,Bacteria,Proteobacteria,Gammaproteobacteria,Alteromonadales,Alteromonadaceae,Aestuariibacter,Aestuariibacter_aggregatus
HQ336489.1.1376,SRR21726023,0.00135385,340042833,498,113,SRX17721958,31_16S,Illumina MiSeq,SRP346777,PRJNA781615,SRS15251982,SAMN31036823,31_16S,Green turtle hatchling intestine sample,Bacteria,Proteobacteria,Alphaproteobacteria,Rhodobacterales,Rhodobacteraceae,Sagittula,Sagittula_marina
JQ213752.1.1353,SRR21726052,0.001337302,412561192,500,137,SRX17721929,27_16S,Illumina MiSeq,SRP346777,PRJNA781615,SRS15251953,SAMN31036819,27_16S,Green turtle juvenile esophageal swab,Bacteria,Bacteroidota,Bacteroidia,Bacteroidetes_VC2.1_Bac22,Bacteroidetes_VC2.1_Bac22,Bacteroidetes_VC2.1_Bac22,uncultured_bacterium
JX529407.1.1427,SRR21726023,0.001330641,340042833,498,113,SRX17721958,31_16S,Illumina MiSeq,SRP346777,PRJNA781615,SRS15251982,SAMN31036823,31_16S,Green turtle hatchling intestine sample,Bacteria,Bacteroidota,Bacteroidia,Flavobacteriales,Flavobacteriaceae,Psychroserpens,uncultured_Flavobacteriaceae
EU246808.1.1430,SRR21726046,0.001327447,264019405,500,87,SRX17721935,41_16S,Illumina MiSeq,SRP346777,PRJNA781615,SRS15251959,SAMN31036833,41_16S,Green turtle juvenile cloacal swab,Bacteria,Proteobacteria,Gammaproteobacteria,Granulosicoccales,Granulosicoccaceae,Granulosicoccus,uncultured_gamma
KF786519.1.1376,SRR21726019,0.001321229,338063986,499,119,SRX17721962,35_16S,Illumina MiSeq,SRP346777,PRJNA781615,SRS15251986,SAMN31036827,35_16S,Green turtle juvenile cloacal swab,Bacteria,Myxococcota,Polyangia,Nannocystales,Nannocystaceae,uncultured,uncultured_delta
KP313827.1.1410,SRR21726023,0.001315169,340042833,498,113,SRX17721958,31_16S,Illumina MiSeq,SRP346777,PRJNA781615,SRS15251982,SAMN31036823,31_16S,Green turtle hatchling intestine sample,Bacteria,Bacteroidota,Bacteroidia,Flavobacteriales,Flavobacteriaceae,Tenacibaculum,Tenacibaculum_holothuriorum
JQ213708.1.1355,SRR21726021,0.001314415,345478090,500,115,SRX17721960,33_16S,Illumina MiSeq,SRP346777,PRJNA781615,SRS15251984,SAMN31036825,33_16S,Green turtle juvenile esophageal swab,Bacteria,Synergistota,Synergistia,Synergistales,Synergistaceae,Thermovirga,uncultured_bacterium
KX212247.1.1200,SRR21726045,0.001313971,293530160,484,103,SRX17721936,42_16S,Illumina MiSeq,SRP346777,PRJNA781615,SRS15251960,SAMN31036834,42_16S,Green turtle hatchling stomach sample,Bacteria,Proteobacteria,Gammaproteobacteria,Pseudomonadales,Pseudomonadaceae,Pseudomonas,Pseudomonas_aeruginosa
KC494697.1.1393,SRR21726051,0.001313627,345760543,484,123,SRX17721930,28_16S,Illumina MiSeq,SRP346777,PRJNA781615,SRS15251954,SAMN31036820,28_16S,Green turtle juvenile cloacal swab,Bacteria,Bacteroidota,Bacteroidia,Flavobacteriales,Weeksellaceae,Chryseobacterium,Chryseobacterium_gallinarum
JQ347351.1.1458,SRR21726019,0.001311219,338063986,499,119,SRX17721962,35_16S,Illumina MiSeq,SRP346777,PRJNA781615,SRS15251986,SAMN31036827,35_16S,Green turtle juvenile cloacal swab,Bacteria,Chloroflexi,Anaerolineae,SBR1031,A4b,A4b,uncultured_bacterium
DQ809514.1.1292,SRR21726023,0.001307432,340042833,498,113,SRX17721958,31_16S,Illumina MiSeq,SRP346777,PRJNA781615,SRS15251982,SAMN31036823,31_16S,Green turtle hatchling intestine sample,Bacteria,Firmicutes,Clostridia,Lachnospirales,Lachnospiraceae,Blautia,uncultured_bacterium
DQ269109.1.1317,SRR21726029,0.001294263,383977850,499,131,SRX17721952,30_16S,Illumina MiSeq,SRP346777,PRJNA781615,SRS15251976,SAMN31036822,30_16S,Green turtle hatchling stomach sample,Bacteria,Bacteroidota,Bacteroidia,Chitinophagales,Saprospiraceae,uncultured,uncultured_Bacteroidetes
JF272109.1.1486,SRR21726029,0.001294263,383977850,499,131,SRX17721952,30_16S,Illumina MiSeq,SRP346777,PRJNA781615,SRS15251976,SAMN31036822,30_16S,Green turtle hatchling stomach sample,Bacteria,Bacteroidota,Bacteroidia,Chitinophagales,Saprospiraceae,Lewinella,uncultured_bacterium
JF272109.1.1486,SRR21726052,0.001294163,412561192,500,137,SRX17721929,27_16S,Illumina MiSeq,SRP346777,PRJNA781615,SRS15251953,SAMN31036819,27_16S,Green turtle juvenile esophageal swab,Bacteria,Bacteroidota,Bacteroidia,Chitinophagales,Saprospiraceae,Lewinella,uncultured_bacterium
EU246808.1.1430,SRR21726023,0.001284223,340042833,498,113,SRX17721958,31_16S,Illumina MiSeq,SRP346777,PRJNA781615,SRS15251982,SAMN31036823,31_16S,Green turtle hatchling intestine sample,Bacteria,Proteobacteria,Gammaproteobacteria,Granulosicoccales,Granulosicoccaceae,Granulosicoccus,uncultured_gamma
HG315016.1.1384,SRR21726023,0.001284223,340042833,498,113,SRX17721958,31_16S,Illumina MiSeq,SRP346777,PRJNA781615,SRS15251982,SAMN31036823,31_16S,Green turtle hatchling intestine sample,Bacteria,Proteobacteria,Gammaproteobacteria,Alteromonadales,Pseudoalteromonadaceae,Pseudoalteromonas,Pseudoalteromonas_spongiae
GU118190.1.1390,SRR21726046,0.001283443,264019405,500,87,SRX17721935,41_16S,Illumina MiSeq,SRP346777,PRJNA781615,SRS15251959,SAMN31036833,41_16S,Green turtle juvenile cloacal swab,Bacteria,Proteobacteria,Alphaproteobacteria,Rhodobacterales,Rhodobacteraceae,Silicimonas,uncultured_bacterium
AF118453.1.1498,SRR21726048,0.001277394,339853596,500,116,SRX17721933,39_16S,Illumina MiSeq,SRP346777,PRJNA781615,SRS15251957,SAMN31036831,39_16S,Green turtle juvenile esophageal swab,Bacteria,Desulfobacterota,Desulfobulbia,Desulfobulbales,Desulfocapsaceae,Desulforhopalus,Desulforhopalus_singaporensis
JX530554.1.1433,SRR21726023,0.001276487,340042833,498,113,SRX17721958,31_16S,Illumina MiSeq,SRP346777,PRJNA781615,SRS15251982,SAMN31036823,31_16S,Green turtle hatchling intestine sample,Bacteria,Bdellovibrionota,Bdellovibrionia,Bacteriovoracales,Bacteriovoracaceae,Peredibacter,uncultured_Bacteriovorax
HM438383.1.1391,SRR21726029,0.001262696,383977850,499,131,SRX17721952,30_16S,Illumina MiSeq,SRP346777,PRJNA781615,SRS15251976,SAMN31036822,30_16S,Green turtle hatchling stomach sample,Bacteria,Proteobacteria,Alphaproteobacteria,Sphingomonadales,Sphingomonadaceae,Sphingomonas,uncultured_Sphingomonadaceae
CP018352.2163071.2164353,SRR21726044,0.001253965,355385245,500,127,SRX17721937,43_16S,Illumina MiSeq,SRP346777,PRJNA781615,SRS15251961,SAMN31036835,43_16S,Green turtle hatchling intestine sample,Bacteria,Proteobacteria,Gammaproteobacteria,Enterobacterales,Enterobacteriaceae,Klebsiella,Klebsiella_pneumoniae
AB514520.1.1487,SRR21726029,0.001246912,383977850,499,131,SRX17721952,30_16S,Illumina MiSeq,SRP346777,PRJNA781615,SRS15251976,SAMN31036822,30_16S,Green turtle hatchling stomach sample,Bacteria,Actinobacteriota,Actinobacteria,Pseudonocardiales,Pseudonocardiaceae,Actinomycetospora,Actinomycetospora_cinnamomea
DQ227003.1.1354,SRR21726043,0.001234394,331464093,470,111,SRX17721938,44_16S,Illumina MiSeq,SRP346777,PRJNA781615,SRS15251963,SAMN31036836,44_16S,Green turtle hatchling stomach sample,Bacteria,Actinobacteriota,Actinobacteria,Corynebacteriales,Nocardiaceae,Gordonia,Gordonia_sp.
FR872503.1.1477,SRR21726019,0.001231145,338063986,499,119,SRX17721962,35_16S,Illumina MiSeq,SRP346777,PRJNA781615,SRS15251986,SAMN31036827,35_16S,Green turtle juvenile cloacal swab,Bacteria,Proteobacteria,Gammaproteobacteria,Enterobacterales,Erwiniaceae,Pantoea,Pantoea_sp.
KM374709.1.1218,SRR21726040,0.001221713,377927131,499,134,SRX17721941,29_16S,Illumina MiSeq,SRP346777,PRJNA781615,SRS15251965,SAMN31036821,29_16S,Green turtle juvenile cloacal swab,Bacteria,Proteobacteria,Gammaproteobacteria,Burkholderiales,Alcaligenaceae,Achromobacter,Achromobacter_spanius
JF820845.1.1442,SRR21726049,0.001212946,398448802,499,134,SRX17721932,38_16S,Illumina MiSeq,SRP346777,PRJNA781615,SRS15251956,SAMN31036830,38_16S,Green turtle juvenile cloacal swab,Bacteria,Bacteroidota,Bacteroidia,Flavobacteriales,Flavobacteriaceae,Winogradskyella,Winogradskyella_eckloniae
GU451493.1.1241,SRR21726029,0.001207453,383977850,499,131,SRX17721952,30_16S,Illumina MiSeq,SRP346777,PRJNA781615,SRS15251976,SAMN31036822,30_16S,Green turtle hatchling stomach sample,Bacteria,Bacteroidota,Bacteroidia,Chitinophagales,Saprospiraceae,uncultured,uncultured_bacterium
LYPF02000038.3636.5137,SRR21726049,0.001207029,398448802,499,134,SRX17721932,38_16S,Illumina MiSeq,SRP346777,PRJNA781615,SRS15251956,SAMN31036830,38_16S,Green turtle juvenile cloacal swab,Bacteria,Bacteroidota,Bacteroidia,Flavobacteriales,Crocinitomicaceae,Crocinitomix,Crocinitomix_sp.
KU560308.1.1423,SRR21726023,0.001206861,340042833,498,113,SRX17721958,31_16S,Illumina MiSeq,SRP346777,PRJNA781615,SRS15251982,SAMN31036823,31_16S,Green turtle hatchling intestine sample,Bacteria,Actinobacteriota,Actinobacteria,Micrococcales,Dermacoccaceae,Kytococcus,Kytococcus_sp.
GQ245902.1.1404,SRR21726019,0.001201117,338063986,499,119,SRX17721962,35_16S,Illumina MiSeq,SRP346777,PRJNA781615,SRS15251986,SAMN31036827,35_16S,Green turtle juvenile cloacal swab,Bacteria,Campilobacterota,Campylobacteria,Campylobacterales,Arcobacteraceae,uncultured,Arcobacter_sp.
JQ209480.1.1355,SRR21726049,0.001201112,398448802,499,134,SRX17721932,38_16S,Illumina MiSeq,SRP346777,PRJNA781615,SRS15251956,SAMN31036830,38_16S,Green turtle juvenile cloacal swab,Bacteria,Bacteroidota,Bacteroidia,Bacteroidales,Prolixibacteraceae,Prolixibacteraceae,uncultured_bacterium
KF786519.1.1376,SRR21726020,0.001199769,305472186,499,108,SRX17721961,34_16S,Illumina MiSeq,SRP346777,PRJNA781615,SRS15251985,SAMN31036826,34_16S,Green turtle juvenile cloacal swab,Bacteria,Myxococcota,Polyangia,Nannocystales,Nannocystaceae,uncultured,uncultured_delta
HQ326351.1.1455,SRR21726023,0.001199124,340042833,498,113,SRX17721958,31_16S,Illumina MiSeq,SRP346777,PRJNA781615,SRS15251982,SAMN31036823,31_16S,Green turtle hatchling intestine sample,Bacteria,Proteobacteria,Alphaproteobacteria,Micavibrionales,Micavibrionaceae,uncultured,uncultured_bacterium
KY770575.1.1374,SRR21726019,0.001191108,338063986,499,119,SRX17721962,35_16S,Illumina MiSeq,SRP346777,PRJNA781615,SRS15251986,SAMN31036827,35_16S,Green turtle juvenile cloacal swab,Bacteria,Proteobacteria,Alphaproteobacteria,Rhodobacterales,Rhodobacteraceae,Marivita,Marivita_sp.
AF118453.1.1498,SRR21726050,0.001174801,328771667,500,110,SRX17721931,37_16S,Illumina MiSeq,SRP346777,PRJNA781615,SRS15251955,SAMN31036829,37_16S,Green turtle juvenile esophageal swab,Bacteria,Desulfobacterota,Desulfobulbia,Desulfobulbales,Desulfocapsaceae,Desulforhopalus,Desulforhopalus_singaporensis
LT630003.3420126.3421661,SRR21726044,0.001169744,355385245,500,127,SRX17721937,43_16S,Illumina MiSeq,SRP346777,PRJNA781615,SRS15251961,SAMN31036835,43_16S,Green turtle hatchling intestine sample,Bacteria,Firmicutes,Clostridia,Lachnospirales,Lachnospiraceae,Lachnoclostridium,[Clostridium]_sphenoides
JX015543.1.1515,SRR21726023,0.001168179,340042833,498,113,SRX17721958,31_16S,Illumina MiSeq,SRP346777,PRJNA781615,SRS15251982,SAMN31036823,31_16S,Green turtle hatchling intestine sample,Bacteria,Bdellovibrionota,Bdellovibrionia,Bacteriovoracales,Bacteriovoracaceae,Peredibacter,uncultured_bacterium
FJ716854.1.1460,SRR21726020,0.001160816,305472186,499,108,SRX17721961,34_16S,Illumina MiSeq,SRP346777,PRJNA781615,SRS15251985,SAMN31036826,34_16S,Green turtle juvenile cloacal swab,Bacteria,Proteobacteria,Alphaproteobacteria,Rhodobacterales,Rhodobacteraceae,Marivita,uncultured_bacterium
KX173042.1.1456,SRR21726020,0.001160816,305472186,499,108,SRX17721961,34_16S,Illumina MiSeq,SRP346777,PRJNA781615,SRS15251985,SAMN31036826,34_16S,Green turtle juvenile cloacal swab,Bacteria,Proteobacteria,Gammaproteobacteria,Cellvibrionales,Spongiibacteraceae,BD1-7_clade,uncultured_bacterium
KY190890.1.1459,SRR21726020,0.001160816,305472186,499,108,SRX17721961,34_16S,Illumina MiSeq,SRP346777,PRJNA781615,SRS15251985,SAMN31036826,34_16S,Green turtle juvenile cloacal swab,Bacteria,Proteobacteria,Gammaproteobacteria,Arenicellales,Arenicellaceae,HTCC5015,uncultured_bacterium
EU342381.1.1401,SRR21726043,0.001156268,331464093,470,111,SRX17721938,44_16S,Illumina MiSeq,SRP346777,PRJNA781615,SRS15251963,SAMN31036836,44_16S,Green turtle hatchling stomach sample,Bacteria,Proteobacteria,Gammaproteobacteria,Burkholderiales,Comamonadaceae,Diaphorobacter,Diaphorobacter_oryzae
JQ214955.1.1351,SRR21726021,0.0011459,345478090,500,115,SRX17721960,33_16S,Illumina MiSeq,SRP346777,PRJNA781615,SRS15251984,SAMN31036825,33_16S,Green turtle juvenile esophageal swab,Bacteria,Bacteroidota,Bacteroidia,Flavobacteriales,Cryomorphaceae,uncultured,uncultured_bacterium
AB294938.1.1451,SRR21726029,0.001144318,383977850,499,131,SRX17721952,30_16S,Illumina MiSeq,SRP346777,PRJNA781615,SRS15251976,SAMN31036822,30_16S,Green turtle hatchling stomach sample,Bacteria,Firmicutes,Clostridia,Clostridiales,Clostridiaceae,Clostridium_sensu_stricto_1,uncultured_Clostridium
JQ212191.1.1350,SRR21726046,0.001144098,264019405,500,87,SRX17721935,41_16S,Illumina MiSeq,SRP346777,PRJNA781615,SRS15251959,SAMN31036833,41_16S,Green turtle juvenile cloacal swab,Bacteria,Firmicutes,Clostridia,Peptostreptococcales-Tissierellales,Fusibacteraceae,Fusibacter,uncultured_bacterium
KY655353.1.1207,SRR21726019,0.001141061,338063986,499,119,SRX17721962,35_16S,Illumina MiSeq,SRP346777,PRJNA781615,SRS15251986,SAMN31036827,35_16S,Green turtle juvenile cloacal swab,Bacteria,Proteobacteria,Gammaproteobacteria,Alteromonadales,Alteromonadaceae,Alteromonas,Alteromonas_sp.
AY193154.1.1445,SRR21726046,0.001136764,264019405,500,87,SRX17721935,41_16S,Illumina MiSeq,SRP346777,PRJNA781615,SRS15251959,SAMN31036833,41_16S,Green turtle juvenile cloacal swab,Bacteria,Bacteroidota,Bacteroidia,Chitinophagales,Saprospiraceae,Lewinella,uncultured_Bacteroidetes
HM771670.1.1546,SRR21726043,0.00113283,331464093,470,111,SRX17721938,44_16S,Illumina MiSeq,SRP346777,PRJNA781615,SRS15251963,SAMN31036836,44_16S,Green turtle hatchling stomach sample,Bacteria,Firmicutes,Bacilli,Bacillales,Bacillaceae,Bacillus,Bacillus_sp.
KU578507.1.1366,SRR21726020,0.001129653,305472186,499,108,SRX17721961,34_16S,Illumina MiSeq,SRP346777,PRJNA781615,SRS15251985,SAMN31036826,34_16S,Green turtle juvenile cloacal swab,Bacteria,Actinobacteriota,Acidimicrobiia,Microtrichales,Ilumatobacteraceae,Ilumatobacter,uncultured_bacterium
KY770281.1.1343,SRR21726052,0.001121608,412561192,500,137,SRX17721929,27_16S,Illumina MiSeq,SRP346777,PRJNA781615,SRS15251953,SAMN31036819,27_16S,Green turtle juvenile esophageal swab,Bacteria,Proteobacteria,Alphaproteobacteria,Rhodobacterales,Rhodobacteraceae,Pelagibaca,Pelagibaca_sp.
AY345458.1.1284,SRR21726042,0.001116676,371802664,500,145,SRX17721939,45_16S,Illumina MiSeq,SRP346777,PRJNA781615,SRS15251962,SAMN31036837,45_16S,Green turtle hatchling intestine sample,Bacteria,Proteobacteria,Gammaproteobacteria,Alteromonadales,Shewanellaceae,Shewanella,bacterium_K75
JQ215863.1.1346,SRR21726047,0.001116051,352120514,500,118,SRX17721934,40_16S,Illumina MiSeq,SRP346777,PRJNA781615,SRS15251958,SAMN31036832,40_16S,Green turtle juvenile esophageal swab,Bacteria,Campilobacterota,Campylobacteria,Campylobacterales,Arcobacteraceae,Halarcobacter,uncultured_bacterium
FJ716854.1.1460,SRR21726046,0.001114762,264019405,500,87,SRX17721935,41_16S,Illumina MiSeq,SRP346777,PRJNA781615,SRS15251959,SAMN31036833,41_16S,Green turtle juvenile cloacal swab,Bacteria,Proteobacteria,Alphaproteobacteria,Rhodobacterales,Rhodobacteraceae,Marivita,uncultured_bacterium
JN717168.1.1441,SRR21726020,0.001114072,305472186,499,108,SRX17721961,34_16S,Illumina MiSeq,SRP346777,PRJNA781615,SRS15251985,SAMN31036826,34_16S,Green turtle juvenile cloacal swab,Bacteria,Proteobacteria,Alphaproteobacteria,Caulobacterales,Hyphomonadaceae,Litorimonas,uncultured_marine
JF769600.1.1503,SRR21726021,0.001112197,345478090,500,115,SRX17721960,33_16S,Illumina MiSeq,SRP346777,PRJNA781615,SRS15251984,SAMN31036825,33_16S,Green turtle juvenile esophageal swab,Bacteria,Bdellovibrionota,Bdellovibrionia,Bdellovibrionales,Bdellovibrionaceae,Bdellovibrio,uncultured_bacterium
KC554356.1.1541,SRR21726043,0.001109392,331464093,470,111,SRX17721938,44_16S,Illumina MiSeq,SRP346777,PRJNA781615,SRS15251963,SAMN31036836,44_16S,Green turtle hatchling stomach sample,Bacteria,Actinobacteriota,Thermoleophilia,Solirubrobacterales,Solirubrobacteraceae,Solirubrobacter,uncultured_bacterium
EF092162.1.1334,SRR21726046,0.001107428,264019405,500,87,SRX17721935,41_16S,Illumina MiSeq,SRP346777,PRJNA781615,SRS15251959,SAMN31036833,41_16S,Green turtle juvenile cloacal swab,Bacteria,Proteobacteria,Gammaproteobacteria,Gammaproteobacteria_Incertae_Sedis,Unknown_Family,Marinicella,uncultured_gamma
JF514217.1.1498,SRR21726046,0.001107428,264019405,500,87,SRX17721935,41_16S,Illumina MiSeq,SRP346777,PRJNA781615,SRS15251959,SAMN31036833,41_16S,Green turtle juvenile cloacal swab,Bacteria,Proteobacteria,Gammaproteobacteria,Arenicellales,Arenicellaceae,Arenicella,uncultured_bacterium
KU042973.1.1435,SRR21726023,0.001106289,340042833,498,113,SRX17721958,31_16S,Illumina MiSeq,SRP346777,PRJNA781615,SRS15251982,SAMN31036823,31_16S,Green turtle hatchling intestine sample,Bacteria,Proteobacteria,Alphaproteobacteria,Rhodobacterales,Rhodobacteraceae,Rhodobacter,Sinirhodobacter_sp.
AY582884.1.1432,SRR21726043,0.00110158,331464093,470,111,SRX17721938,44_16S,Illumina MiSeq,SRP346777,PRJNA781615,SRS15251963,SAMN31036836,44_16S,Green turtle hatchling stomach sample,Bacteria,Bacteroidota,Bacteroidia,Flavobacteriales,Weeksellaceae,Empedobacter,Flavobacterium_sp.
FJ203198.1.1391,SRR21726019,0.001101024,338063986,499,119,SRX17721962,35_16S,Illumina MiSeq,SRP346777,PRJNA781615,SRS15251986,SAMN31036827,35_16S,Green turtle juvenile cloacal swab,Bacteria,Planctomycetota,Planctomycetes,Pirellulales,Pirellulaceae,Pir4_lineage,uncultured_bacterium
JQ665365.1.1211,SRR21726019,0.001101024,338063986,499,119,SRX17721962,35_16S,Illumina MiSeq,SRP346777,PRJNA781615,SRS15251986,SAMN31036827,35_16S,Green turtle juvenile cloacal swab,Bacteria,Proteobacteria,Gammaproteobacteria,Vibrionales,Vibrionaceae,Vibrio,Vibrio_owensii
LN565045.1.1323,SRR21726049,0.00109461,398448802,499,134,SRX17721932,38_16S,Illumina MiSeq,SRP346777,PRJNA781615,SRS15251956,SAMN31036830,38_16S,Green turtle juvenile cloacal swab,Bacteria,Patescibacteria,Saccharimonadia,Saccharimonadales,Saccharimonadaceae,Candidatus_Saccharimonas,uncultured_bacterium
AB557547.1.1477,SRR21726023,0.001090816,340042833,498,113,SRX17721958,31_16S,Illumina MiSeq,SRP346777,PRJNA781615,SRS15251982,SAMN31036823,31_16S,Green turtle hatchling intestine sample,Bacteria,Bacteroidota,Bacteroidia,Flavobacteriales,Flavobacteriaceae,Flavobacteriaceae,Aureicoccus_marinus
JQ665310.1.1443,SRR21726023,0.001090816,340042833,498,113,SRX17721958,31_16S,Illumina MiSeq,SRP346777,PRJNA781615,SRS15251982,SAMN31036823,31_16S,Green turtle hatchling intestine sample,Bacteria,Proteobacteria,Gammaproteobacteria,Vibrionales,Vibrionaceae,Vibrio,Vibrio_sinaloensis
JQ579738.1.1501,SRR21726049,0.001082776,398448802,499,134,SRX17721932,38_16S,Illumina MiSeq,SRP346777,PRJNA781615,SRS15251956,SAMN31036830,38_16S,Green turtle juvenile cloacal swab,Bacteria,Proteobacteria,Gammaproteobacteria,Thiotrichales,Thiotrichaceae,Cocleimonas,uncultured_gamma
JQ746422.1.1309,SRR21726040,0.001081975,377927131,499,134,SRX17721941,29_16S,Illumina MiSeq,SRP346777,PRJNA781615,SRS15251965,SAMN31036821,29_16S,Green turtle juvenile cloacal swab,Bacteria,Proteobacteria,Gammaproteobacteria,Burkholderiales,Alcaligenaceae,Achromobacter,Achromobacter_denitrificans
JQ213664.1.1356,SRR21726029,0.001081183,383977850,499,131,SRX17721952,30_16S,Illumina MiSeq,SRP346777,PRJNA781615,SRS15251976,SAMN31036822,30_16S,Green turtle hatchling stomach sample,Bacteria,Proteobacteria,Gammaproteobacteria,Pseudomonadales,Moraxellaceae,Psychrobacter,uncultured_bacterium
AB540005.1.1369,SRR21726019,0.001081005,338063986,499,119,SRX17721962,35_16S,Illumina MiSeq,SRP346777,PRJNA781615,SRS15251986,SAMN31036827,35_16S,Green turtle juvenile cloacal swab,Bacteria,Bacteroidota,Bacteroidia,Cytophagales,Cyclobacteriaceae,Ekhidna,Flexibacteraceae_bacterium
JQ215134.1.1357,SRR21726052,0.001078469,412561192,500,137,SRX17721929,27_16S,Illumina MiSeq,SRP346777,PRJNA781615,SRS15251953,SAMN31036819,27_16S,Green turtle juvenile esophageal swab,Bacteria,Bacteroidota,Bacteroidia,Bacteroidales,Bacteroidetes_BD2-2,Bacteroidetes_BD2-2,uncultured_bacterium
MF166852.1.1268,SRR21726040,0.001077982,377927131,499,134,SRX17721941,29_16S,Illumina MiSeq,SRP346777,PRJNA781615,SRS15251965,SAMN31036821,29_16S,Green turtle juvenile cloacal swab,Bacteria,Proteobacteria,Gammaproteobacteria,Pseudomonadales,Pseudomonadaceae,Pseudomonas,Pseudomonas_sp.
JN433182.1.1362,SRR21726048,0.001077801,339853596,500,116,SRX17721933,39_16S,Illumina MiSeq,SRP346777,PRJNA781615,SRS15251957,SAMN31036831,39_16S,Green turtle juvenile esophageal swab,Bacteria,Bdellovibrionota,Bdellovibrionia,Bacteriovoracales,Bacteriovoracaceae,Peredibacter,uncultured_organism
KJ009505.1.1355,SRR21726023,0.001075344,340042833,498,113,SRX17721958,31_16S,Illumina MiSeq,SRP346777,PRJNA781615,SRS15251982,SAMN31036823,31_16S,Green turtle hatchling intestine sample,Bacteria,Proteobacteria,Alphaproteobacteria,Rhodobacterales,Rhodobacteraceae,Roseivivax,Roseivivax_lentus
JX878996.1.1453,SRR21726020,0.001075118,305472186,499,108,SRX17721961,34_16S,Illumina MiSeq,SRP346777,PRJNA781615,SRS15251985,SAMN31036826,34_16S,Green turtle juvenile cloacal swab,Bacteria,Proteobacteria,Gammaproteobacteria,Cellvibrionales,Cellvibrionaceae,Agaribacterium,uncultured_bacterium
JQ665365.1.1211,SRR21726023,0.001067607,340042833,498,113,SRX17721958,31_16S,Illumina MiSeq,SRP346777,PRJNA781615,SRS15251982,SAMN31036823,31_16S,Green turtle hatchling intestine sample,Bacteria,Proteobacteria,Gammaproteobacteria,Vibrionales,Vibrionaceae,Vibrio,Vibrio_owensii
JN118552.1.1427,SRR21726029,0.0010654,383977850,499,131,SRX17721952,30_16S,Illumina MiSeq,SRP346777,PRJNA781615,SRS15251976,SAMN31036822,30_16S,Green turtle hatchling stomach sample,Bacteria,Campilobacterota,Campylobacteria,Campylobacterales,Arcobacteraceae,Malaciobacter,Malaciobacter_pacificus
KP453778.1.1399,SRR21726043,0.001062517,331464093,470,111,SRX17721938,44_16S,Illumina MiSeq,SRP346777,PRJNA781615,SRS15251963,SAMN31036836,44_16S,Green turtle hatchling stomach sample,Bacteria,Firmicutes,Bacilli,Bacillales,Bacillaceae,Bacillus,Bacillus_thaonhiensis
AB675658.1.1478,SRR21726020,0.001059537,305472186,499,108,SRX17721961,34_16S,Illumina MiSeq,SRP346777,PRJNA781615,SRS15251985,SAMN31036826,34_16S,Green turtle juvenile cloacal swab,Bacteria,Bacteroidota,Bacteroidia,Chitinophagales,Saprospiraceae,Portibacter,Portibacter_lacus
JF167719.1.1326,SRR21726043,0.001046891,331464093,470,111,SRX17721938,44_16S,Illumina MiSeq,SRP346777,PRJNA781615,SRS15251963,SAMN31036836,44_16S,Green turtle hatchling stomach sample,Bacteria,Patescibacteria,Saccharimonadia,Saccharimonadales,Saccharimonadaceae,TM7a,uncultured_bacterium
KC425496.1.1421,SRR21726023,0.001044399,340042833,498,113,SRX17721958,31_16S,Illumina MiSeq,SRP346777,PRJNA781615,SRS15251982,SAMN31036823,31_16S,Green turtle hatchling intestine sample,Bacteria,Proteobacteria,Alphaproteobacteria,Rhodobacterales,Rhodobacteraceae,uncultured,uncultured_marine
KY979171.1.1295,SRR21726043,0.001039079,331464093,470,111,SRX17721938,44_16S,Illumina MiSeq,SRP346777,PRJNA781615,SRS15251963,SAMN31036836,44_16S,Green turtle hatchling stomach sample,Bacteria,Proteobacteria,Gammaproteobacteria,Burkholderiales,Alcaligenaceae,Achromobacter,Achromobacter_insolitus
MG571574.1.1434,SRR21726049,0.001035442,398448802,499,134,SRX17721932,38_16S,Illumina MiSeq,SRP346777,PRJNA781615,SRS15251956,SAMN31036830,38_16S,Green turtle juvenile cloacal swab,Bacteria,Bacteroidota,Bacteroidia,Flavobacteriales,Flavobacteriaceae,Winogradskyella,Winogradskyella_sp.
EU464755.1.1364,SRR21726043,0.001031266,331464093,470,111,SRX17721938,44_16S,Illumina MiSeq,SRP346777,PRJNA781615,SRS15251963,SAMN31036836,44_16S,Green turtle hatchling stomach sample,Bacteria,Bacteroidota,Bacteroidia,Sphingobacteriales,Sphingobacteriaceae,Sphingobacterium,uncultured_bacterium
JF820845.1.1442,SRR21726023,0.001028926,340042833,498,113,SRX17721958,31_16S,Illumina MiSeq,SRP346777,PRJNA781615,SRS15251982,SAMN31036823,31_16S,Green turtle hatchling intestine sample,Bacteria,Bacteroidota,Bacteroidia,Flavobacteriales,Flavobacteriaceae,Winogradskyella,Winogradskyella_eckloniae
KY655405.1.1219,SRR21726023,0.001028926,340042833,498,113,SRX17721958,31_16S,Illumina MiSeq,SRP346777,PRJNA781615,SRS15251982,SAMN31036823,31_16S,Green turtle hatchling intestine sample,Bacteria,Proteobacteria,Gammaproteobacteria,Alteromonadales,Pseudoalteromonadaceae,Pseudoalteromonas,Pseudoalteromonas_sp.
KP261821.1.1393,SRR21726050,0.00102795,328771667,500,110,SRX17721931,37_16S,Illumina MiSeq,SRP346777,PRJNA781615,SRS15251955,SAMN31036829,37_16S,Green turtle juvenile esophageal swab,Bacteria,Proteobacteria,Alphaproteobacteria,Rhodobacterales,Rhodobacteraceae,Aliiroseovarius,Pseudoroseovarius_zhejiangensis
MF928231.1.1340,SRR21726042,0.001023619,371802664,500,145,SRX17721939,45_16S,Illumina MiSeq,SRP346777,PRJNA781615,SRS15251962,SAMN31036837,45_16S,Green turtle hatchling intestine sample,Bacteria,Proteobacteria,Gammaproteobacteria,Alteromonadales,Shewanellaceae,Shewanella,Shewanella_indica
MG889588.1.1461,SRR21726019,0.001020949,338063986,499,119,SRX17721962,35_16S,Illumina MiSeq,SRP346777,PRJNA781615,SRS15251986,SAMN31036827,35_16S,Green turtle juvenile cloacal swab,Bacteria,Proteobacteria,Gammaproteobacteria,Oceanospirillales,Kangiellaceae,Kangiella,Kangiella_sp.
AM930457.1.1449,SRR21726020,0.001020583,305472186,499,108,SRX17721961,34_16S,Illumina MiSeq,SRP346777,PRJNA781615,SRS15251985,SAMN31036826,34_16S,Green turtle juvenile cloacal swab,Bacteria,Bacteroidota,Bacteroidia,Flavobacteriales,Flavobacteriaceae,Kordia,uncultured_Bacteroidetes
AB294938.1.1451,SRR21726023,0.001013453,340042833,498,113,SRX17721958,31_16S,Illumina MiSeq,SRP346777,PRJNA781615,SRS15251982,SAMN31036823,31_16S,Green turtle hatchling intestine sample,Bacteria,Firmicutes,Clostridia,Clostridiales,Clostridiaceae,Clostridium_sensu_stricto_1,uncultured_Clostridium
JX015543.1.1515,SRR21726029,0.001010157,383977850,499,131,SRX17721952,30_16S,Illumina MiSeq,SRP346777,PRJNA781615,SRS15251976,SAMN31036822,30_16S,Green turtle hatchling stomach sample,Bacteria,Bdellovibrionota,Bdellovibrionia,Bacteriovoracales,Bacteriovoracaceae,Peredibacter,uncultured_bacterium
HE578782.1.1205,SRR21726043,0.001007828,331464093,470,111,SRX17721938,44_16S,Illumina MiSeq,SRP346777,PRJNA781615,SRS15251963,SAMN31036836,44_16S,Green turtle hatchling stomach sample,Bacteria,Firmicutes,Bacilli,Bacillales,Bacillaceae,Bacillus,Bacillus_megaterium
KX213853.1.1399,SRR21726019,0.001000931,338063986,499,119,SRX17721962,35_16S,Illumina MiSeq,SRP346777,PRJNA781615,SRS15251986,SAMN31036827,35_16S,Green turtle juvenile cloacal swab,Bacteria,Planctomycetota,OM190,OM190,OM190,OM190,uncultured_bacterium
CP012202.361635.363171,SRR21726023,0.000997981,340042833,498,113,SRX17721958,31_16S,Illumina MiSeq,SRP346777,PRJNA781615,SRS15251982,SAMN31036823,31_16S,Green turtle hatchling intestine sample,Bacteria,Proteobacteria,Gammaproteobacteria,Alteromonadales,Alteromonadaceae,Alteromonas,Alteromonas_macleodii
JF769600.1.1503,SRR21726048,0.000997964,339853596,500,116,SRX17721933,39_16S,Illumina MiSeq,SRP346777,PRJNA781615,SRS15251957,SAMN31036831,39_16S,Green turtle juvenile esophageal swab,Bacteria,Bdellovibrionota,Bdellovibrionia,Bdellovibrionales,Bdellovibrionaceae,Bdellovibrio,uncultured_bacterium
JQ212400.1.1328,SRR21726022,0.00099777,341290243,500,113,SRX17721959,32_16S,Illumina MiSeq,SRP346777,PRJNA781615,SRS15251983,SAMN31036824,32_16S,Green turtle juvenile esophageal swab,Bacteria,Patescibacteria,Gracilibacteria,Absconditabacteriales_(SR1),Absconditabacteriales_(SR1),Absconditabacteriales_(SR1),uncultured_bacterium
JQ213442.1.1362,SRR21726047,0.000995145,352120514,500,118,SRX17721934,40_16S,Illumina MiSeq,SRP346777,PRJNA781615,SRS15251958,SAMN31036832,40_16S,Green turtle juvenile esophageal swab,Bacteria,Desulfobacterota,Desulfobulbia,Desulfobulbales,Desulfocapsaceae,Desulforhopalus,uncultured_bacterium
KX097276.1.1481,SRR21726052,0.000992192,412561192,500,137,SRX17721929,27_16S,Illumina MiSeq,SRP346777,PRJNA781615,SRS15251953,SAMN31036819,27_16S,Green turtle juvenile esophageal swab,Bacteria,Bacteroidota,Bacteroidia,Flavobacteriales,Flavobacteriaceae,Lutibacter,uncultured_bacterium
JQ186004.1.1334,SRR21726029,0.000978589,383977850,499,131,SRX17721952,30_16S,Illumina MiSeq,SRP346777,PRJNA781615,SRS15251976,SAMN31036822,30_16S,Green turtle hatchling stomach sample,Bacteria,Firmicutes,Clostridia,Clostridiales,Clostridiaceae,Clostridium_sensu_stricto_1,uncultured_bacterium
KX941456.1.1413,SRR21726043,0.000976578,331464093,470,111,SRX17721938,44_16S,Illumina MiSeq,SRP346777,PRJNA781615,SRS15251963,SAMN31036836,44_16S,Green turtle hatchling stomach sample,Bacteria,Proteobacteria,Gammaproteobacteria,Vibrionales,Vibrionaceae,Photobacterium,bacterium
MJLT01000027.2775.4180,SRR21726043,0.000976578,331464093,470,111,SRX17721938,44_16S,Illumina MiSeq,SRP346777,PRJNA781615,SRS15251963,SAMN31036836,44_16S,Green turtle hatchling stomach sample,Bacteria,Actinobacteriota,Actinobacteria,Corynebacteriales,Corynebacteriaceae,Corynebacterium,Arthrobacter_cupressi
JQ209006.1.1358,SRR21726046,0.000975417,264019405,500,87,SRX17721935,41_16S,Illumina MiSeq,SRP346777,PRJNA781615,SRS15251959,SAMN31036833,41_16S,Green turtle juvenile cloacal swab,Bacteria,Proteobacteria,Gammaproteobacteria,Cellvibrionales,Halieaceae,Halioglobus,uncultured_bacterium
JQ665385.1.1228,SRR21726046,0.000975417,264019405,500,87,SRX17721935,41_16S,Illumina MiSeq,SRP346777,PRJNA781615,SRS15251959,SAMN31036833,41_16S,Green turtle juvenile cloacal swab,Bacteria,Proteobacteria,Gammaproteobacteria,Vibrionales,Vibrionaceae,Vibrio,Vibrio_harveyi
DQ486507.1.1364,SRR21726023,0.000974772,340042833,498,113,SRX17721958,31_16S,Illumina MiSeq,SRP346777,PRJNA781615,SRS15251982,SAMN31036823,31_16S,Green turtle hatchling intestine sample,Bacteria,Proteobacteria,Alphaproteobacteria,Rhodobacterales,Rhodobacteraceae,Marivita,Rhodobacteraceae_bacterium
KC527459.1.1244,SRR21726047,0.000967244,352120514,500,118,SRX17721934,40_16S,Illumina MiSeq,SRP346777,PRJNA781615,SRS15251958,SAMN31036832,40_16S,Green turtle juvenile esophageal swab,Bacteria,Proteobacteria,Gammaproteobacteria,Vibrionales,Vibrionaceae,Vibrio,uncultured_bacterium
KF515220.1.1384,SRR21726029,0.000962806,383977850,499,131,SRX17721952,30_16S,Illumina MiSeq,SRP346777,PRJNA781615,SRS15251976,SAMN31036822,30_16S,Green turtle hatchling stomach sample,Bacteria,Proteobacteria,Alphaproteobacteria,Rhodobacterales,Rhodobacteraceae,Pseudooctadecabacter,Pseudooctadecabacter_jejudonensis
KC527459.1.1244,SRR21726045,0.000962306,293530160,484,103,SRX17721936,42_16S,Illumina MiSeq,SRP346777,PRJNA781615,SRS15251960,SAMN31036834,42_16S,Green turtle hatchling stomach sample,Bacteria,Proteobacteria,Gammaproteobacteria,Vibrionales,Vibrionaceae,Vibrio,uncultured_bacterium
JX530554.1.1433,SRR21726019,0.000960894,338063986,499,119,SRX17721962,35_16S,Illumina MiSeq,SRP346777,PRJNA781615,SRS15251986,SAMN31036827,35_16S,Green turtle juvenile cloacal swab,Bacteria,Bdellovibrionota,Bdellovibrionia,Bacteriovoracales,Bacteriovoracaceae,Peredibacter,uncultured_Bacteriovorax
GU234951.1.1387,SRR21726020,0.000958257,305472186,499,108,SRX17721961,34_16S,Illumina MiSeq,SRP346777,PRJNA781615,SRS15251985,SAMN31036826,34_16S,Green turtle juvenile cloacal swab,Bacteria,Bdellovibrionota,Bdellovibrionia,Bacteriovoracales,Bacteriovoracaceae,Peredibacter,uncultured_marine
KX213853.1.1399,SRR21726020,0.000958257,305472186,499,108,SRX17721961,34_16S,Illumina MiSeq,SRP346777,PRJNA781615,SRS15251985,SAMN31036826,34_16S,Green turtle juvenile cloacal swab,Bacteria,Planctomycetota,OM190,OM190,OM190,OM190,uncultured_bacterium
JX530554.1.1433,SRR21726048,0.000958046,339853596,500,116,SRX17721933,39_16S,Illumina MiSeq,SRP346777,PRJNA781615,SRS15251957,SAMN31036831,39_16S,Green turtle juvenile esophageal swab,Bacteria,Bdellovibrionota,Bdellovibrionia,Bacteriovoracales,Bacteriovoracaceae,Peredibacter,uncultured_Bacteriovorax
KF786519.1.1376,SRR21726023,0.000951563,340042833,498,113,SRX17721958,31_16S,Illumina MiSeq,SRP346777,PRJNA781615,SRS15251982,SAMN31036823,31_16S,Green turtle hatchling intestine sample,Bacteria,Myxococcota,Polyangia,Nannocystales,Nannocystaceae,uncultured,uncultured_delta
AY193154.1.1445,SRR21726020,0.000950467,305472186,499,108,SRX17721961,34_16S,Illumina MiSeq,SRP346777,PRJNA781615,SRS15251985,SAMN31036826,34_16S,Green turtle juvenile cloacal swab,Bacteria,Bacteroidota,Bacteroidia,Chitinophagales,Saprospiraceae,Lewinella,uncultured_Bacteroidetes
KP299857.1.1430,SRR21726029,0.000947022,383977850,499,131,SRX17721952,30_16S,Illumina MiSeq,SRP346777,PRJNA781615,SRS15251976,SAMN31036822,30_16S,Green turtle hatchling stomach sample,Bacteria,Proteobacteria,Alphaproteobacteria,Rhodobacterales,Rhodobacteraceae,Actibacterium,uncultured_bacterium
MLAY01000031.210.1714,SRR21726049,0.00094669,398448802,499,134,SRX17721932,38_16S,Illumina MiSeq,SRP346777,PRJNA781615,SRS15251956,SAMN31036830,38_16S,Green turtle juvenile cloacal swab,Bacteria,Bacteroidota,Bacteroidia,Cytophagales,Microscillaceae,Microscilla,marine_bacterium
GU644357.1.1376,SRR21726023,0.000943827,340042833,498,113,SRX17721958,31_16S,Illumina MiSeq,SRP346777,PRJNA781615,SRS15251982,SAMN31036823,31_16S,Green turtle hatchling intestine sample,Bacteria,Proteobacteria,Alphaproteobacteria,Sphingomonadales,Sphingomonadaceae,Erythrobacter,Erythrobacter_sp.
EU459194.1.1372,SRR21726044,0.000940474,355385245,500,127,SRX17721937,43_16S,Illumina MiSeq,SRP346777,PRJNA781615,SRS15251961,SAMN31036835,43_16S,Green turtle hatchling intestine sample,Bacteria,Firmicutes,Clostridia,Peptostreptococcales-Tissierellales,Peptostreptococcaceae,Terrisporobacter,uncultured_bacterium
JQ213752.1.1353,SRR21726022,0.000939077,341290243,500,113,SRX17721959,32_16S,Illumina MiSeq,SRP346777,PRJNA781615,SRS15251983,SAMN31036824,32_16S,Green turtle juvenile esophageal swab,Bacteria,Bacteroidota,Bacteroidia,Bacteroidetes_VC2.1_Bac22,Bacteroidetes_VC2.1_Bac22,Bacteroidetes_VC2.1_Bac22,uncultured_bacterium
JQ665385.1.1228,SRR21726049,0.000934856,398448802,499,134,SRX17721932,38_16S,Illumina MiSeq,SRP346777,PRJNA781615,SRS15251956,SAMN31036830,38_16S,Green turtle juvenile cloacal swab,Bacteria,Proteobacteria,Gammaproteobacteria,Vibrionales,Vibrionaceae,Vibrio,Vibrio_harveyi
AM882558.1.1492,SRR21726046,0.000931413,264019405,500,87,SRX17721935,41_16S,Illumina MiSeq,SRP346777,PRJNA781615,SRS15251959,SAMN31036833,41_16S,Green turtle juvenile cloacal swab,Bacteria,Proteobacteria,Gammaproteobacteria,Cellvibrionales,Halieaceae,Halioglobus,uncultured_gamma
JF769600.1.1503,SRR21726019,0.000930866,338063986,499,119,SRX17721962,35_16S,Illumina MiSeq,SRP346777,PRJNA781615,SRS15251986,SAMN31036827,35_16S,Green turtle juvenile cloacal swab,Bacteria,Bdellovibrionota,Bdellovibrionia,Bdellovibrionales,Bdellovibrionaceae,Bdellovibrio,uncultured_bacterium
FJ959375.1.1388,SRR21726051,0.000926874,345760543,484,123,SRX17721930,28_16S,Illumina MiSeq,SRP346777,PRJNA781615,SRS15251954,SAMN31036820,28_16S,Green turtle juvenile cloacal swab,Bacteria,Proteobacteria,Alphaproteobacteria,Rhizobiales,Rhizobiaceae,Mesorhizobium,Mesorhizobium_sp.
FJ497496.1.1440,SRR21726029,0.000923346,383977850,499,131,SRX17721952,30_16S,Illumina MiSeq,SRP346777,PRJNA781615,SRS15251976,SAMN31036822,30_16S,Green turtle hatchling stomach sample,Bacteria,Proteobacteria,Gammaproteobacteria,Alteromonadales,Alteromonadaceae,Alteromonadaceae,uncultured_bacterium
AY314754.1.1483,SRR21726048,0.000918127,339853596,500,116,SRX17721933,39_16S,Illumina MiSeq,SRP346777,PRJNA781615,SRS15251957,SAMN31036831,39_16S,Green turtle juvenile esophageal swab,Bacteria,Campilobacterota,Campylobacteria,Campylobacterales,Arcobacteraceae,Arcobacter,Arcobacter_thereius
JQ212400.1.1328,SRR21726048,0.000918127,339853596,500,116,SRX17721933,39_16S,Illumina MiSeq,SRP346777,PRJNA781615,SRS15251957,SAMN31036831,39_16S,Green turtle juvenile esophageal swab,Bacteria,Patescibacteria,Gracilibacteria,Absconditabacteriales_(SR1),Absconditabacteriales_(SR1),Absconditabacteriales_(SR1),uncultured_bacterium
GU117926.1.1383,SRR21726020,0.000911513,305472186,499,108,SRX17721961,34_16S,Illumina MiSeq,SRP346777,PRJNA781615,SRS15251985,SAMN31036826,34_16S,Green turtle juvenile cloacal swab,Bacteria,Proteobacteria,Alphaproteobacteria,Rhodobacterales,Rhodobacteraceae,Tateyamaria,uncultured_bacterium
JQ209480.1.1355,SRR21726029,0.000907563,383977850,499,131,SRX17721952,30_16S,Illumina MiSeq,SRP346777,PRJNA781615,SRS15251976,SAMN31036822,30_16S,Green turtle hatchling stomach sample,Bacteria,Bacteroidota,Bacteroidia,Bacteroidales,Prolixibacteraceae,Prolixibacteraceae,uncultured_bacterium
KU578507.1.1366,SRR21726029,0.000907563,383977850,499,131,SRX17721952,30_16S,Illumina MiSeq,SRP346777,PRJNA781615,SRS15251976,SAMN31036822,30_16S,Green turtle hatchling stomach sample,Bacteria,Actinobacteriota,Acidimicrobiia,Microtrichales,Ilumatobacteraceae,Ilumatobacter,uncultured_bacterium
JQ347351.1.1458,SRR21726023,0.000905145,340042833,498,113,SRX17721958,31_16S,Illumina MiSeq,SRP346777,PRJNA781615,SRS15251982,SAMN31036823,31_16S,Green turtle hatchling intestine sample,Bacteria,Chloroflexi,Anaerolineae,SBR1031,A4b,A4b,uncultured_bacterium
JQ218800.1.1494,SRR21726046,0.000894743,264019405,500,87,SRX17721935,41_16S,Illumina MiSeq,SRP346777,PRJNA781615,SRS15251959,SAMN31036833,41_16S,Green turtle juvenile cloacal swab,Bacteria,Proteobacteria,Gammaproteobacteria,Granulosicoccales,Granulosicoccaceae,Granulosicoccus,uncultured_proteobacterium
JN433182.1.1362,SRR21726023,0.000889673,340042833,498,113,SRX17721958,31_16S,Illumina MiSeq,SRP346777,PRJNA781615,SRS15251982,SAMN31036823,31_16S,Green turtle hatchling intestine sample,Bacteria,Bdellovibrionota,Bdellovibrionia,Bacteriovoracales,Bacteriovoracaceae,Peredibacter,uncultured_organism
JQ186004.1.1334,SRR21726023,0.000889673,340042833,498,113,SRX17721958,31_16S,Illumina MiSeq,SRP346777,PRJNA781615,SRS15251982,SAMN31036823,31_16S,Green turtle hatchling intestine sample,Bacteria,Firmicutes,Clostridia,Clostridiales,Clostridiaceae,Clostridium_sensu_stricto_1,uncultured_bacterium
MG002009.1.1209,SRR21726023,0.000889673,340042833,498,113,SRX17721958,31_16S,Illumina MiSeq,SRP346777,PRJNA781615,SRS15251982,SAMN31036823,31_16S,Green turtle hatchling intestine sample,Bacteria,Proteobacteria,Alphaproteobacteria,Rhodobacterales,Rhodobacteraceae,Aliiroseovarius,uncultured_bacterium
JQ209006.1.1358,SRR21726020,0.000888141,305472186,499,108,SRX17721961,34_16S,Illumina MiSeq,SRP346777,PRJNA781615,SRS15251985,SAMN31036826,34_16S,Green turtle juvenile cloacal swab,Bacteria,Proteobacteria,Gammaproteobacteria,Cellvibrionales,Halieaceae,Halioglobus,uncultured_bacterium
KU533822.1.1490,SRR21726047,0.00088354,352120514,500,118,SRX17721934,40_16S,Illumina MiSeq,SRP346777,PRJNA781615,SRS15251958,SAMN31036832,40_16S,Green turtle juvenile esophageal swab,Bacteria,Bacteroidota,Bacteroidia,Bacteroidales,Bacteroidaceae,Bacteroides,Bacteroides_sp.4SWWS3-28
KX213853.1.1399,SRR21726049,0.000881605,398448802,499,134,SRX17721932,38_16S,Illumina MiSeq,SRP346777,PRJNA781615,SRS15251956,SAMN31036830,38_16S,Green turtle juvenile cloacal swab,Bacteria,Planctomycetota,OM190,OM190,OM190,OM190,uncultured_bacterium
AB981838.1.1441,SRR21726050,0.0008811,328771667,500,110,SRX17721931,37_16S,Illumina MiSeq,SRP346777,PRJNA781615,SRS15251955,SAMN31036829,37_16S,Green turtle juvenile esophageal swab,Bacteria,Proteobacteria,Gammaproteobacteria,Nitrosococcales,Methylophagaceae,Marine_Methylotrophic_Group_3,uncultured_gamma
JQ215733.1.1343,SRR21726019,0.000880819,338063986,499,119,SRX17721962,35_16S,Illumina MiSeq,SRP346777,PRJNA781615,SRS15251986,SAMN31036827,35_16S,Green turtle juvenile cloacal swab,Bacteria,Bacteroidota,Bacteroidia,Flavobacteriales,Weeksellaceae,Ornithobacterium,uncultured_bacterium
JQ218800.1.1494,SRR21726029,0.000875995,383977850,499,131,SRX17721952,30_16S,Illumina MiSeq,SRP346777,PRJNA781615,SRS15251976,SAMN31036822,30_16S,Green turtle hatchling stomach sample,Bacteria,Proteobacteria,Gammaproteobacteria,Granulosicoccales,Granulosicoccaceae,Granulosicoccus,uncultured_proteobacterium
JQ195094.1.1286,SRR21726049,0.000875688,398448802,499,134,SRX17721932,38_16S,Illumina MiSeq,SRP346777,PRJNA781615,SRS15251956,SAMN31036830,38_16S,Green turtle juvenile cloacal swab,Bacteria,Proteobacteria,Alphaproteobacteria,Rhodobacterales,Rhodobacteraceae,Octadecabacter,uncultured_bacterium
EU884568.1.1445,SRR21726023,0.0008742,340042833,498,113,SRX17721958,31_16S,Illumina MiSeq,SRP346777,PRJNA781615,SRS15251982,SAMN31036823,31_16S,Green turtle hatchling intestine sample,Bacteria,Proteobacteria,Gammaproteobacteria,Alteromonadales,Alteromonadaceae,Alteromonas,bacterium_G25-1
HQ218715.1.1464,SRR21726023,0.000866464,340042833,498,113,SRX17721958,31_16S,Illumina MiSeq,SRP346777,PRJNA781615,SRS15251982,SAMN31036823,31_16S,Green turtle hatchling intestine sample,Bacteria,Proteobacteria,Alphaproteobacteria,Paracaedibacterales,Paracaedibacteraceae,uncultured,uncultured_bacterium
JQ215733.1.1343,SRR21726049,0.000863854,398448802,499,134,SRX17721932,38_16S,Illumina MiSeq,SRP346777,PRJNA781615,SRS15251956,SAMN31036830,38_16S,Green turtle juvenile cloacal swab,Bacteria,Bacteroidota,Bacteroidia,Flavobacteriales,Weeksellaceae,Ornithobacterium,uncultured_bacterium
JX530554.1.1433,SRR21726029,0.000860212,383977850,499,131,SRX17721952,30_16S,Illumina MiSeq,SRP346777,PRJNA781615,SRS15251976,SAMN31036822,30_16S,Green turtle hatchling stomach sample,Bacteria,Bdellovibrionota,Bdellovibrionia,Bacteriovoracales,Bacteriovoracaceae,Peredibacter,uncultured_Bacteriovorax
GQ154966.1.1364,SRR21726044,0.000856253,355385245,500,127,SRX17721937,43_16S,Illumina MiSeq,SRP346777,PRJNA781615,SRS15251961,SAMN31036835,43_16S,Green turtle hatchling intestine sample,Bacteria,Proteobacteria,Gammaproteobacteria,Enterobacterales,Enterobacteriaceae,Citrobacter,uncultured_bacterium
CU919413.60.1396,SRR21726051,0.000853524,345760543,484,123,SRX17721930,28_16S,Illumina MiSeq,SRP346777,PRJNA781615,SRS15251954,SAMN31036820,28_16S,Green turtle juvenile cloacal swab,Bacteria,Proteobacteria,Alphaproteobacteria,Rhizobiales,Rhizobiaceae,Allorhizobium-Neorhizobium-Pararhizobium-Rhizobium,uncultured_bacterium
DQ269109.1.1317,SRR21726046,0.000850739,264019405,500,87,SRX17721935,41_16S,Illumina MiSeq,SRP346777,PRJNA781615,SRS15251959,SAMN31036833,41_16S,Green turtle juvenile cloacal swab,Bacteria,Bacteroidota,Bacteroidia,Chitinophagales,Saprospiraceae,uncultured,uncultured_Bacteroidetes
JQ215863.1.1346,SRR21726020,0.000841397,305472186,499,108,SRX17721961,34_16S,Illumina MiSeq,SRP346777,PRJNA781615,SRS15251985,SAMN31036826,34_16S,Green turtle juvenile cloacal swab,Bacteria,Campilobacterota,Campylobacteria,Campylobacterales,Arcobacteraceae,Halarcobacter,uncultured_bacterium
GU451493.1.1241,SRR21726019,0.000840782,338063986,499,119,SRX17721962,35_16S,Illumina MiSeq,SRP346777,PRJNA781615,SRS15251986,SAMN31036827,35_16S,Green turtle juvenile cloacal swab,Bacteria,Bacteroidota,Bacteroidia,Chitinophagales,Saprospiraceae,uncultured,uncultured_bacterium
KU578507.1.1366,SRR21726019,0.000840782,338063986,499,119,SRX17721962,35_16S,Illumina MiSeq,SRP346777,PRJNA781615,SRS15251986,SAMN31036827,35_16S,Green turtle juvenile cloacal swab,Bacteria,Actinobacteriota,Acidimicrobiia,Microtrichales,Ilumatobacteraceae,Ilumatobacter,uncultured_bacterium
KU534323.1.1251,SRR21726043,0.000835951,331464093,470,111,SRX17721938,44_16S,Illumina MiSeq,SRP346777,PRJNA781615,SRS15251963,SAMN31036836,44_16S,Green turtle hatchling stomach sample,Bacteria,Proteobacteria,Gammaproteobacteria,Burkholderiales,Comamonadaceae,Xenophilus,Xenophilus_sp.
HE574854.1.1290,SRR21726049,0.00083427,398448802,499,134,SRX17721932,38_16S,Illumina MiSeq,SRP346777,PRJNA781615,SRS15251956,SAMN31036830,38_16S,Green turtle juvenile cloacal swab,Bacteria,Proteobacteria,Alphaproteobacteria,Rhodobacterales,Rhodobacteraceae,Rhodobacteraceae,uncultured_bacterium
EF562573.1.1498,SRR21726050,0.00083215,328771667,500,110,SRX17721931,37_16S,Illumina MiSeq,SRP346777,PRJNA781615,SRS15251955,SAMN31036829,37_16S,Green turtle juvenile esophageal swab,Bacteria,Proteobacteria,Gammaproteobacteria,Burkholderiales,Methylophilaceae,Methylotenera,uncultured_beta
KM347966.1.1440,SRR21726050,0.00083215,328771667,500,110,SRX17721931,37_16S,Illumina MiSeq,SRP346777,PRJNA781615,SRS15251955,SAMN31036829,37_16S,Green turtle juvenile esophageal swab,Bacteria,Proteobacteria,Alphaproteobacteria,Rhodobacterales,Rhodobacteraceae,Roseovarius,Roseovarius_antarcticus
AJ242579.1.1303,SRR21726040,0.000830445,377927131,499,134,SRX17721941,29_16S,Illumina MiSeq,SRP346777,PRJNA781615,SRS15251965,SAMN31036821,29_16S,Green turtle juvenile cloacal swab,Bacteria,Proteobacteria,Alphaproteobacteria,Rhizobiales,Rhizobiaceae,Ochrobactrum,Ochrobactrum_tritici
KM203471.1.1200,SRR21726023,0.000827783,340042833,498,113,SRX17721958,31_16S,Illumina MiSeq,SRP346777,PRJNA781615,SRS15251982,SAMN31036823,31_16S,Green turtle hatchling intestine sample,Bacteria,Proteobacteria,Gammaproteobacteria,Cellvibrionales,Halieaceae,Halieaceae,uncultured_bacterium
FJ484858.1.1244,SRR21726023,0.000820046,340042833,498,113,SRX17721958,31_16S,Illumina MiSeq,SRP346777,PRJNA781615,SRS15251982,SAMN31036823,31_16S,Green turtle hatchling intestine sample,Bacteria,Firmicutes,Clostridia,Clostridiales,Clostridiaceae,Clostridium_sensu_stricto_1,uncultured_Firmicutes
JN436172.1.1326,SRR21726052,0.000819637,412561192,500,137,SRX17721929,27_16S,Illumina MiSeq,SRP346777,PRJNA781615,SRS15251953,SAMN31036819,27_16S,Green turtle juvenile esophageal swab,Bacteria,Proteobacteria,Alphaproteobacteria,Rhodobacterales,Rhodobacteraceae,Donghicola,uncultured_organism
MSMP01000073.291.1788,SRR21726029,0.000812861,383977850,499,131,SRX17721952,30_16S,Illumina MiSeq,SRP346777,PRJNA781615,SRS15251976,SAMN31036822,30_16S,Green turtle hatchling stomach sample,Bacteria,Bacteroidota,Bacteroidia,Flavobacteriales,Flavobacteriaceae,Tenacibaculum,Tenacibaculum_sp.
JQ218800.1.1494,SRR21726020,0.000810234,305472186,499,108,SRX17721961,34_16S,Illumina MiSeq,SRP346777,PRJNA781615,SRS15251985,SAMN31036826,34_16S,Green turtle juvenile cloacal swab,Bacteria,Proteobacteria,Gammaproteobacteria,Granulosicoccales,Granulosicoccaceae,Granulosicoccus,uncultured_proteobacterium
GU644357.1.1376,SRR21726029,0.000804969,383977850,499,131,SRX17721952,30_16S,Illumina MiSeq,SRP346777,PRJNA781615,SRS15251976,SAMN31036822,30_16S,Green turtle hatchling stomach sample,Bacteria,Proteobacteria,Alphaproteobacteria,Sphingomonadales,Sphingomonadaceae,Erythrobacter,Erythrobacter_sp.
KF410342.1.1369,SRR21726043,0.0008047,331464093,470,111,SRX17721938,44_16S,Illumina MiSeq,SRP346777,PRJNA781615,SRS15251963,SAMN31036836,44_16S,Green turtle hatchling stomach sample,Bacteria,Actinobacteriota,Actinobacteria,Corynebacteriales,Nocardiaceae,Rhodococcus,Rhodococcus_maanshanensis
EU935247.1.1220,SRR21726023,0.000804574,340042833,498,113,SRX17721958,31_16S,Illumina MiSeq,SRP346777,PRJNA781615,SRS15251982,SAMN31036823,31_16S,Green turtle hatchling intestine sample,Bacteria,Proteobacteria,Gammaproteobacteria,Alteromonadales,Alteromonadaceae,Alteromonas,bacterium_L188S.95
EF562573.1.1498,SRR21726048,0.000798371,339853596,500,116,SRX17721933,39_16S,Illumina MiSeq,SRP346777,PRJNA781615,SRS15251957,SAMN31036831,39_16S,Green turtle juvenile esophageal swab,Bacteria,Proteobacteria,Gammaproteobacteria,Burkholderiales,Methylophilaceae,Methylotenera,uncultured_beta
KX172203.1.1469,SRR21726045,0.000796016,293530160,484,103,SRX17721936,42_16S,Illumina MiSeq,SRP346777,PRJNA781615,SRS15251960,SAMN31036834,42_16S,Green turtle hatchling stomach sample,Bacteria,Proteobacteria,Gammaproteobacteria,Alteromonadales,Shewanellaceae,Psychrobium,uncultured_bacterium
LN565045.1.1323,SRR21726029,0.000789185,383977850,499,131,SRX17721952,30_16S,Illumina MiSeq,SRP346777,PRJNA781615,SRS15251976,SAMN31036822,30_16S,Green turtle hatchling stomach sample,Bacteria,Patescibacteria,Saccharimonadia,Saccharimonadales,Saccharimonadaceae,Candidatus_Saccharimonas,uncultured_bacterium
JQ716266.1.1485,SRR21726023,0.000789101,340042833,498,113,SRX17721958,31_16S,Illumina MiSeq,SRP346777,PRJNA781615,SRS15251982,SAMN31036823,31_16S,Green turtle hatchling intestine sample,Bacteria,Bacteroidota,Bacteroidia,Cytophagales,Cyclobacteriaceae,Marinoscillum,uncultured_bacterium
KX088587.1.1518,SRR21726050,0.0007832,328771667,500,110,SRX17721931,37_16S,Illumina MiSeq,SRP346777,PRJNA781615,SRS15251955,SAMN31036829,37_16S,Green turtle juvenile esophageal swab,Bacteria,Spirochaetota,Spirochaetia,Spirochaetales,Spirochaetaceae,Sediminispirochaeta,uncultured_bacterium
LC330916.1.1353,SRR21726023,0.000781365,340042833,498,113,SRX17721958,31_16S,Illumina MiSeq,SRP346777,PRJNA781615,SRS15251982,SAMN31036823,31_16S,Green turtle hatchling intestine sample,Bacteria,Firmicutes,Clostridia,Lachnospirales,Lachnospiraceae,Lachnospiraceae_UCG-007,Lachnospiraceae_bacterium
EU937750.1.1485,SRR21726043,0.000781262,331464093,470,111,SRX17721938,44_16S,Illumina MiSeq,SRP346777,PRJNA781615,SRS15251963,SAMN31036836,44_16S,Green turtle hatchling stomach sample,Bacteria,Actinobacteriota,Actinobacteria,Micrococcales,Dermabacteraceae,Brachybacterium,Brachybacterium_saurashtrense
MH174326.1.1392,SRR21726043,0.000781262,331464093,470,111,SRX17721938,44_16S,Illumina MiSeq,SRP346777,PRJNA781615,SRS15251963,SAMN31036836,44_16S,Green turtle hatchling stomach sample,Bacteria,Proteobacteria,Gammaproteobacteria,Pseudomonadales,Pseudomonadaceae,Pseudomonas,Pseudomonas_plecoglossicida
JQ214955.1.1351,SRR21726018,0.000777605,252048132,500,102,SRX17721963,36_16S,Illumina MiSeq,SRP346777,PRJNA781615,SRS15251987,SAMN31036828,36_16S,Green turtle juvenile esophageal swab,Bacteria,Bacteroidota,Bacteroidia,Flavobacteriales,Cryomorphaceae,uncultured,uncultured_bacterium
KU578507.1.1366,SRR21726049,0.000775102,398448802,499,134,SRX17721932,38_16S,Illumina MiSeq,SRP346777,PRJNA781615,SRS15251956,SAMN31036830,38_16S,Green turtle juvenile cloacal swab,Bacteria,Actinobacteriota,Acidimicrobiia,Microtrichales,Ilumatobacteraceae,Ilumatobacter,uncultured_bacterium
KX173042.1.1456,SRR21726049,0.000775102,398448802,499,134,SRX17721932,38_16S,Illumina MiSeq,SRP346777,PRJNA781615,SRS15251956,SAMN31036830,38_16S,Green turtle juvenile cloacal swab,Bacteria,Proteobacteria,Gammaproteobacteria,Cellvibrionales,Spongiibacteraceae,BD1-7_clade,uncultured_bacterium
GU001883.1.1440,SRR21726029,0.000773401,383977850,499,131,SRX17721952,30_16S,Illumina MiSeq,SRP346777,PRJNA781615,SRS15251976,SAMN31036822,30_16S,Green turtle hatchling stomach sample,Bacteria,Firmicutes,Bacilli,Bacillales,Bacillaceae,Halobacillus,Halobacillus_trueperi
CP000885.15754.17276,SRR21726019,0.000770717,338063986,499,119,SRX17721962,35_16S,Illumina MiSeq,SRP346777,PRJNA781615,SRS15251986,SAMN31036827,35_16S,Green turtle juvenile cloacal swab,Bacteria,Firmicutes,Clostridia,Lachnospirales,Lachnospiraceae,Lachnoclostridium,Lachnoclostridium_phytofermentans
KJ820916.1.1219,SRR21726040,0.000770558,377927131,499,134,SRX17721941,29_16S,Illumina MiSeq,SRP346777,PRJNA781615,SRS15251965,SAMN31036821,29_16S,Green turtle juvenile cloacal swab,Bacteria,Proteobacteria,Gammaproteobacteria,Aeromonadales,Aeromonadaceae,Aeromonas,Aeromonas_hydrophila
JYMV01012758.1039.2521,SRR21726049,0.000769185,398448802,499,134,SRX17721932,38_16S,Illumina MiSeq,SRP346777,PRJNA781615,SRS15251956,SAMN31036830,38_16S,Green turtle juvenile cloacal swab,Bacteria,WPS-2,WPS-2,WPS-2,WPS-2,WPS-2,hydrothermal_vent
FJ203596.1.1446,SRR21726023,0.000765892,340042833,498,113,SRX17721958,31_16S,Illumina MiSeq,SRP346777,PRJNA781615,SRS15251982,SAMN31036823,31_16S,Green turtle hatchling intestine sample,Bacteria,Bacteroidota,Bacteroidia,Cytophagales,Cyclobacteriaceae,uncultured,uncultured_bacterium
AB973384.1.1269,SRR21726043,0.000765637,331464093,470,111,SRX17721938,44_16S,Illumina MiSeq,SRP346777,PRJNA781615,SRS15251963,SAMN31036836,44_16S,Green turtle hatchling stomach sample,Bacteria,Firmicutes,Clostridia,Clostridiales,Clostridiaceae,Clostridium_sensu_stricto_13,Clostridium_sp.
JQ660037.1.1467,SRR21726043,0.000765637,331464093,470,111,SRX17721938,44_16S,Illumina MiSeq,SRP346777,PRJNA781615,SRS15251963,SAMN31036836,44_16S,Green turtle hatchling stomach sample,Bacteria,Actinobacteriota,Actinobacteria,Micrococcales,Intrasporangiaceae,Knoellia,Knoellia_sp.
JN977272.1.1543,SRR21726029,0.000765509,383977850,499,131,SRX17721952,30_16S,Illumina MiSeq,SRP346777,PRJNA781615,SRS15251976,SAMN31036822,30_16S,Green turtle hatchling stomach sample,Bacteria,Acidobacteriota,Thermoanaerobaculia,Thermoanaerobaculales,Thermoanaerobaculaceae,Subgroup_10,uncultured_bacterium
JQ213708.1.1355,SRR21726046,0.000762732,264019405,500,87,SRX17721935,41_16S,Illumina MiSeq,SRP346777,PRJNA781615,SRS15251959,SAMN31036833,41_16S,Green turtle juvenile cloacal swab,Bacteria,Synergistota,Synergistia,Synergistales,Synergistaceae,Thermovirga,uncultured_bacterium
LN565045.1.1323,SRR21726020,0.000755699,305472186,499,108,SRX17721961,34_16S,Illumina MiSeq,SRP346777,PRJNA781615,SRS15251985,SAMN31036826,34_16S,Green turtle juvenile cloacal swab,Bacteria,Patescibacteria,Saccharimonadia,Saccharimonadales,Saccharimonadaceae,Candidatus_Saccharimonas,uncultured_bacterium
JN981163.1.1221,SRR21726044,0.000753315,355385245,500,127,SRX17721937,43_16S,Illumina MiSeq,SRP346777,PRJNA781615,SRS15251961,SAMN31036835,43_16S,Green turtle hatchling intestine sample,Bacteria,Proteobacteria,Gammaproteobacteria,Enterobacterales,Enterobacteriaceae,Klebsiella,uncultured_bacterium
GU234951.1.1387,SRR21726046,0.000748064,264019405,500,87,SRX17721935,41_16S,Illumina MiSeq,SRP346777,PRJNA781615,SRS15251959,SAMN31036833,41_16S,Green turtle juvenile cloacal swab,Bacteria,Bdellovibrionota,Bdellovibrionia,Bacteriovoracales,Bacteriovoracaceae,Peredibacter,uncultured_marine
KC669071.1.1499,SRR21726023,0.000742683,340042833,498,113,SRX17721958,31_16S,Illumina MiSeq,SRP346777,PRJNA781615,SRS15251982,SAMN31036823,31_16S,Green turtle hatchling intestine sample,Bacteria,Proteobacteria,Gammaproteobacteria,HOC36,HOC36,HOC36,uncultured_bacterium
JF443763.1.1367,SRR21726020,0.000740117,305472186,499,108,SRX17721961,34_16S,Illumina MiSeq,SRP346777,PRJNA781615,SRS15251985,SAMN31036826,34_16S,Green turtle juvenile cloacal swab,Bacteria,Planctomycetota,Planctomycetes,Pirellulales,Pirellulaceae,Blastopirellula,planctomycete_MS1316
AM930457.1.1449,SRR21726023,0.000734947,340042833,498,113,SRX17721958,31_16S,Illumina MiSeq,SRP346777,PRJNA781615,SRS15251982,SAMN31036823,31_16S,Green turtle hatchling intestine sample,Bacteria,Bacteroidota,Bacteroidia,Flavobacteriales,Flavobacteriaceae,Kordia,uncultured_Bacteroidetes
HQ783425.1.1446,SRR21726040,0.000734625,377927131,499,134,SRX17721941,29_16S,Illumina MiSeq,SRP346777,PRJNA781615,SRS15251965,SAMN31036821,29_16S,Green turtle juvenile cloacal swab,Bacteria,Proteobacteria,Gammaproteobacteria,Enterobacterales,Enterobacteriaceae,Klebsiella,uncultured_organism
AB627029.1.1511,SRR21726043,0.000734386,331464093,470,111,SRX17721938,44_16S,Illumina MiSeq,SRP346777,PRJNA781615,SRS15251963,SAMN31036836,44_16S,Green turtle hatchling stomach sample,Bacteria,Firmicutes,Clostridia,Lachnospirales,Lachnospiraceae,Anaerocolumna,Anaerocolumna_aminovalerica
EU443967.1.1418,SRR21726043,0.000734386,331464093,470,111,SRX17721938,44_16S,Illumina MiSeq,SRP346777,PRJNA781615,SRS15251963,SAMN31036836,44_16S,Green turtle hatchling stomach sample,Bacteria,Bdellovibrionota,Bdellovibrionia,Bacteriovoracales,Bacteriovoracaceae,Peredibacter,Bacteriovorax_sp.
KP975264.1.1504,SRR21726043,0.000734386,331464093,470,111,SRX17721938,44_16S,Illumina MiSeq,SRP346777,PRJNA781615,SRS15251963,SAMN31036836,44_16S,Green turtle hatchling stomach sample,Bacteria,Proteobacteria,Gammaproteobacteria,Aeromonadales,Aeromonadaceae,Aeromonas,uncultured_bacterium
U59278.1.1507,SRR21726043,0.000734386,331464093,470,111,SRX17721938,44_16S,Illumina MiSeq,SRP346777,PRJNA781615,SRS15251963,SAMN31036836,44_16S,Green turtle hatchling stomach sample,Bacteria,Firmicutes,Clostridia,Clostridiales,Clostridiaceae,Clostridium_sensu_stricto_1,Clostridium_septicum
JQ579738.1.1501,SRR21726052,0.000733359,412561192,500,137,SRX17721929,27_16S,Illumina MiSeq,SRP346777,PRJNA781615,SRS15251953,SAMN31036819,27_16S,Green turtle juvenile esophageal swab,Bacteria,Proteobacteria,Gammaproteobacteria,Thiotrichales,Thiotrichaceae,Cocleimonas,uncultured_gamma
JQ214955.1.1351,SRR21726049,0.000727768,398448802,499,134,SRX17721932,38_16S,Illumina MiSeq,SRP346777,PRJNA781615,SRS15251956,SAMN31036830,38_16S,Green turtle juvenile cloacal swab,Bacteria,Bacteroidota,Bacteroidia,Flavobacteriales,Cryomorphaceae,uncultured,uncultured_bacterium
AB073573.1.1395,SRR21726023,0.000727211,340042833,498,113,SRX17721958,31_16S,Illumina MiSeq,SRP346777,PRJNA781615,SRS15251982,SAMN31036823,31_16S,Green turtle hatchling intestine sample,Bacteria,Bacteroidota,Bacteroidia,Flavobacteriales,Flavobacteriaceae,Mesoflavibacter,Cytophaga_sp.
KP030838.1.1428,SRR21726023,0.000727211,340042833,498,113,SRX17721958,31_16S,Illumina MiSeq,SRP346777,PRJNA781615,SRS15251982,SAMN31036823,31_16S,Green turtle hatchling intestine sample,Bacteria,Bacteroidota,Bacteroidia,Flavobacteriales,Flavobacteriaceae,uncultured,Flavobacterium_sp.
GU118057.1.1440,SRR21726029,0.00072605,383977850,499,131,SRX17721952,30_16S,Illumina MiSeq,SRP346777,PRJNA781615,SRS15251976,SAMN31036822,30_16S,Green turtle hatchling stomach sample,Bacteria,Actinobacteriota,Acidimicrobiia,Microtrichales,Microtrichaceae,Sva0996_marine_group,uncultured_bacterium
GQ245902.1.1404,SRR21726049,0.000721851,398448802,499,134,SRX17721932,38_16S,Illumina MiSeq,SRP346777,PRJNA781615,SRS15251956,SAMN31036830,38_16S,Green turtle juvenile cloacal swab,Bacteria,Campilobacterota,Campylobacteria,Campylobacterales,Arcobacteraceae,uncultured,Arcobacter_sp.
KC161907.1.1212,SRR21726044,0.000720562,355385245,500,127,SRX17721937,43_16S,Illumina MiSeq,SRP346777,PRJNA781615,SRS15251961,SAMN31036835,43_16S,Green turtle hatchling intestine sample,Bacteria,Firmicutes,Bacilli,Bacillales,Bacillaceae,Bacillus,Bacillus_thuringiensis
JN488644.1.1366,SRR21726023,0.000719475,340042833,498,113,SRX17721958,31_16S,Illumina MiSeq,SRP346777,PRJNA781615,SRS15251982,SAMN31036823,31_16S,Green turtle hatchling intestine sample,Bacteria,Proteobacteria,Alphaproteobacteria,Rhodobacterales,Rhodobacteraceae,Sagittula,uncultured_organism
JX441461.1.1449,SRR21726023,0.000719475,340042833,498,113,SRX17721958,31_16S,Illumina MiSeq,SRP346777,PRJNA781615,SRS15251982,SAMN31036823,31_16S,Green turtle hatchling intestine sample,Bacteria,Proteobacteria,Alphaproteobacteria,NRL2,NRL2,NRL2,uncultured_bacterium
KF515220.1.1384,SRR21726023,0.000719475,340042833,498,113,SRX17721958,31_16S,Illumina MiSeq,SRP346777,PRJNA781615,SRS15251982,SAMN31036823,31_16S,Green turtle hatchling intestine sample,Bacteria,Proteobacteria,Alphaproteobacteria,Rhodobacterales,Rhodobacteraceae,Pseudooctadecabacter,Pseudooctadecabacter_jejudonensis
HM270063.1.1337,SRR21726043,0.000718761,331464093,470,111,SRX17721938,44_16S,Illumina MiSeq,SRP346777,PRJNA781615,SRS15251963,SAMN31036836,44_16S,Green turtle hatchling stomach sample,Bacteria,Actinobacteriota,Actinobacteria,Propionibacteriales,Nocardioidaceae,Aeromicrobium,uncultured_bacterium
LN560597.1.1360,SRR21726043,0.000718761,331464093,470,111,SRX17721938,44_16S,Illumina MiSeq,SRP346777,PRJNA781615,SRS15251963,SAMN31036836,44_16S,Green turtle hatchling stomach sample,Bacteria,Actinobacteriota,Actinobacteria,Micrococcales,Microbacteriaceae,Leucobacter,uncultured_bacterium
MF592288.1.1445,SRR21726043,0.000710949,331464093,470,111,SRX17721938,44_16S,Illumina MiSeq,SRP346777,PRJNA781615,SRS15251963,SAMN31036836,44_16S,Green turtle hatchling stomach sample,Bacteria,Proteobacteria,Gammaproteobacteria,Xanthomonadales,Xanthomonadaceae,Thermomonas,Thermomonas_koreensis
HQ631984.1.1330,SRR21726051,0.000706825,345760543,484,123,SRX17721930,28_16S,Illumina MiSeq,SRP346777,PRJNA781615,SRS15251954,SAMN31036820,28_16S,Green turtle juvenile cloacal swab,Bacteria,Proteobacteria,Alphaproteobacteria,Rhizobiales,Rhizobiaceae,Nitratireductor,Mesorhizobium_sp.
KF088555.1.1303,SRR21726023,0.000704002,340042833,498,113,SRX17721958,31_16S,Illumina MiSeq,SRP346777,PRJNA781615,SRS15251982,SAMN31036823,31_16S,Green turtle hatchling intestine sample,Bacteria,Actinobacteriota,Actinobacteria,Propionibacteriales,Propionibacteriaceae,Cutibacterium,uncultured_bacterium
HQ326339.1.1483,SRR21726029,0.000702375,383977850,499,131,SRX17721952,30_16S,Illumina MiSeq,SRP346777,PRJNA781615,SRS15251976,SAMN31036822,30_16S,Green turtle hatchling stomach sample,Bacteria,Bacteroidota,Bacteroidia,Flavobacteriales,Flavobacteriaceae,Aquibacter,uncultured_bacterium
FJ716854.1.1460,SRR21726019,0.000700652,338063986,499,119,SRX17721962,35_16S,Illumina MiSeq,SRP346777,PRJNA781615,SRS15251986,SAMN31036827,35_16S,Green turtle juvenile cloacal swab,Bacteria,Proteobacteria,Alphaproteobacteria,Rhodobacterales,Rhodobacteraceae,Marivita,uncultured_bacterium
GU118057.1.1440,SRR21726049,0.000698184,398448802,499,134,SRX17721932,38_16S,Illumina MiSeq,SRP346777,PRJNA781615,SRS15251956,SAMN31036830,38_16S,Green turtle juvenile cloacal swab,Bacteria,Actinobacteriota,Acidimicrobiia,Microtrichales,Microtrichaceae,Sva0996_marine_group,uncultured_bacterium
AY314754.1.1483,SRR21726047,0.000697532,352120514,500,118,SRX17721934,40_16S,Illumina MiSeq,SRP346777,PRJNA781615,SRS15251958,SAMN31036832,40_16S,Green turtle juvenile esophageal swab,Bacteria,Campilobacterota,Campylobacteria,Campylobacterales,Arcobacteraceae,Arcobacter,Arcobacter_thereius
KP299857.1.1430,SRR21726046,0.000696726,264019405,500,87,SRX17721935,41_16S,Illumina MiSeq,SRP346777,PRJNA781615,SRS15251959,SAMN31036833,41_16S,Green turtle juvenile cloacal swab,Bacteria,Proteobacteria,Alphaproteobacteria,Rhodobacterales,Rhodobacteraceae,Actibacterium,uncultured_bacterium
KX281151.1.1377,SRR21726043,0.000695323,331464093,470,111,SRX17721938,44_16S,Illumina MiSeq,SRP346777,PRJNA781615,SRS15251963,SAMN31036836,44_16S,Green turtle hatchling stomach sample,Bacteria,Proteobacteria,Gammaproteobacteria,Enterobacterales,Morganellaceae,Providencia,Providencia_sp.
JF272132.1.1423,SRR21726029,0.000694483,383977850,499,131,SRX17721952,30_16S,Illumina MiSeq,SRP346777,PRJNA781615,SRS15251976,SAMN31036822,30_16S,Green turtle hatchling stomach sample,Bacteria,Proteobacteria,Alphaproteobacteria,Rhodobacterales,Rhodobacteraceae,Lentibacter,uncultured_bacterium
JF769600.1.1503,SRR21726029,0.000694483,383977850,499,131,SRX17721952,30_16S,Illumina MiSeq,SRP346777,PRJNA781615,SRS15251976,SAMN31036822,30_16S,Green turtle hatchling stomach sample,Bacteria,Bdellovibrionota,Bdellovibrionia,Bdellovibrionales,Bdellovibrionaceae,Bdellovibrio,uncultured_bacterium
HM032006.1.1326,SRR21726046,0.000689392,264019405,500,87,SRX17721935,41_16S,Illumina MiSeq,SRP346777,PRJNA781615,SRS15251959,SAMN31036833,41_16S,Green turtle juvenile cloacal swab,Bacteria,Proteobacteria,Alphaproteobacteria,Rhodobacterales,Rhodobacteraceae,Thalassobius,Thalassobius_sp.
EU240385.1.1352,SRR21726043,0.000687511,331464093,470,111,SRX17721938,44_16S,Illumina MiSeq,SRP346777,PRJNA781615,SRS15251963,SAMN31036836,44_16S,Green turtle hatchling stomach sample,Bacteria,Firmicutes,Bacilli,Bacillales,Bacillaceae,Bacillus,Bacillus_mycoides
DQ269109.1.1317,SRR21726049,0.00068635,398448802,499,134,SRX17721932,38_16S,Illumina MiSeq,SRP346777,PRJNA781615,SRS15251956,SAMN31036830,38_16S,Green turtle juvenile cloacal swab,Bacteria,Bacteroidota,Bacteroidia,Chitinophagales,Saprospiraceae,uncultured,uncultured_Bacteroidetes
AM882558.1.1492,SRR21726020,0.000685583,305472186,499,108,SRX17721961,34_16S,Illumina MiSeq,SRP346777,PRJNA781615,SRS15251985,SAMN31036826,34_16S,Green turtle juvenile cloacal swab,Bacteria,Proteobacteria,Gammaproteobacteria,Cellvibrionales,Halieaceae,Halioglobus,uncultured_gamma
KC527533.1.1200,SRR21726050,0.0006853,328771667,500,110,SRX17721931,37_16S,Illumina MiSeq,SRP346777,PRJNA781615,SRS15251955,SAMN31036829,37_16S,Green turtle juvenile esophageal swab,Bacteria,Proteobacteria,Alphaproteobacteria,Rhodobacterales,Rhodobacteraceae,Pseudoruegeria,uncultured_bacterium
JYMV01012758.1039.2521,SRR21726023,0.000680793,340042833,498,113,SRX17721958,31_16S,Illumina MiSeq,SRP346777,PRJNA781615,SRS15251982,SAMN31036823,31_16S,Green turtle hatchling intestine sample,Bacteria,WPS-2,WPS-2,WPS-2,WPS-2,WPS-2,hydrothermal_vent
JQ216751.1.1294,SRR21726049,0.000680433,398448802,499,134,SRX17721932,38_16S,Illumina MiSeq,SRP346777,PRJNA781615,SRS15251956,SAMN31036830,38_16S,Green turtle juvenile cloacal swab,Bacteria,Patescibacteria,Parcubacteria,Candidatus_Kaiserbacteria,Candidatus_Kaiserbacteria,Candidatus_Kaiserbacteria,uncultured_bacterium
AY314754.1.1483,SRR21726022,0.000674962,341290243,500,113,SRX17721959,32_16S,Illumina MiSeq,SRP346777,PRJNA781615,SRS15251983,SAMN31036824,32_16S,Green turtle juvenile esophageal swab,Bacteria,Campilobacterota,Campylobacteria,Campylobacterales,Arcobacteraceae,Arcobacter,Arcobacter_thereius
EU050816.1.1423,SRR21726023,0.000673057,340042833,498,113,SRX17721958,31_16S,Illumina MiSeq,SRP346777,PRJNA781615,SRS15251982,SAMN31036823,31_16S,Green turtle hatchling intestine sample,Bacteria,Proteobacteria,Gammaproteobacteria,Oceanospirillales,Kangiellaceae,Aliikangiella,uncultured_gamma
JQ212191.1.1350,SRR21726023,0.000673057,340042833,498,113,SRX17721958,31_16S,Illumina MiSeq,SRP346777,PRJNA781615,SRS15251982,SAMN31036823,31_16S,Green turtle hatchling intestine sample,Bacteria,Firmicutes,Clostridia,Peptostreptococcales-Tissierellales,Fusibacteraceae,Fusibacter,uncultured_bacterium
KM007103.1.1276,SRR21726043,0.000671885,331464093,470,111,SRX17721938,44_16S,Illumina MiSeq,SRP346777,PRJNA781615,SRS15251963,SAMN31036836,44_16S,Green turtle hatchling stomach sample,Bacteria,Firmicutes,Bacilli,Bacillales,Planococcaceae,Lysinibacillus,Lysinibacillus_fusiformis
JQ211715.1.1350,SRR21726019,0.000670624,338063986,499,119,SRX17721962,35_16S,Illumina MiSeq,SRP346777,PRJNA781615,SRS15251986,SAMN31036827,35_16S,Green turtle juvenile cloacal swab,Bacteria,Bacteroidota,Bacteroidia,Chitinophagales,uncultured,uncultured,uncultured_bacterium
EF092162.1.1334,SRR21726023,0.000665321,340042833,498,113,SRX17721958,31_16S,Illumina MiSeq,SRP346777,PRJNA781615,SRS15251982,SAMN31036823,31_16S,Green turtle hatchling intestine sample,Bacteria,Proteobacteria,Gammaproteobacteria,Gammaproteobacteria_Incertae_Sedis,Unknown_Family,Marinicella,uncultured_gamma
HQ857694.1.1484,SRR21726020,0.00066221,305472186,499,108,SRX17721961,34_16S,Illumina MiSeq,SRP346777,PRJNA781615,SRS15251985,SAMN31036826,34_16S,Green turtle juvenile cloacal swab,Bacteria,Actinobacteriota,Acidimicrobiia,Microtrichales,Ilumatobacteraceae,Ilumatobacter,uncultured_actinobacterium
AF084852.1.1457,SRR21726043,0.00065626,331464093,470,111,SRX17721938,44_16S,Illumina MiSeq,SRP346777,PRJNA781615,SRS15251963,SAMN31036836,44_16S,Green turtle hatchling stomach sample,Bacteria,Bdellovibrionota,Bdellovibrionia,Bacteriovoracales,Bacteriovoracaceae,Peredibacter,Peredibacter_starrii
KP064189.1.1522,SRR21726029,0.000655024,383977850,499,131,SRX17721952,30_16S,Illumina MiSeq,SRP346777,PRJNA781615,SRS15251976,SAMN31036822,30_16S,Green turtle hatchling stomach sample,Bacteria,Proteobacteria,Gammaproteobacteria,Oceanospirillales,Kangiellaceae,Kangiella,Kangiella_chungangensis
GU118611.1.1445,SRR21726020,0.00065442,305472186,499,108,SRX17721961,34_16S,Illumina MiSeq,SRP346777,PRJNA781615,SRS15251985,SAMN31036826,34_16S,Green turtle juvenile cloacal swab,Bacteria,Bacteroidota,Bacteroidia,Cytophagales,Amoebophilaceae,Candidatus_Amoebophilus,uncultured_bacterium
DQ269084.1.1398,SRR21726049,0.000650849,398448802,499,134,SRX17721932,38_16S,Illumina MiSeq,SRP346777,PRJNA781615,SRS15251956,SAMN31036830,38_16S,Green turtle juvenile cloacal swab,Bacteria,Proteobacteria,Gammaproteobacteria,Arenicellales,Arenicellaceae,HTCC5015,uncultured_gamma
AY193154.1.1445,SRR21726019,0.000650605,338063986,499,119,SRX17721962,35_16S,Illumina MiSeq,SRP346777,PRJNA781615,SRS15251986,SAMN31036827,35_16S,Green turtle juvenile cloacal swab,Bacteria,Bacteroidota,Bacteroidia,Chitinophagales,Saprospiraceae,Lewinella,uncultured_Bacteroidetes
KU042973.1.1435,SRR21726019,0.000650605,338063986,499,119,SRX17721962,35_16S,Illumina MiSeq,SRP346777,PRJNA781615,SRS15251986,SAMN31036827,35_16S,Green turtle juvenile cloacal swab,Bacteria,Proteobacteria,Alphaproteobacteria,Rhodobacterales,Rhodobacteraceae,Rhodobacter,Sinirhodobacter_sp.
KY655405.1.1219,SRR21726019,0.000650605,338063986,499,119,SRX17721962,35_16S,Illumina MiSeq,SRP346777,PRJNA781615,SRS15251986,SAMN31036827,35_16S,Green turtle juvenile cloacal swab,Bacteria,Proteobacteria,Gammaproteobacteria,Alteromonadales,Pseudoalteromonadaceae,Pseudoalteromonas,Pseudoalteromonas_sp.
JX391813.1.1482,SRR21726023,0.000649848,340042833,498,113,SRX17721958,31_16S,Illumina MiSeq,SRP346777,PRJNA781615,SRS15251982,SAMN31036823,31_16S,Green turtle hatchling intestine sample,Bacteria,Bacteroidota,Bacteroidia,Flavobacteriales,Cryomorphaceae,Vicingus,uncultured_bacterium
AB265181.1.1425,SRR21726043,0.000648448,331464093,470,111,SRX17721938,44_16S,Illumina MiSeq,SRP346777,PRJNA781615,SRS15251963,SAMN31036836,44_16S,Green turtle hatchling stomach sample,Bacteria,Bacteroidota,Bacteroidia,Flavobacteriales,Flavobacteriaceae,Mesoflavibacter,Mesoflavibacter_zeaxanthinifaciens
GQ154966.1.1364,SRR21726043,0.000648448,331464093,470,111,SRX17721938,44_16S,Illumina MiSeq,SRP346777,PRJNA781615,SRS15251963,SAMN31036836,44_16S,Green turtle hatchling stomach sample,Bacteria,Proteobacteria,Gammaproteobacteria,Enterobacterales,Enterobacteriaceae,Citrobacter,uncultured_bacterium
KP030838.1.1428,SRR21726049,0.000644932,398448802,499,134,SRX17721932,38_16S,Illumina MiSeq,SRP346777,PRJNA781615,SRS15251956,SAMN31036830,38_16S,Green turtle juvenile cloacal swab,Bacteria,Bacteroidota,Bacteroidia,Flavobacteriales,Flavobacteriaceae,uncultured,Flavobacterium_sp.
JQ746422.1.1309,SRR21726043,0.000640635,331464093,470,111,SRX17721938,44_16S,Illumina MiSeq,SRP346777,PRJNA781615,SRS15251963,SAMN31036836,44_16S,Green turtle hatchling stomach sample,Bacteria,Proteobacteria,Gammaproteobacteria,Burkholderiales,Alcaligenaceae,Achromobacter,Achromobacter_denitrificans
JX009143.1.1291,SRR21726043,0.000640635,331464093,470,111,SRX17721938,44_16S,Illumina MiSeq,SRP346777,PRJNA781615,SRS15251963,SAMN31036836,44_16S,Green turtle hatchling stomach sample,Bacteria,Proteobacteria,Gammaproteobacteria,Vibrionales,Vibrionaceae,Vibrio,Vibrio_fluvialis
GU644357.1.1376,SRR21726019,0.000640596,338063986,499,119,SRX17721962,35_16S,Illumina MiSeq,SRP346777,PRJNA781615,SRS15251986,SAMN31036827,35_16S,Green turtle juvenile cloacal swab,Bacteria,Proteobacteria,Alphaproteobacteria,Sphingomonadales,Sphingomonadaceae,Erythrobacter,Erythrobacter_sp.
X93202.1.1455,SRR21726019,0.000640596,338063986,499,119,SRX17721962,35_16S,Illumina MiSeq,SRP346777,PRJNA781615,SRS15251986,SAMN31036827,35_16S,Green turtle juvenile cloacal swab,Bacteria,Actinobacteriota,Actinobacteria,Micromonosporales,Micromonosporaceae,Couchioplanes,Couchioplanes_caeruleus
EF471465.1.1394,SRR21726049,0.000639015,398448802,499,134,SRX17721932,38_16S,Illumina MiSeq,SRP346777,PRJNA781615,SRS15251956,SAMN31036830,38_16S,Green turtle juvenile cloacal swab,Bacteria,Proteobacteria,Alphaproteobacteria,Rhodobacterales,Rhodobacteraceae,Litorimicrobium,uncultured_Alphaproteobacteria
MG563269.1.1411,SRR21726023,0.000634375,340042833,498,113,SRX17721958,31_16S,Illumina MiSeq,SRP346777,PRJNA781615,SRS15251982,SAMN31036823,31_16S,Green turtle hatchling intestine sample,Bacteria,Desulfobacterota,Desulfobulbia,Desulfobulbales,Desulfocapsaceae,Desulforhopalus,uncultured_Desulforhopalus
FJ716854.1.1460,SRR21726029,0.000631348,383977850,499,131,SRX17721952,30_16S,Illumina MiSeq,SRP346777,PRJNA781615,SRS15251976,SAMN31036822,30_16S,Green turtle hatchling stomach sample,Bacteria,Proteobacteria,Alphaproteobacteria,Rhodobacterales,Rhodobacteraceae,Marivita,uncultured_bacterium
KP313827.1.1410,SRR21726022,0.000630943,341290243,500,113,SRX17721959,32_16S,Illumina MiSeq,SRP346777,PRJNA781615,SRS15251983,SAMN31036824,32_16S,Green turtle juvenile esophageal swab,Bacteria,Bacteroidota,Bacteroidia,Flavobacteriales,Flavobacteriaceae,Tenacibaculum,Tenacibaculum_holothuriorum
JX015543.1.1515,SRR21726046,0.00063072,264019405,500,87,SRX17721935,41_16S,Illumina MiSeq,SRP346777,PRJNA781615,SRS15251959,SAMN31036833,41_16S,Green turtle juvenile cloacal swab,Bacteria,Bdellovibrionota,Bdellovibrionia,Bacteriovoracales,Bacteriovoracaceae,Peredibacter,uncultured_bacterium
KM347966.1.1440,SRR21726019,0.000630586,338063986,499,119,SRX17721962,35_16S,Illumina MiSeq,SRP346777,PRJNA781615,SRS15251986,SAMN31036827,35_16S,Green turtle juvenile cloacal swab,Bacteria,Proteobacteria,Alphaproteobacteria,Rhodobacterales,Rhodobacteraceae,Roseovarius,Roseovarius_antarcticus
JQ195242.1.1291,SRR21726023,0.000626639,340042833,498,113,SRX17721958,31_16S,Illumina MiSeq,SRP346777,PRJNA781615,SRS15251982,SAMN31036823,31_16S,Green turtle hatchling intestine sample,Bacteria,Proteobacteria,Alphaproteobacteria,Rhodobacterales,Rhodobacteraceae,Roseovarius,uncultured_bacterium
MG889588.1.1461,SRR21726049,0.000621265,398448802,499,134,SRX17721932,38_16S,Illumina MiSeq,SRP346777,PRJNA781615,SRS15251956,SAMN31036830,38_16S,Green turtle juvenile cloacal swab,Bacteria,Proteobacteria,Gammaproteobacteria,Oceanospirillales,Kangiellaceae,Kangiella,Kangiella_sp.
EF092186.1.1389,SRR21726023,0.000618903,340042833,498,113,SRX17721958,31_16S,Illumina MiSeq,SRP346777,PRJNA781615,SRS15251982,SAMN31036823,31_16S,Green turtle hatchling intestine sample,Bacteria,Bacteroidota,Bacteroidia,Flavobacteriales,Flavobacteriaceae,Muricauda,uncultured_Flavobacteriaceae
FJ394548.1.1357,SRR21726023,0.000618903,340042833,498,113,SRX17721958,31_16S,Illumina MiSeq,SRP346777,PRJNA781615,SRS15251982,SAMN31036823,31_16S,Green turtle hatchling intestine sample,Bacteria,Proteobacteria,Alphaproteobacteria,Caulobacterales,Hyphomonadaceae,Fretibacter,Hyphomonadaceae_bacterium
JF514259.1.1245,SRR21726023,0.000618903,340042833,498,113,SRX17721958,31_16S,Illumina MiSeq,SRP346777,PRJNA781615,SRS15251982,SAMN31036823,31_16S,Green turtle hatchling intestine sample,Bacteria,Proteobacteria,Alphaproteobacteria,Sphingomonadales,Sphingomonadaceae,uncultured,uncultured_bacterium
EU246808.1.1430,SRR21726029,0.000615564,383977850,499,131,SRX17721952,30_16S,Illumina MiSeq,SRP346777,PRJNA781615,SRS15251976,SAMN31036822,30_16S,Green turtle hatchling stomach sample,Bacteria,Proteobacteria,Gammaproteobacteria,Granulosicoccales,Granulosicoccaceae,Granulosicoccus,uncultured_gamma
AB286025.1.1435,SRR21726023,0.000611167,340042833,498,113,SRX17721958,31_16S,Illumina MiSeq,SRP346777,PRJNA781615,SRS15251982,SAMN31036823,31_16S,Green turtle hatchling intestine sample,Bacteria,Actinobacteriota,Actinobacteria,Micrococcales,Intrasporangiaceae,Marihabitans,Marihabitans_asiaticum
JF769600.1.1503,SRR21726023,0.000611167,340042833,498,113,SRX17721958,31_16S,Illumina MiSeq,SRP346777,PRJNA781615,SRS15251982,SAMN31036823,31_16S,Green turtle hatchling intestine sample,Bacteria,Bdellovibrionota,Bdellovibrionia,Bdellovibrionales,Bdellovibrionaceae,Bdellovibrio,uncultured_bacterium
KC238355.1.1521,SRR21726023,0.000611167,340042833,498,113,SRX17721958,31_16S,Illumina MiSeq,SRP346777,PRJNA781615,SRS15251982,SAMN31036823,31_16S,Green turtle hatchling intestine sample,Bacteria,Myxococcota,Polyangia,Polyangiales,Sandaracinaceae,uncultured,uncultured_bacterium
AJ272469.1.1208,SRR21726043,0.000609385,331464093,470,111,SRX17721938,44_16S,Illumina MiSeq,SRP346777,PRJNA781615,SRS15251963,SAMN31036836,44_16S,Green turtle hatchling stomach sample,Bacteria,Actinobacteriota,Actinobacteria,Corynebacteriales,Nocardiaceae,Rhodococcus,Rhodococcus_hoagii
KM873372.1.1459,SRR21726043,0.000609385,331464093,470,111,SRX17721938,44_16S,Illumina MiSeq,SRP346777,PRJNA781615,SRS15251963,SAMN31036836,44_16S,Green turtle hatchling stomach sample,Bacteria,Firmicutes,Bacilli,Bacillales,Planococcaceae,Lysinibacillus,Lysinibacillus_odysseyi
JX530554.1.1433,SRR21726046,0.000608719,264019405,500,87,SRX17721935,41_16S,Illumina MiSeq,SRP346777,PRJNA781615,SRS15251959,SAMN31036833,41_16S,Green turtle juvenile cloacal swab,Bacteria,Bdellovibrionota,Bdellovibrionia,Bacteriovoracales,Bacteriovoracaceae,Peredibacter,uncultured_Bacteriovorax
KF835749.1.1373,SRR21726045,0.000607916,293530160,484,103,SRX17721936,42_16S,Illumina MiSeq,SRP346777,PRJNA781615,SRS15251960,SAMN31036834,42_16S,Green turtle hatchling stomach sample,Bacteria,Proteobacteria,Gammaproteobacteria,Alteromonadales,Shewanellaceae,Shewanella,Pseudomonas_sp.
KT266595.1.1504,SRR21726029,0.000607672,383977850,499,131,SRX17721952,30_16S,Illumina MiSeq,SRP346777,PRJNA781615,SRS15251976,SAMN31036822,30_16S,Green turtle hatchling stomach sample,Bacteria,Desulfobacterota,Desulfobulbia,Desulfobulbales,Desulfocapsaceae,Desulforhopalus,Desulforhopalus_sp.
AF118453.1.1498,SRR21726021,0.000606653,345478090,500,115,SRX17721960,33_16S,Illumina MiSeq,SRP346777,PRJNA781615,SRS15251984,SAMN31036825,33_16S,Green turtle juvenile esophageal swab,Bacteria,Desulfobacterota,Desulfobulbia,Desulfobulbales,Desulfocapsaceae,Desulforhopalus,Desulforhopalus_singaporensis
JN596128.1.1355,SRR21726021,0.000606653,345478090,500,115,SRX17721960,33_16S,Illumina MiSeq,SRP346777,PRJNA781615,SRS15251984,SAMN31036825,33_16S,Green turtle juvenile esophageal swab,Bacteria,Campilobacterota,Campylobacteria,Campylobacterales,Arcobacteraceae,Malaciobacter,bacterium_A2(2011b)
EU290161.1.1416,SRR21726047,0.000604527,352120514,500,118,SRX17721934,40_16S,Illumina MiSeq,SRP346777,PRJNA781615,SRS15251958,SAMN31036832,40_16S,Green turtle juvenile esophageal swab,Bacteria,Bacteroidota,Bacteroidia,Flavobacteriales,Flavobacteriaceae,Maritimimonas,Maritimimonas_rapanae
KF515220.1.1384,SRR21726052,0.000603943,412561192,500,137,SRX17721929,27_16S,Illumina MiSeq,SRP346777,PRJNA781615,SRS15251953,SAMN31036819,27_16S,Green turtle juvenile esophageal swab,Bacteria,Proteobacteria,Alphaproteobacteria,Rhodobacterales,Rhodobacteraceae,Pseudooctadecabacter,Pseudooctadecabacter_jejudonensis
EU290161.1.1416,SRR21726049,0.000603515,398448802,499,134,SRX17721932,38_16S,Illumina MiSeq,SRP346777,PRJNA781615,SRS15251956,SAMN31036830,38_16S,Green turtle juvenile cloacal swab,Bacteria,Bacteroidota,Bacteroidia,Flavobacteriales,Flavobacteriaceae,Maritimimonas,Maritimimonas_rapanae
CU919204.2.1367,SRR21726043,0.000601572,331464093,470,111,SRX17721938,44_16S,Illumina MiSeq,SRP346777,PRJNA781615,SRS15251963,SAMN31036836,44_16S,Green turtle hatchling stomach sample,Bacteria,Proteobacteria,Gammaproteobacteria,Xanthomonadales,Xanthomonadaceae,Thermomonas,uncultured_bacterium
CU915116.1.1392,SRR21726019,0.000600559,338063986,499,119,SRX17721962,35_16S,Illumina MiSeq,SRP346777,PRJNA781615,SRS15251986,SAMN31036827,35_16S,Green turtle juvenile cloacal swab,Bacteria,Proteobacteria,Gammaproteobacteria,Enterobacterales,Enterobacteriaceae,Enterobacter,uncultured_bacterium
DQ809514.1.1292,SRR21726019,0.000600559,338063986,499,119,SRX17721962,35_16S,Illumina MiSeq,SRP346777,PRJNA781615,SRS15251986,SAMN31036827,35_16S,Green turtle juvenile cloacal swab,Bacteria,Firmicutes,Clostridia,Lachnospirales,Lachnospiraceae,Blautia,uncultured_bacterium
KC527459.1.1244,SRR21726019,0.000600559,338063986,499,119,SRX17721962,35_16S,Illumina MiSeq,SRP346777,PRJNA781615,SRS15251986,SAMN31036827,35_16S,Green turtle juvenile cloacal swab,Bacteria,Proteobacteria,Gammaproteobacteria,Vibrionales,Vibrionaceae,Vibrio,uncultured_bacterium
KF515220.1.1384,SRR21726019,0.000600559,338063986,499,119,SRX17721962,35_16S,Illumina MiSeq,SRP346777,PRJNA781615,SRS15251986,SAMN31036827,35_16S,Green turtle juvenile cloacal swab,Bacteria,Proteobacteria,Alphaproteobacteria,Rhodobacterales,Rhodobacteraceae,Pseudooctadecabacter,Pseudooctadecabacter_jejudonensis
JQ516376.1.1432,SRR21726029,0.000599781,383977850,499,131,SRX17721952,30_16S,Illumina MiSeq,SRP346777,PRJNA781615,SRS15251976,SAMN31036822,30_16S,Green turtle hatchling stomach sample,Bacteria,Verrucomicrobiota,Verrucomicrobiae,Methylacidiphilales,Methylacidiphilaceae,uncultured,uncultured_Verrucomicrobiaceae
KY979171.1.1295,SRR21726045,0.000597012,293530160,484,103,SRX17721936,42_16S,Illumina MiSeq,SRP346777,PRJNA781615,SRS15251960,SAMN31036834,42_16S,Green turtle hatchling stomach sample,Bacteria,Proteobacteria,Gammaproteobacteria,Burkholderiales,Alcaligenaceae,Achromobacter,Achromobacter_insolitus
DQ200982.1.1406,SRR21726023,0.000595694,340042833,498,113,SRX17721958,31_16S,Illumina MiSeq,SRP346777,PRJNA781615,SRS15251982,SAMN31036823,31_16S,Green turtle hatchling intestine sample,Bacteria,Actinobacteriota,Actinobacteria,Kineosporiales,Kineosporiaceae,Pseudokineococcus,Pseudokineococcus_marinus
EU887969.1.1353,SRR21726023,0.000595694,340042833,498,113,SRX17721958,31_16S,Illumina MiSeq,SRP346777,PRJNA781615,SRS15251982,SAMN31036823,31_16S,Green turtle hatchling intestine sample,Bacteria,Firmicutes,Clostridia,Oscillospirales,Ethanoligenenaceae,Incertae_Sedis,uncultured_Clostridia
FJ882164.1.1400,SRR21726029,0.000591889,383977850,499,131,SRX17721952,30_16S,Illumina MiSeq,SRP346777,PRJNA781615,SRS15251976,SAMN31036822,30_16S,Green turtle hatchling stomach sample,Bacteria,Bacteroidota,Bacteroidia,Flavobacteriales,Flavobacteriaceae,Aquimarina,Aquimarina_salinaria
KC238355.1.1521,SRR21726049,0.000591681,398448802,499,134,SRX17721932,38_16S,Illumina MiSeq,SRP346777,PRJNA781615,SRS15251956,SAMN31036830,38_16S,Green turtle juvenile cloacal swab,Bacteria,Myxococcota,Polyangia,Polyangiales,Sandaracinaceae,uncultured,uncultured_bacterium
KY770575.1.1374,SRR21726049,0.000591681,398448802,499,134,SRX17721932,38_16S,Illumina MiSeq,SRP346777,PRJNA781615,SRS15251956,SAMN31036830,38_16S,Green turtle juvenile cloacal swab,Bacteria,Proteobacteria,Alphaproteobacteria,Rhodobacterales,Rhodobacteraceae,Marivita,Marivita_sp.
HQ401023.1.1442,SRR21726023,0.000587958,340042833,498,113,SRX17721958,31_16S,Illumina MiSeq,SRP346777,PRJNA781615,SRS15251982,SAMN31036823,31_16S,Green turtle hatchling intestine sample,Bacteria,Bacteroidota,Bacteroidia,Flavobacteriales,Flavobacteriaceae,Tenacibaculum,Tenacibaculum_geojense
AF473932.1.1375,SRR21726050,0.0005874,328771667,500,110,SRX17721931,37_16S,Illumina MiSeq,SRP346777,PRJNA781615,SRS15251955,SAMN31036829,37_16S,Green turtle juvenile esophageal swab,Bacteria,Proteobacteria,Alphaproteobacteria,Rhodobacterales,Rhodobacteraceae,Vadicella,uncultured_Alphaproteobacteria
LN563816.1.1378,SRR21726043,0.000585947,331464093,470,111,SRX17721938,44_16S,Illumina MiSeq,SRP346777,PRJNA781615,SRS15251963,SAMN31036836,44_16S,Green turtle hatchling stomach sample,Bacteria,Actinobacteriota,Thermoleophilia,Solirubrobacterales,67-14,67-14,uncultured_bacterium
FJ716854.1.1460,SRR21726049,0.000585764,398448802,499,134,SRX17721932,38_16S,Illumina MiSeq,SRP346777,PRJNA781615,SRS15251956,SAMN31036830,38_16S,Green turtle juvenile cloacal swab,Bacteria,Proteobacteria,Alphaproteobacteria,Rhodobacterales,Rhodobacteraceae,Marivita,uncultured_bacterium
JQ716266.1.1485,SRR21726049,0.000585764,398448802,499,134,SRX17721932,38_16S,Illumina MiSeq,SRP346777,PRJNA781615,SRS15251956,SAMN31036830,38_16S,Green turtle juvenile cloacal swab,Bacteria,Bacteroidota,Bacteroidia,Cytophagales,Cyclobacteriaceae,Marinoscillum,uncultured_bacterium
LN563911.1.1317,SRR21726051,0.00058013,345760543,484,123,SRX17721930,28_16S,Illumina MiSeq,SRP346777,PRJNA781615,SRS15251954,SAMN31036820,28_16S,Green turtle juvenile cloacal swab,Bacteria,Proteobacteria,Alphaproteobacteria,Rhizobiales,Devosiaceae,Devosia,uncultured_bacterium
GU118057.1.1440,SRR21726020,0.000576513,305472186,499,108,SRX17721961,34_16S,Illumina MiSeq,SRP346777,PRJNA781615,SRS15251985,SAMN31036826,34_16S,Green turtle juvenile cloacal swab,Bacteria,Actinobacteriota,Acidimicrobiia,Microtrichales,Microtrichaceae,Sva0996_marine_group,uncultured_bacterium
MG889588.1.1461,SRR21726020,0.000576513,305472186,499,108,SRX17721961,34_16S,Illumina MiSeq,SRP346777,PRJNA781615,SRS15251985,SAMN31036826,34_16S,Green turtle juvenile cloacal swab,Bacteria,Proteobacteria,Gammaproteobacteria,Oceanospirillales,Kangiellaceae,Kangiella,Kangiella_sp.
AB973384.1.1269,SRR21726042,0.000575257,371802664,500,145,SRX17721939,45_16S,Illumina MiSeq,SRP346777,PRJNA781615,SRS15251962,SAMN31036837,45_16S,Green turtle hatchling intestine sample,Bacteria,Firmicutes,Clostridia,Clostridiales,Clostridiaceae,Clostridium_sensu_stricto_13,Clostridium_sp.
JN531158.1.1381,SRR21726049,0.000573931,398448802,499,134,SRX17721932,38_16S,Illumina MiSeq,SRP346777,PRJNA781615,SRS15251956,SAMN31036830,38_16S,Green turtle juvenile cloacal swab,Bacteria,Bacteroidota,Bacteroidia,Cytophagales,Cyclobacteriaceae,Ekhidna,uncultured_organism
KF515220.1.1384,SRR21726021,0.00057295,345478090,500,115,SRX17721960,33_16S,Illumina MiSeq,SRP346777,PRJNA781615,SRS15251984,SAMN31036825,33_16S,Green turtle juvenile esophageal swab,Bacteria,Proteobacteria,Alphaproteobacteria,Rhodobacterales,Rhodobacteraceae,Pseudooctadecabacter,Pseudooctadecabacter_jejudonensis
KR857645.1.1479,SRR21726021,0.00057295,345478090,500,115,SRX17721960,33_16S,Illumina MiSeq,SRP346777,PRJNA781615,SRS15251984,SAMN31036825,33_16S,Green turtle juvenile esophageal swab,Bacteria,Bacteroidota,Bacteroidia,Flavobacteriales,Crocinitomicaceae,Crocinitomix,uncultured_bacterium
FJ959819.1.1413,SRR21726023,0.000572485,340042833,498,113,SRX17721958,31_16S,Illumina MiSeq,SRP346777,PRJNA781615,SRS15251982,SAMN31036823,31_16S,Green turtle hatchling intestine sample,Bacteria,Proteobacteria,Gammaproteobacteria,Gammaproteobacteria_Incertae_Sedis,Unknown_Family,Marinicella,uncultured_bacterium
MH283820.1.1388,SRR21726023,0.000572485,340042833,498,113,SRX17721958,31_16S,Illumina MiSeq,SRP346777,PRJNA781615,SRS15251982,SAMN31036823,31_16S,Green turtle hatchling intestine sample,Bacteria,Proteobacteria,Alphaproteobacteria,Rhizobiales,Stappiaceae,Labrenzia,Labrenzia_marina
JQ210574.1.1350,SRR21726022,0.00057225,341290243,500,113,SRX17721959,32_16S,Illumina MiSeq,SRP346777,PRJNA781615,SRS15251983,SAMN31036824,32_16S,Green turtle juvenile esophageal swab,Bacteria,Firmicutes,Clostridia,Lachnospirales,Lachnospiraceae,uncultured,uncultured_bacterium
AM882558.1.1492,SRR21726019,0.000570531,338063986,499,119,SRX17721962,35_16S,Illumina MiSeq,SRP346777,PRJNA781615,SRS15251986,SAMN31036827,35_16S,Green turtle juvenile cloacal swab,Bacteria,Proteobacteria,Gammaproteobacteria,Cellvibrionales,Halieaceae,Halioglobus,uncultured_gamma
AB540005.1.1369,SRR21726020,0.000568722,305472186,499,108,SRX17721961,34_16S,Illumina MiSeq,SRP346777,PRJNA781615,SRS15251985,SAMN31036826,34_16S,Green turtle juvenile cloacal swab,Bacteria,Bacteroidota,Bacteroidia,Cytophagales,Cyclobacteriaceae,Ekhidna,Flexibacteraceae_bacterium
HQ908724.1.1449,SRR21726023,0.000564749,340042833,498,113,SRX17721958,31_16S,Illumina MiSeq,SRP346777,PRJNA781615,SRS15251982,SAMN31036823,31_16S,Green turtle hatchling intestine sample,Bacteria,Proteobacteria,Gammaproteobacteria,Gammaproteobacteria_Incertae_Sedis,Unknown_Family,Marinicella,Marinicella_litoralis
JQ214916.1.1301,SRR21726023,0.000564749,340042833,498,113,SRX17721958,31_16S,Illumina MiSeq,SRP346777,PRJNA781615,SRS15251982,SAMN31036823,31_16S,Green turtle hatchling intestine sample,Bacteria,Patescibacteria,Saccharimonadia,Saccharimonadales,Saccharimonadales,Saccharimonadales,uncultured_bacterium
LYPF02000038.3636.5137,SRR21726023,0.000564749,340042833,498,113,SRX17721958,31_16S,Illumina MiSeq,SRP346777,PRJNA781615,SRS15251982,SAMN31036823,31_16S,Green turtle hatchling intestine sample,Bacteria,Bacteroidota,Bacteroidia,Flavobacteriales,Crocinitomicaceae,Crocinitomix,Crocinitomix_sp.
FJ203198.1.1391,SRR21726049,0.000562097,398448802,499,134,SRX17721932,38_16S,Illumina MiSeq,SRP346777,PRJNA781615,SRS15251956,SAMN31036830,38_16S,Green turtle juvenile cloacal swab,Bacteria,Planctomycetota,Planctomycetes,Pirellulales,Pirellulaceae,Pir4_lineage,uncultured_bacterium
JQ210574.1.1350,SRR21726052,0.000560804,412561192,500,137,SRX17721929,27_16S,Illumina MiSeq,SRP346777,PRJNA781615,SRS15251953,SAMN31036819,27_16S,Green turtle juvenile esophageal swab,Bacteria,Firmicutes,Clostridia,Lachnospirales,Lachnospiraceae,uncultured,uncultured_bacterium
JQ818353.1.1244,SRR21726019,0.000560521,338063986,499,119,SRX17721962,35_16S,Illumina MiSeq,SRP346777,PRJNA781615,SRS15251986,SAMN31036827,35_16S,Green turtle juvenile cloacal swab,Bacteria,Firmicutes,Bacilli,Exiguobacterales,Exiguobacteraceae,Exiguobacterium,Exiguobacterium_profundum
JN885197.1.1384,SRR21726029,0.000560321,383977850,499,131,SRX17721952,30_16S,Illumina MiSeq,SRP346777,PRJNA781615,SRS15251976,SAMN31036822,30_16S,Green turtle hatchling stomach sample,Bacteria,Proteobacteria,Alphaproteobacteria,Rhodobacterales,Rhodobacteraceae,Yoonia-Loktanella,Yoonia_litorea
JX397931.1.1492,SRR21726029,0.000560321,383977850,499,131,SRX17721952,30_16S,Illumina MiSeq,SRP346777,PRJNA781615,SRS15251976,SAMN31036822,30_16S,Green turtle hatchling stomach sample,Bacteria,Bacteroidota,Bacteroidia,Flavobacteriales,Flavobacteriaceae,Gramella,Gramella_flava
KX281151.1.1377,SRR21726040,0.000558954,377927131,499,134,SRX17721941,29_16S,Illumina MiSeq,SRP346777,PRJNA781615,SRS15251965,SAMN31036821,29_16S,Green turtle juvenile cloacal swab,Bacteria,Proteobacteria,Gammaproteobacteria,Enterobacterales,Morganellaceae,Providencia,Providencia_sp.
JQ214916.1.1301,SRR21726022,0.000557577,341290243,500,113,SRX17721959,32_16S,Illumina MiSeq,SRP346777,PRJNA781615,SRS15251983,SAMN31036824,32_16S,Green turtle juvenile esophageal swab,Bacteria,Patescibacteria,Saccharimonadia,Saccharimonadales,Saccharimonadales,Saccharimonadales,uncultured_bacterium
CU919413.60.1396,SRR21726040,0.000554961,377927131,499,134,SRX17721941,29_16S,Illumina MiSeq,SRP346777,PRJNA781615,SRS15251965,SAMN31036821,29_16S,Green turtle juvenile cloacal swab,Bacteria,Proteobacteria,Alphaproteobacteria,Rhizobiales,Rhizobiaceae,Allorhizobium-Neorhizobium-Pararhizobium-Rhizobium,uncultured_bacterium
DQ269109.1.1317,SRR21726020,0.00055314,305472186,499,108,SRX17721961,34_16S,Illumina MiSeq,SRP346777,PRJNA781615,SRS15251985,SAMN31036826,34_16S,Green turtle juvenile cloacal swab,Bacteria,Bacteroidota,Bacteroidia,Chitinophagales,Saprospiraceae,uncultured,uncultured_Bacteroidetes
GU451493.1.1241,SRR21726020,0.00055314,305472186,499,108,SRX17721961,34_16S,Illumina MiSeq,SRP346777,PRJNA781615,SRS15251985,SAMN31036826,34_16S,Green turtle juvenile cloacal swab,Bacteria,Bacteroidota,Bacteroidia,Chitinophagales,Saprospiraceae,uncultured,uncultured_bacterium
KP299857.1.1430,SRR21726020,0.00055314,305472186,499,108,SRX17721961,34_16S,Illumina MiSeq,SRP346777,PRJNA781615,SRS15251985,SAMN31036826,34_16S,Green turtle juvenile cloacal swab,Bacteria,Proteobacteria,Alphaproteobacteria,Rhodobacterales,Rhodobacteraceae,Actibacterium,uncultured_bacterium
JQ514559.1.1250,SRR21726040,0.000550969,377927131,499,134,SRX17721941,29_16S,Illumina MiSeq,SRP346777,PRJNA781615,SRS15251965,SAMN31036821,29_16S,Green turtle juvenile cloacal swab,Bacteria,Proteobacteria,Alphaproteobacteria,Rhizobiales,Rhizobiaceae,Rhizobiaceae,Ochrobactrum_sp.
AM945658.1.1318,SRR21726019,0.000550512,338063986,499,119,SRX17721962,35_16S,Illumina MiSeq,SRP346777,PRJNA781615,SRS15251986,SAMN31036827,35_16S,Green turtle juvenile cloacal swab,Bacteria,Proteobacteria,Gammaproteobacteria,Oceanospirillales,Alcanivoracaceae1,Alcanivorax,Alcanivorax_sp.
GU118057.1.1440,SRR21726019,0.000550512,338063986,499,119,SRX17721962,35_16S,Illumina MiSeq,SRP346777,PRJNA781615,SRS15251986,SAMN31036827,35_16S,Green turtle juvenile cloacal swab,Bacteria,Actinobacteriota,Acidimicrobiia,Microtrichales,Microtrichaceae,Sva0996_marine_group,uncultured_bacterium
HQ326339.1.1483,SRR21726019,0.000550512,338063986,499,119,SRX17721962,35_16S,Illumina MiSeq,SRP346777,PRJNA781615,SRS15251986,SAMN31036827,35_16S,Green turtle juvenile cloacal swab,Bacteria,Bacteroidota,Bacteroidia,Flavobacteriales,Flavobacteriaceae,Aquibacter,uncultured_bacterium
FJ644616.1.1358,SRR21726049,0.000550263,398448802,499,134,SRX17721932,38_16S,Illumina MiSeq,SRP346777,PRJNA781615,SRS15251956,SAMN31036830,38_16S,Green turtle juvenile cloacal swab,Bacteria,Bacteroidota,Bacteroidia,Flavobacteriales,Flavobacteriaceae,uncultured,uncultured_bacterium
AB675658.1.1478,SRR21726046,0.000550047,264019405,500,87,SRX17721935,41_16S,Illumina MiSeq,SRP346777,PRJNA781615,SRS15251959,SAMN31036833,41_16S,Green turtle juvenile cloacal swab,Bacteria,Bacteroidota,Bacteroidia,Chitinophagales,Saprospiraceae,Portibacter,Portibacter_lacus
JF272229.1.1480,SRR21726023,0.000549276,340042833,498,113,SRX17721958,31_16S,Illumina MiSeq,SRP346777,PRJNA781615,SRS15251982,SAMN31036823,31_16S,Green turtle hatchling intestine sample,Bacteria,Planctomycetota,Planctomycetes,Pirellulales,Pirellulaceae,Blastopirellula,uncultured_bacterium
DQ269084.1.1398,SRR21726046,0.000542713,264019405,500,87,SRX17721935,41_16S,Illumina MiSeq,SRP346777,PRJNA781615,SRS15251959,SAMN31036833,41_16S,Green turtle juvenile cloacal swab,Bacteria,Proteobacteria,Gammaproteobacteria,Arenicellales,Arenicellaceae,HTCC5015,uncultured_gamma
KF650757.1.1491,SRR21726047,0.000539424,352120514,500,118,SRX17721934,40_16S,Illumina MiSeq,SRP346777,PRJNA781615,SRS15251958,SAMN31036832,40_16S,Green turtle juvenile esophageal swab,Bacteria,Bacteroidota,Bacteroidia,Bacteroidales,Bacteroidaceae,Bacteroides,Bacteroides_sp.
KF786448.1.1390,SRR21726021,0.000539247,345478090,500,115,SRX17721960,33_16S,Illumina MiSeq,SRP346777,PRJNA781615,SRS15251984,SAMN31036825,33_16S,Green turtle juvenile esophageal swab,Bacteria,Bacteroidota,Bacteroidia,Flavobacteriales,Crocinitomicaceae,Fluviicola,uncultured_Flavobacteriales
JN433182.1.1362,SRR21726050,0.00053845,328771667,500,110,SRX17721931,37_16S,Illumina MiSeq,SRP346777,PRJNA781615,SRS15251955,SAMN31036829,37_16S,Green turtle juvenile esophageal swab,Bacteria,Bdellovibrionota,Bdellovibrionia,Bacteriovoracales,Bacteriovoracaceae,Peredibacter,uncultured_organism
JQ213708.1.1355,SRR21726050,0.00053845,328771667,500,110,SRX17721931,37_16S,Illumina MiSeq,SRP346777,PRJNA781615,SRS15251955,SAMN31036829,37_16S,Green turtle juvenile esophageal swab,Bacteria,Synergistota,Synergistia,Synergistales,Synergistaceae,Thermovirga,uncultured_bacterium
JF769600.1.1503,SRR21726020,0.000537559,305472186,499,108,SRX17721961,34_16S,Illumina MiSeq,SRP346777,PRJNA781615,SRS15251985,SAMN31036826,34_16S,Green turtle juvenile cloacal swab,Bacteria,Bdellovibrionota,Bdellovibrionia,Bdellovibrionales,Bdellovibrionaceae,Bdellovibrio,uncultured_bacterium
HQ119341.1.1523,SRR21726043,0.000531258,331464093,470,111,SRX17721938,44_16S,Illumina MiSeq,SRP346777,PRJNA781615,SRS15251963,SAMN31036836,44_16S,Green turtle hatchling stomach sample,Bacteria,Acidobacteriota,Vicinamibacteria,Vicinamibacterales,Vicinamibacteraceae,Vicinamibacteraceae,uncultured_bacterium
JQ194064.1.1337,SRR21726019,0.000530493,338063986,499,119,SRX17721962,35_16S,Illumina MiSeq,SRP346777,PRJNA781615,SRS15251986,SAMN31036827,35_16S,Green turtle juvenile cloacal swab,Bacteria,Campilobacterota,Campylobacteria,Campylobacterales,Campylobacteraceae,Campylobacter,uncultured_bacterium
JQ218800.1.1494,SRR21726019,0.000530493,338063986,499,119,SRX17721962,35_16S,Illumina MiSeq,SRP346777,PRJNA781615,SRS15251986,SAMN31036827,35_16S,Green turtle juvenile cloacal swab,Bacteria,Proteobacteria,Gammaproteobacteria,Granulosicoccales,Granulosicoccaceae,Granulosicoccus,uncultured_proteobacterium
JQ347351.1.1458,SRR21726020,0.000529768,305472186,499,108,SRX17721961,34_16S,Illumina MiSeq,SRP346777,PRJNA781615,SRS15251985,SAMN31036826,34_16S,Green turtle juvenile cloacal swab,Bacteria,Chloroflexi,Anaerolineae,SBR1031,A4b,A4b,uncultured_bacterium
FJ644616.1.1358,SRR21726029,0.000528754,383977850,499,131,SRX17721952,30_16S,Illumina MiSeq,SRP346777,PRJNA781615,SRS15251976,SAMN31036822,30_16S,Green turtle hatchling stomach sample,Bacteria,Bacteroidota,Bacteroidia,Flavobacteriales,Flavobacteriaceae,uncultured,uncultured_bacterium
KT799837.1.1507,SRR21726022,0.000528231,341290243,500,113,SRX17721959,32_16S,Illumina MiSeq,SRP346777,PRJNA781615,SRS15251983,SAMN31036824,32_16S,Green turtle juvenile esophageal swab,Bacteria,Fusobacteriota,Fusobacteriia,Fusobacteriales,Fusobacteriaceae,Fusobacterium,Fusobacteriaceae_bacterium
AM889174.1.1509,SRR21726023,0.000526067,340042833,498,113,SRX17721958,31_16S,Illumina MiSeq,SRP346777,PRJNA781615,SRS15251982,SAMN31036823,31_16S,Green turtle hatchling intestine sample,Bacteria,Proteobacteria,Gammaproteobacteria,Gammaproteobacteria_Incertae_Sedis,Unknown_Family,uncultured,uncultured_bacterium
LN567030.1.1350,SRR21726043,0.000523446,331464093,470,111,SRX17721938,44_16S,Illumina MiSeq,SRP346777,PRJNA781615,SRS15251963,SAMN31036836,44_16S,Green turtle hatchling stomach sample,Bacteria,Actinobacteriota,Actinobacteria,Propionibacteriales,Nocardioidaceae,uncultured,uncultured_bacterium
FJ203342.1.1386,SRR21726020,0.000521978,305472186,499,108,SRX17721961,34_16S,Illumina MiSeq,SRP346777,PRJNA781615,SRS15251985,SAMN31036826,34_16S,Green turtle juvenile cloacal swab,Bacteria,Proteobacteria,Alphaproteobacteria,Rhodobacterales,Rhodobacteraceae,Litorimicrobium,uncultured_bacterium
JQ347351.1.1458,SRR21726029,0.000520862,383977850,499,131,SRX17721952,30_16S,Illumina MiSeq,SRP346777,PRJNA781615,SRS15251976,SAMN31036822,30_16S,Green turtle hatchling stomach sample,Bacteria,Chloroflexi,Anaerolineae,SBR1031,A4b,A4b,uncultured_bacterium
DQ667965.1.1416,SRR21726049,0.000520679,398448802,499,134,SRX17721932,38_16S,Illumina MiSeq,SRP346777,PRJNA781615,SRS15251956,SAMN31036830,38_16S,Green turtle juvenile cloacal swab,Bacteria,Proteobacteria,Alphaproteobacteria,Rhodobacterales,Rhodobacteraceae,Donghicola,Donghicola_eburneus
FJ792184.1.1379,SRR21726023,0.000518331,340042833,498,113,SRX17721958,31_16S,Illumina MiSeq,SRP346777,PRJNA781615,SRS15251982,SAMN31036823,31_16S,Green turtle hatchling intestine sample,Bacteria,Bacteroidota,Bacteroidia,Flavobacteriales,Flavobacteriaceae,Muricauda,uncultured_bacterium
MF166852.1.1268,SRR21726043,0.000515633,331464093,470,111,SRX17721938,44_16S,Illumina MiSeq,SRP346777,PRJNA781615,SRS15251963,SAMN31036836,44_16S,Green turtle hatchling stomach sample,Bacteria,Proteobacteria,Gammaproteobacteria,Pseudomonadales,Pseudomonadaceae,Pseudomonas,Pseudomonas_sp.
JQ215733.1.1343,SRR21726046,0.000513377,264019405,500,87,SRX17721935,41_16S,Illumina MiSeq,SRP346777,PRJNA781615,SRS15251959,SAMN31036833,41_16S,Green turtle juvenile cloacal swab,Bacteria,Bacteroidota,Bacteroidia,Flavobacteriales,Weeksellaceae,Ornithobacterium,uncultured_bacterium
DQ366015.1.1401,SRR21726029,0.00051297,383977850,499,131,SRX17721952,30_16S,Illumina MiSeq,SRP346777,PRJNA781615,SRS15251976,SAMN31036822,30_16S,Green turtle hatchling stomach sample,Bacteria,Deinococcota,Deinococci,Deinococcales,Trueperaceae,Truepera,uncultured_Deinococcus
FJ394548.1.1357,SRR21726029,0.00051297,383977850,499,131,SRX17721952,30_16S,Illumina MiSeq,SRP346777,PRJNA781615,SRS15251976,SAMN31036822,30_16S,Green turtle hatchling stomach sample,Bacteria,Proteobacteria,Alphaproteobacteria,Caulobacterales,Hyphomonadaceae,Fretibacter,Hyphomonadaceae_bacterium
HQ326351.1.1455,SRR21726029,0.00051297,383977850,499,131,SRX17721952,30_16S,Illumina MiSeq,SRP346777,PRJNA781615,SRS15251976,SAMN31036822,30_16S,Green turtle hatchling stomach sample,Bacteria,Proteobacteria,Alphaproteobacteria,Micavibrionales,Micavibrionaceae,uncultured,uncultured_bacterium
JF272132.1.1423,SRR21726019,0.000510475,338063986,499,119,SRX17721962,35_16S,Illumina MiSeq,SRP346777,PRJNA781615,SRS15251986,SAMN31036827,35_16S,Green turtle juvenile cloacal swab,Bacteria,Proteobacteria,Alphaproteobacteria,Rhodobacterales,Rhodobacteraceae,Lentibacter,uncultured_bacterium
U12254.1.1516,SRR21726046,0.000506043,264019405,500,87,SRX17721935,41_16S,Illumina MiSeq,SRP346777,PRJNA781615,SRS15251959,SAMN31036833,41_16S,Green turtle juvenile cloacal swab,Bacteria,Desulfobacterota,Desulfobacteria,Desulfobacterales,Desulfobacteraceae,Desulfobacter,Desulfobacter_vibrioformis
AM882558.1.1492,SRR21726049,0.000502929,398448802,499,134,SRX17721932,38_16S,Illumina MiSeq,SRP346777,PRJNA781615,SRS15251956,SAMN31036830,38_16S,Green turtle juvenile cloacal swab,Bacteria,Proteobacteria,Gammaproteobacteria,Cellvibrionales,Halieaceae,Halioglobus,uncultured_gamma
DQ446117.1.1471,SRR21726023,0.000502859,340042833,498,113,SRX17721958,31_16S,Illumina MiSeq,SRP346777,PRJNA781615,SRS15251982,SAMN31036823,31_16S,Green turtle hatchling intestine sample,Bacteria,Spirochaetota,Leptospirae,Leptospirales,Leptospiraceae,uncultured,uncultured_spirochete
KM886158.1.1445,SRR21726023,0.000502859,340042833,498,113,SRX17721958,31_16S,Illumina MiSeq,SRP346777,PRJNA781615,SRS15251982,SAMN31036823,31_16S,Green turtle hatchling intestine sample,Bacteria,Actinobacteriota,Actinobacteria,Micrococcales,Intrasporangiaceae,Serinicoccus,Serinicoccus_sp.
KY770437.1.1433,SRR21726023,0.000502859,340042833,498,113,SRX17721958,31_16S,Illumina MiSeq,SRP346777,PRJNA781615,SRS15251982,SAMN31036823,31_16S,Green turtle hatchling intestine sample,Bacteria,Bacteroidota,Bacteroidia,Flavobacteriales,Flavobacteriaceae,Muricauda,Muricauda_sp.
AM930457.1.1449,SRR21726019,0.000500465,338063986,499,119,SRX17721962,35_16S,Illumina MiSeq,SRP346777,PRJNA781615,SRS15251986,SAMN31036827,35_16S,Green turtle juvenile cloacal swab,Bacteria,Bacteroidota,Bacteroidia,Flavobacteriales,Flavobacteriaceae,Kordia,uncultured_Bacteroidetes
AM941184.1.1402,SRR21726019,0.000500465,338063986,499,119,SRX17721962,35_16S,Illumina MiSeq,SRP346777,PRJNA781615,SRS15251986,SAMN31036827,35_16S,Green turtle juvenile cloacal swab,Bacteria,Proteobacteria,Gammaproteobacteria,Vibrionales,Vibrionaceae,Vibrio,uncultured_Vibrio
MG162691.1.1201,SRR21726043,0.000500008,331464093,470,111,SRX17721938,44_16S,Illumina MiSeq,SRP346777,PRJNA781615,SRS15251963,SAMN31036836,44_16S,Green turtle hatchling stomach sample,Bacteria,Firmicutes,Bacilli,Staphylococcales,Staphylococcaceae,Staphylococcus,Staphylococcus_sp.
HQ326339.1.1483,SRR21726020,0.000498605,305472186,499,108,SRX17721961,34_16S,Illumina MiSeq,SRP346777,PRJNA781615,SRS15251985,SAMN31036826,34_16S,Green turtle juvenile cloacal swab,Bacteria,Bacteroidota,Bacteroidia,Flavobacteriales,Flavobacteriaceae,Aquibacter,uncultured_bacterium
GU644357.1.1376,SRR21726049,0.000497012,398448802,499,134,SRX17721932,38_16S,Illumina MiSeq,SRP346777,PRJNA781615,SRS15251956,SAMN31036830,38_16S,Green turtle juvenile cloacal swab,Bacteria,Proteobacteria,Alphaproteobacteria,Sphingomonadales,Sphingomonadaceae,Erythrobacter,Erythrobacter_sp.
JX391739.1.1499,SRR21726049,0.000497012,398448802,499,134,SRX17721932,38_16S,Illumina MiSeq,SRP346777,PRJNA781615,SRS15251956,SAMN31036830,38_16S,Green turtle juvenile cloacal swab,Bacteria,Proteobacteria,Gammaproteobacteria,Burkholderiales,Methylophilaceae,Methylotenera,uncultured_bacterium
KT767981.1.1420,SRR21726047,0.000492922,352120514,500,118,SRX17721934,40_16S,Illumina MiSeq,SRP346777,PRJNA781615,SRS15251958,SAMN31036832,40_16S,Green turtle juvenile esophageal swab,Bacteria,Desulfobacterota,Desulfovibrionia,Desulfovibrionales,Desulfovibrionaceae,Desulfovibrio,Desulfovibrio_senegalensis
FJ479559.1.1446,SRR21726043,0.000492195,331464093,470,111,SRX17721938,44_16S,Illumina MiSeq,SRP346777,PRJNA781615,SRS15251963,SAMN31036836,44_16S,Green turtle hatchling stomach sample,Bacteria,Proteobacteria,Alphaproteobacteria,Sphingomonadales,Sphingomonadaceae,Sphingomonas,uncultured_bacterium
FN692025.1.1284,SRR21726043,0.000492195,331464093,470,111,SRX17721938,44_16S,Illumina MiSeq,SRP346777,PRJNA781615,SRS15251963,SAMN31036836,44_16S,Green turtle hatchling stomach sample,Bacteria,Proteobacteria,Alphaproteobacteria,Sphingomonadales,Sphingomonadaceae,Sphingopyxis,Sphingopyxis_sp.
GU234951.1.1387,SRR21726050,0.0004895,328771667,500,110,SRX17721931,37_16S,Illumina MiSeq,SRP346777,PRJNA781615,SRS15251955,SAMN31036829,37_16S,Green turtle juvenile esophageal swab,Bacteria,Bdellovibrionota,Bdellovibrionia,Bacteriovoracales,Bacteriovoracaceae,Peredibacter,uncultured_marine
AB166956.1.1469,SRR21726029,0.000489295,383977850,499,131,SRX17721952,30_16S,Illumina MiSeq,SRP346777,PRJNA781615,SRS15251976,SAMN31036822,30_16S,Green turtle hatchling stomach sample,Bacteria,Actinobacteriota,Rubrobacteria,Rubrobacterales,Rubrobacteriaceae,Rubrobacter,Rubrobacter_sp.
KF741560.1.1500,SRR21726029,0.000489295,383977850,499,131,SRX17721952,30_16S,Illumina MiSeq,SRP346777,PRJNA781615,SRS15251976,SAMN31036822,30_16S,Green turtle hatchling stomach sample,Bacteria,Proteobacteria,Gammaproteobacteria,Cellvibrionales,Cellvibrionaceae,Aestuariicella,uncultured_bacterium
AB542932.1.1473,SRR21726023,0.000487386,340042833,498,113,SRX17721958,31_16S,Illumina MiSeq,SRP346777,PRJNA781615,SRS15251982,SAMN31036823,31_16S,Green turtle hatchling intestine sample,Bacteria,Firmicutes,Clostridia,Clostridiales,Clostridiaceae,Clostridium_sensu_stricto_2,Clostridium_cadaveris
DQ445859.1.1238,SRR21726043,0.000484383,331464093,470,111,SRX17721938,44_16S,Illumina MiSeq,SRP346777,PRJNA781615,SRS15251963,SAMN31036836,44_16S,Green turtle hatchling stomach sample,Bacteria,Firmicutes,Clostridia,Peptostreptococcales-Tissierellales,Peptostreptococcaceae,Paeniclostridium,[Eubacterium]_tenue
GU350455.1.1359,SRR21726043,0.000484383,331464093,470,111,SRX17721938,44_16S,Illumina MiSeq,SRP346777,PRJNA781615,SRS15251963,SAMN31036836,44_16S,Green turtle hatchling stomach sample,Bacteria,Bacteroidota,Bacteroidia,Flavobacteriales,Flavobacteriaceae,Myroides,Myroides_sp.
KP064189.1.1522,SRR21726046,0.000484041,264019405,500,87,SRX17721935,41_16S,Illumina MiSeq,SRP346777,PRJNA781615,SRS15251959,SAMN31036833,41_16S,Green turtle juvenile cloacal swab,Bacteria,Proteobacteria,Gammaproteobacteria,Oceanospirillales,Kangiellaceae,Kangiella,Kangiella_chungangensis
EU246821.1.1399,SRR21726019,0.000480447,338063986,499,119,SRX17721962,35_16S,Illumina MiSeq,SRP346777,PRJNA781615,SRS15251986,SAMN31036827,35_16S,Green turtle juvenile cloacal swab,Bacteria,Bacteroidota,Bacteroidia,Flavobacteriales,Crocinitomicaceae,Crocinitomix,uncultured_Bacteroidetes
MF988712.1.1381,SRR21726023,0.00047965,340042833,498,113,SRX17721958,31_16S,Illumina MiSeq,SRP346777,PRJNA781615,SRS15251982,SAMN31036823,31_16S,Green turtle hatchling intestine sample,Bacteria,Firmicutes,Clostridia,Clostridiales,Clostridiaceae,Clostridium_sensu_stricto_13,Clostridium_subterminale
JN717168.1.1441,SRR21726049,0.000479262,398448802,499,134,SRX17721932,38_16S,Illumina MiSeq,SRP346777,PRJNA781615,SRS15251956,SAMN31036830,38_16S,Green turtle juvenile cloacal swab,Bacteria,Proteobacteria,Alphaproteobacteria,Caulobacterales,Hyphomonadaceae,Litorimonas,uncultured_marine
AATQ01000039.15924.17359,SRR21726043,0.00047657,331464093,470,111,SRX17721938,44_16S,Illumina MiSeq,SRP346777,PRJNA781615,SRS15251963,SAMN31036836,44_16S,Green turtle hatchling stomach sample,Bacteria,Proteobacteria,Alphaproteobacteria,Rhodobacterales,Rhodobacteraceae,Pelagibaca,Pelagibaca_bermudensis
EF471465.1.1394,SRR21726020,0.000475233,305472186,499,108,SRX17721961,34_16S,Illumina MiSeq,SRP346777,PRJNA781615,SRS15251985,SAMN31036826,34_16S,Green turtle juvenile cloacal swab,Bacteria,Proteobacteria,Alphaproteobacteria,Rhodobacterales,Rhodobacteraceae,Litorimicrobium,uncultured_Alphaproteobacteria
AB270585.1.1465,SRR21726052,0.000474527,412561192,500,137,SRX17721929,27_16S,Illumina MiSeq,SRP346777,PRJNA781615,SRS15251953,SAMN31036819,27_16S,Green turtle juvenile esophageal swab,Bacteria,Bacteroidota,Bacteroidia,Flavobacteriales,Flavobacteriaceae,Robiginitalea,Robiginitalea_myxolifaciens
JQ215886.1.1380,SRR21726052,0.000474527,412561192,500,137,SRX17721929,27_16S,Illumina MiSeq,SRP346777,PRJNA781615,SRS15251953,SAMN31036819,27_16S,Green turtle juvenile esophageal swab,Bacteria,Desulfobacterota,Desulfuromonadia,Bradymonadales,Bradymonadales,Bradymonadales,uncultured_bacterium
KF064255.1.1326,SRR21726052,0.000474527,412561192,500,137,SRX17721929,27_16S,Illumina MiSeq,SRP346777,PRJNA781615,SRS15251953,SAMN31036819,27_16S,Green turtle juvenile esophageal swab,Bacteria,Actinobacteriota,Actinobacteria,Propionibacteriales,Propionibacteriaceae,Propioniciclava,uncultured_bacterium
LN565045.1.1323,SRR21726052,0.000474527,412561192,500,137,SRX17721929,27_16S,Illumina MiSeq,SRP346777,PRJNA781615,SRS15251953,SAMN31036819,27_16S,Green turtle juvenile esophageal swab,Bacteria,Patescibacteria,Saccharimonadia,Saccharimonadales,Saccharimonadaceae,Candidatus_Saccharimonas,uncultured_bacterium
JQ194064.1.1337,SRR21726047,0.000474322,352120514,500,118,SRX17721934,40_16S,Illumina MiSeq,SRP346777,PRJNA781615,SRS15251958,SAMN31036832,40_16S,Green turtle juvenile esophageal swab,Bacteria,Campilobacterota,Campylobacteria,Campylobacterales,Campylobacteraceae,Campylobacter,uncultured_bacterium
AB377289.1.1455,SRR21726049,0.000473345,398448802,499,134,SRX17721932,38_16S,Illumina MiSeq,SRP346777,PRJNA781615,SRS15251956,SAMN31036830,38_16S,Green turtle juvenile cloacal swab,Bacteria,Actinobacteriota,Actinobacteria,Corynebacteriales,Dietziaceae,Dietzia,Dietzia_timorensis
AB675658.1.1478,SRR21726049,0.000473345,398448802,499,134,SRX17721932,38_16S,Illumina MiSeq,SRP346777,PRJNA781615,SRS15251956,SAMN31036830,38_16S,Green turtle juvenile cloacal swab,Bacteria,Bacteroidota,Bacteroidia,Chitinophagales,Saprospiraceae,Portibacter,Portibacter_lacus
JN433182.1.1362,SRR21726021,0.000471841,345478090,500,115,SRX17721960,33_16S,Illumina MiSeq,SRP346777,PRJNA781615,SRS15251984,SAMN31036825,33_16S,Green turtle juvenile esophageal swab,Bacteria,Bdellovibrionota,Bdellovibrionia,Bacteriovoracales,Bacteriovoracaceae,Peredibacter,uncultured_organism
JQ215886.1.1380,SRR21726021,0.000471841,345478090,500,115,SRX17721960,33_16S,Illumina MiSeq,SRP346777,PRJNA781615,SRS15251984,SAMN31036825,33_16S,Green turtle juvenile esophageal swab,Bacteria,Desulfobacterota,Desulfuromonadia,Bradymonadales,Bradymonadales,Bradymonadales,uncultured_bacterium
AB218322.1.1456,SRR21726019,0.000470438,338063986,499,119,SRX17721962,35_16S,Illumina MiSeq,SRP346777,PRJNA781615,SRS15251986,SAMN31036827,35_16S,Green turtle juvenile cloacal swab,Bacteria,Firmicutes,Clostridia,Christensenellales,Christensenellaceae,Christensenellaceae_R-7_group,uncultured_Clostridiaceae
LN565045.1.1323,SRR21726019,0.000470438,338063986,499,119,SRX17721962,35_16S,Illumina MiSeq,SRP346777,PRJNA781615,SRS15251986,SAMN31036827,35_16S,Green turtle juvenile cloacal swab,Bacteria,Patescibacteria,Saccharimonadia,Saccharimonadales,Saccharimonadaceae,Candidatus_Saccharimonas,uncultured_bacterium
FJ394548.1.1357,SRR21726046,0.000469373,264019405,500,87,SRX17721935,41_16S,Illumina MiSeq,SRP346777,PRJNA781615,SRS15251959,SAMN31036833,41_16S,Green turtle juvenile cloacal swab,Bacteria,Proteobacteria,Alphaproteobacteria,Caulobacterales,Hyphomonadaceae,Fretibacter,Hyphomonadaceae_bacterium
DQ915621.1.1306,SRR21726029,0.000465619,383977850,499,131,SRX17721952,30_16S,Illumina MiSeq,SRP346777,PRJNA781615,SRS15251976,SAMN31036822,30_16S,Green turtle hatchling stomach sample,Bacteria,Proteobacteria,Alphaproteobacteria,Rhodobacterales,Rhodobacteraceae,Roseivivax,Roseivivax_halodurans
KF741392.1.1496,SRR21726023,0.000464177,340042833,498,113,SRX17721958,31_16S,Illumina MiSeq,SRP346777,PRJNA781615,SRS15251982,SAMN31036823,31_16S,Green turtle hatchling intestine sample,Bacteria,Proteobacteria,Gammaproteobacteria,Steroidobacterales,Woeseiaceae,Woeseia,uncultured_bacterium
AY372916.1.1432,SRR21726046,0.000462039,264019405,500,87,SRX17721935,41_16S,Illumina MiSeq,SRP346777,PRJNA781615,SRS15251959,SAMN31036833,41_16S,Green turtle juvenile cloacal swab,Bacteria,Bacteroidota,Bacteroidia,Flavobacteriales,Flavobacteriaceae,Muricauda,Bacteroidetes_bacterium
KY770546.1.1368,SRR21726043,0.000460945,331464093,470,111,SRX17721938,44_16S,Illumina MiSeq,SRP346777,PRJNA781615,SRS15251963,SAMN31036836,44_16S,Green turtle hatchling stomach sample,Bacteria,Proteobacteria,Alphaproteobacteria,Rhodobacterales,Rhodobacteraceae,Pseudooceanicola,Oceanicola_sp.
LN567929.1.1384,SRR21726043,0.000460945,331464093,470,111,SRX17721938,44_16S,Illumina MiSeq,SRP346777,PRJNA781615,SRS15251963,SAMN31036836,44_16S,Green turtle hatchling stomach sample,Bacteria,Actinobacteriota,Thermoleophilia,Gaiellales,uncultured,uncultured,uncultured_bacterium
JQ716266.1.1485,SRR21726019,0.000460428,338063986,499,119,SRX17721962,35_16S,Illumina MiSeq,SRP346777,PRJNA781615,SRS15251986,SAMN31036827,35_16S,Green turtle juvenile cloacal swab,Bacteria,Bacteroidota,Bacteroidia,Cytophagales,Cyclobacteriaceae,Marinoscillum,uncultured_bacterium
JN038224.1.1426,SRR21726029,0.000457727,383977850,499,131,SRX17721952,30_16S,Illumina MiSeq,SRP346777,PRJNA781615,SRS15251976,SAMN31036822,30_16S,Green turtle hatchling stomach sample,Bacteria,Proteobacteria,Alphaproteobacteria,Alphaproteobacteria_Incertae_Sedis,Unknown_Family,Acuticoccus,uncultured_Alphaproteobacteria
MH179119.1.1207,SRR21726042,0.000456822,371802664,500,145,SRX17721939,45_16S,Illumina MiSeq,SRP346777,PRJNA781615,SRS15251962,SAMN31036837,45_16S,Green turtle hatchling intestine sample,Bacteria,Proteobacteria,Gammaproteobacteria,Burkholderiales,Alcaligenaceae,Achromobacter,Azospirillum_brasilense
AB681556.1.1385,SRR21726023,0.000456441,340042833,498,113,SRX17721958,31_16S,Illumina MiSeq,SRP346777,PRJNA781615,SRS15251982,SAMN31036823,31_16S,Green turtle hatchling intestine sample,Bacteria,Proteobacteria,Alphaproteobacteria,Rhodobacterales,Rhodobacteraceae,Paracoccus,Paracoccus_sp.
JQ213664.1.1356,SRR21726047,0.000455721,352120514,500,118,SRX17721934,40_16S,Illumina MiSeq,SRP346777,PRJNA781615,SRS15251958,SAMN31036832,40_16S,Green turtle juvenile esophageal swab,Bacteria,Proteobacteria,Gammaproteobacteria,Pseudomonadales,Moraxellaceae,Psychrobacter,uncultured_bacterium
AB377289.1.1455,SRR21726046,0.000454705,264019405,500,87,SRX17721935,41_16S,Illumina MiSeq,SRP346777,PRJNA781615,SRS15251959,SAMN31036833,41_16S,Green turtle juvenile cloacal swab,Bacteria,Actinobacteriota,Actinobacteria,Corynebacteriales,Dietziaceae,Dietzia,Dietzia_timorensis
KM203471.1.1200,SRR21726020,0.000451861,305472186,499,108,SRX17721961,34_16S,Illumina MiSeq,SRP346777,PRJNA781615,SRS15251985,SAMN31036826,34_16S,Green turtle juvenile cloacal swab,Bacteria,Proteobacteria,Gammaproteobacteria,Cellvibrionales,Halieaceae,Halieaceae,uncultured_bacterium
KY190890.1.1459,SRR21726019,0.000450419,338063986,499,119,SRX17721962,35_16S,Illumina MiSeq,SRP346777,PRJNA781615,SRS15251986,SAMN31036827,35_16S,Green turtle juvenile cloacal swab,Bacteria,Proteobacteria,Gammaproteobacteria,Arenicellales,Arenicellaceae,HTCC5015,uncultured_bacterium
FJ671121.1.1378,SRR21726023,0.000448705,340042833,498,113,SRX17721958,31_16S,Illumina MiSeq,SRP346777,PRJNA781615,SRS15251982,SAMN31036823,31_16S,Green turtle hatchling intestine sample,Bacteria,Actinobacteriota,Actinobacteria,Corynebacteriales,Corynebacteriaceae,Corynebacterium,uncultured_bacterium
JN494200.1.1460,SRR21726023,0.000448705,340042833,498,113,SRX17721958,31_16S,Illumina MiSeq,SRP346777,PRJNA781615,SRS15251982,SAMN31036823,31_16S,Green turtle hatchling intestine sample,Bacteria,Planctomycetota,Planctomycetes,Pirellulales,Pirellulaceae,Pirellula,uncultured_organism
HM438631.1.1391,SRR21726043,0.000445319,331464093,470,111,SRX17721938,44_16S,Illumina MiSeq,SRP346777,PRJNA781615,SRS15251963,SAMN31036836,44_16S,Green turtle hatchling stomach sample,Bacteria,Proteobacteria,Alphaproteobacteria,Sphingomonadales,Sphingomonadaceae,Sphingomonas,uncultured_Sphingomonas
AF118453.1.1498,SRR21726023,0.000440968,340042833,498,113,SRX17721958,31_16S,Illumina MiSeq,SRP346777,PRJNA781615,SRS15251982,SAMN31036823,31_16S,Green turtle hatchling intestine sample,Bacteria,Desulfobacterota,Desulfobulbia,Desulfobulbales,Desulfocapsaceae,Desulforhopalus,Desulforhopalus_singaporensis
HQ171909.1.1448,SRR21726023,0.000440968,340042833,498,113,SRX17721958,31_16S,Illumina MiSeq,SRP346777,PRJNA781615,SRS15251982,SAMN31036823,31_16S,Green turtle hatchling intestine sample,Bacteria,Actinobacteriota,Actinobacteria,Micrococcales,Intrasporangiaceae,Knoellia,Knoellia_locipacati
JQ237129.1.1450,SRR21726023,0.000440968,340042833,498,113,SRX17721958,31_16S,Illumina MiSeq,SRP346777,PRJNA781615,SRS15251982,SAMN31036823,31_16S,Green turtle hatchling intestine sample,Bacteria,Proteobacteria,Gammaproteobacteria,Alteromonadales,Pseudoalteromonadaceae,Pseudoalteromonas,Pseudoalteromonas_xishaensis
KF064255.1.1326,SRR21726050,0.00044055,328771667,500,110,SRX17721931,37_16S,Illumina MiSeq,SRP346777,PRJNA781615,SRS15251955,SAMN31036829,37_16S,Green turtle juvenile esophageal swab,Bacteria,Actinobacteriota,Actinobacteria,Propionibacteriales,Propionibacteriaceae,Propioniciclava,uncultured_bacterium
KC001771.1.1349,SRR21726048,0.000439104,339853596,500,116,SRX17721933,39_16S,Illumina MiSeq,SRP346777,PRJNA781615,SRS15251957,SAMN31036831,39_16S,Green turtle juvenile esophageal swab,Bacteria,Desulfobacterota,Desulfuromonadia,Bradymonadales,Bradymonadales,Bradymonadales,unidentified_marine
KF515220.1.1384,SRR21726048,0.000439104,339853596,500,116,SRX17721933,39_16S,Illumina MiSeq,SRP346777,PRJNA781615,SRS15251957,SAMN31036831,39_16S,Green turtle juvenile esophageal swab,Bacteria,Proteobacteria,Alphaproteobacteria,Rhodobacterales,Rhodobacteraceae,Pseudooctadecabacter,Pseudooctadecabacter_jejudonensis
HQ326339.1.1483,SRR21726021,0.000438138,345478090,500,115,SRX17721960,33_16S,Illumina MiSeq,SRP346777,PRJNA781615,SRS15251984,SAMN31036825,33_16S,Green turtle juvenile esophageal swab,Bacteria,Bacteroidota,Bacteroidia,Flavobacteriales,Flavobacteriaceae,Aquibacter,uncultured_bacterium
KC331347.1.1495,SRR21726043,0.000437507,331464093,470,111,SRX17721938,44_16S,Illumina MiSeq,SRP346777,PRJNA781615,SRS15251963,SAMN31036836,44_16S,Green turtle hatchling stomach sample,Bacteria,Gemmatimonadota,Gemmatimonadetes,Gemmatimonadales,Gemmatimonadaceae,uncultured,uncultured_bacterium
KC843944.1.1489,SRR21726043,0.000437507,331464093,470,111,SRX17721938,44_16S,Illumina MiSeq,SRP346777,PRJNA781615,SRS15251963,SAMN31036836,44_16S,Green turtle hatchling stomach sample,Bacteria,Bacteroidota,Bacteroidia,Sphingobacteriales,Sphingobacteriaceae,Sphingobacterium,Sphingobacterium_changzhouense
LN567932.1.1382,SRR21726043,0.000437507,331464093,470,111,SRX17721938,44_16S,Illumina MiSeq,SRP346777,PRJNA781615,SRS15251963,SAMN31036836,44_16S,Green turtle hatchling stomach sample,Bacteria,Actinobacteriota,Thermoleophilia,Gaiellales,Gaiellaceae,Gaiella,uncultured_bacterium
JX530554.1.1433,SRR21726020,0.00043628,305472186,499,108,SRX17721961,34_16S,Illumina MiSeq,SRP346777,PRJNA781615,SRS15251985,SAMN31036826,34_16S,Green turtle juvenile cloacal swab,Bacteria,Bdellovibrionota,Bdellovibrionia,Bacteriovoracales,Bacteriovoracaceae,Peredibacter,uncultured_Bacteriovorax
HQ908733.1.1378,SRR21726023,0.000433232,340042833,498,113,SRX17721958,31_16S,Illumina MiSeq,SRP346777,PRJNA781615,SRS15251982,SAMN31036823,31_16S,Green turtle hatchling intestine sample,Bacteria,Proteobacteria,Alphaproteobacteria,Rhodobacterales,Rhodobacteraceae,Ruegeria,Ruegeria_sp.
KR857645.1.1479,SRR21726023,0.000433232,340042833,498,113,SRX17721958,31_16S,Illumina MiSeq,SRP346777,PRJNA781615,SRS15251982,SAMN31036823,31_16S,Green turtle hatchling intestine sample,Bacteria,Bacteroidota,Bacteroidia,Flavobacteriales,Crocinitomicaceae,Crocinitomix,uncultured_bacterium
KT274807.1.1415,SRR21726023,0.000433232,340042833,498,113,SRX17721958,31_16S,Illumina MiSeq,SRP346777,PRJNA781615,SRS15251982,SAMN31036823,31_16S,Green turtle hatchling intestine sample,Bacteria,Proteobacteria,Gammaproteobacteria,Oceanospirillales,Marinomonadaceae,Marinomonas,Marinomonas_sp.
JQ214955.1.1351,SRR21726046,0.000432704,264019405,500,87,SRX17721935,41_16S,Illumina MiSeq,SRP346777,PRJNA781615,SRS15251959,SAMN31036833,41_16S,Green turtle juvenile cloacal swab,Bacteria,Bacteroidota,Bacteroidia,Flavobacteriales,Cryomorphaceae,uncultured,uncultured_bacterium
JQ347351.1.1458,SRR21726046,0.000432704,264019405,500,87,SRX17721935,41_16S,Illumina MiSeq,SRP346777,PRJNA781615,SRS15251959,SAMN31036833,41_16S,Green turtle juvenile cloacal swab,Bacteria,Chloroflexi,Anaerolineae,SBR1031,A4b,A4b,uncultured_bacterium
EU583725.1.1445,SRR21726019,0.0004304,338063986,499,119,SRX17721962,35_16S,Illumina MiSeq,SRP346777,PRJNA781615,SRS15251986,SAMN31036827,35_16S,Green turtle juvenile cloacal swab,Bacteria,Proteobacteria,Gammaproteobacteria,Alteromonadales,Alteromonadaceae,Alteromonas,Alteromonas_halophila
KF945098.1.1213,SRR21726043,0.000429694,331464093,470,111,SRX17721938,44_16S,Illumina MiSeq,SRP346777,PRJNA781615,SRS15251963,SAMN31036836,44_16S,Green turtle hatchling stomach sample,Bacteria,Proteobacteria,Gammaproteobacteria,Enterobacterales,Morganellaceae,Morganella,uncultured_Morganella
AF057290.1.1492,SRR21726023,0.000425496,340042833,498,113,SRX17721958,31_16S,Illumina MiSeq,SRP346777,PRJNA781615,SRS15251982,SAMN31036823,31_16S,Green turtle hatchling intestine sample,Bacteria,Actinobacteriota,Actinobacteria,Micrococcales,Micrococcaceae,Micrococcus,Micrococcus_lylae
KP261821.1.1393,SRR21726023,0.000425496,340042833,498,113,SRX17721958,31_16S,Illumina MiSeq,SRP346777,PRJNA781615,SRS15251982,SAMN31036823,31_16S,Green turtle hatchling intestine sample,Bacteria,Proteobacteria,Alphaproteobacteria,Rhodobacterales,Rhodobacteraceae,Aliiroseovarius,Pseudoroseovarius_zhejiangensis
LT223128.1.1423,SRR21726023,0.000425496,340042833,498,113,SRX17721958,31_16S,Illumina MiSeq,SRP346777,PRJNA781615,SRS15251982,SAMN31036823,31_16S,Green turtle hatchling intestine sample,Bacteria,Proteobacteria,Gammaproteobacteria,Oceanospirillales,Nitrincolaceae,Neptunomonas,Neptunomonas_sp.
AB680451.1.1407,SRR21726042,0.000422983,371802664,500,145,SRX17721939,45_16S,Illumina MiSeq,SRP346777,PRJNA781615,SRS15251962,SAMN31036837,45_16S,Green turtle hatchling intestine sample,Bacteria,Proteobacteria,Alphaproteobacteria,Rhizobiales,Devosiaceae,Devosia,Devosia_riboflavina
KF289479.1.1330,SRR21726043,0.000421882,331464093,470,111,SRX17721938,44_16S,Illumina MiSeq,SRP346777,PRJNA781615,SRS15251963,SAMN31036836,44_16S,Green turtle hatchling stomach sample,Bacteria,Proteobacteria,Alphaproteobacteria,Rhodobacterales,Rhodobacteraceae,Palleronia-Pseudomaribius,Palleronia_sp.
JQ213442.1.1362,SRR21726020,0.000420698,305472186,499,108,SRX17721961,34_16S,Illumina MiSeq,SRP346777,PRJNA781615,SRS15251985,SAMN31036826,34_16S,Green turtle juvenile cloacal swab,Bacteria,Desulfobacterota,Desulfobulbia,Desulfobulbales,Desulfocapsaceae,Desulforhopalus,uncultured_bacterium
KR857645.1.1479,SRR21726020,0.000420698,305472186,499,108,SRX17721961,34_16S,Illumina MiSeq,SRP346777,PRJNA781615,SRS15251985,SAMN31036826,34_16S,Green turtle juvenile cloacal swab,Bacteria,Bacteroidota,Bacteroidia,Flavobacteriales,Crocinitomicaceae,Crocinitomix,uncultured_bacterium
JN977272.1.1543,SRR21726019,0.000420391,338063986,499,119,SRX17721962,35_16S,Illumina MiSeq,SRP346777,PRJNA781615,SRS15251986,SAMN31036827,35_16S,Green turtle juvenile cloacal swab,Bacteria,Acidobacteriota,Thermoanaerobaculia,Thermoanaerobaculales,Thermoanaerobaculaceae,Subgroup_10,uncultured_bacterium
AB680451.1.1407,SRR21726040,0.000419215,377927131,499,134,SRX17721941,29_16S,Illumina MiSeq,SRP346777,PRJNA781615,SRS15251965,SAMN31036821,29_16S,Green turtle juvenile cloacal swab,Bacteria,Proteobacteria,Alphaproteobacteria,Rhizobiales,Devosiaceae,Devosia,Devosia_riboflavina
KM203459.1.1200,SRR21726029,0.000418268,383977850,499,131,SRX17721952,30_16S,Illumina MiSeq,SRP346777,PRJNA781615,SRS15251976,SAMN31036822,30_16S,Green turtle hatchling stomach sample,Bacteria,Proteobacteria,Alphaproteobacteria,Caulobacterales,Hyphomonadaceae,uncultured,uncultured_bacterium
GU234911.1.1356,SRR21726023,0.000417759,340042833,498,113,SRX17721958,31_16S,Illumina MiSeq,SRP346777,PRJNA781615,SRS15251982,SAMN31036823,31_16S,Green turtle hatchling intestine sample,Bacteria,Actinobacteriota,Acidimicrobiia,Microtrichales,Microtrichaceae,Sva0996_marine_group,uncultured_marine
KU598747.1.1210,SRR21726040,0.000415223,377927131,499,134,SRX17721941,29_16S,Illumina MiSeq,SRP346777,PRJNA781615,SRS15251965,SAMN31036821,29_16S,Green turtle juvenile cloacal swab,Bacteria,Proteobacteria,Alphaproteobacteria,Rhizobiales,Rhizobiaceae,Ochrobactrum,Ochrobactrum_sp.
HQ640505.1.1351,SRR21726043,0.000414069,331464093,470,111,SRX17721938,44_16S,Illumina MiSeq,SRP346777,PRJNA781615,SRS15251963,SAMN31036836,44_16S,Green turtle hatchling stomach sample,Bacteria,Firmicutes,Clostridia,Clostridiales,Clostridiaceae,Clostridium_sensu_stricto_13,rumen_bacterium
HG813109.1.1317,SRR21726044,0.00041175,355385245,500,127,SRX17721937,43_16S,Illumina MiSeq,SRP346777,PRJNA781615,SRS15251961,SAMN31036835,43_16S,Green turtle hatchling intestine sample,Bacteria,Firmicutes,Clostridia,Clostridiales,Clostridiaceae,Clostridium_sensu_stricto_18,Clostridium_botulinum
HE574854.1.1290,SRR21726029,0.000410376,383977850,499,131,SRX17721952,30_16S,Illumina MiSeq,SRP346777,PRJNA781615,SRS15251976,SAMN31036822,30_16S,Green turtle hatchling stomach sample,Bacteria,Proteobacteria,Alphaproteobacteria,Rhodobacterales,Rhodobacteraceae,Rhodobacteraceae,uncultured_bacterium
HQ171439.1.1384,SRR21726023,0.000410023,340042833,498,113,SRX17721958,31_16S,Illumina MiSeq,SRP346777,PRJNA781615,SRS15251982,SAMN31036823,31_16S,Green turtle hatchling intestine sample,Bacteria,Proteobacteria,Alphaproteobacteria,Rhodobacterales,Rhodobacteraceae,Ruegeria,Ruegeria_conchae
KC161907.1.1212,SRR21726045,0.000408912,293530160,484,103,SRX17721936,42_16S,Illumina MiSeq,SRP346777,PRJNA781615,SRS15251960,SAMN31036834,42_16S,Green turtle hatchling stomach sample,Bacteria,Firmicutes,Bacilli,Bacillales,Bacillaceae,Bacillus,Bacillus_thuringiensis
AM900415.1.1396,SRR21726043,0.000406256,331464093,470,111,SRX17721938,44_16S,Illumina MiSeq,SRP346777,PRJNA781615,SRS15251963,SAMN31036836,44_16S,Green turtle hatchling stomach sample,Bacteria,Proteobacteria,Alphaproteobacteria,Rhodobacterales,Rhodobacteraceae,Leisingera,Leisingera_aquimarina
KR081270.1.1467,SRR21726043,0.000406256,331464093,470,111,SRX17721938,44_16S,Illumina MiSeq,SRP346777,PRJNA781615,SRS15251963,SAMN31036836,44_16S,Green turtle hatchling stomach sample,Bacteria,Bacteroidota,Bacteroidia,Cytophagales,Spirosomaceae,Leadbetterella,Leadbetterella_sp.
KY655353.1.1207,SRR21726043,0.000406256,331464093,470,111,SRX17721938,44_16S,Illumina MiSeq,SRP346777,PRJNA781615,SRS15251963,SAMN31036836,44_16S,Green turtle hatchling stomach sample,Bacteria,Proteobacteria,Gammaproteobacteria,Alteromonadales,Alteromonadaceae,Alteromonas,Alteromonas_sp.
KF515220.1.1384,SRR21726046,0.000403368,264019405,500,87,SRX17721935,41_16S,Illumina MiSeq,SRP346777,PRJNA781615,SRS15251959,SAMN31036833,41_16S,Green turtle juvenile cloacal swab,Bacteria,Proteobacteria,Alphaproteobacteria,Rhodobacterales,Rhodobacteraceae,Pseudooctadecabacter,Pseudooctadecabacter_jejudonensis
KF963652.1.1331,SRR21726040,0.000403245,377927131,499,134,SRX17721941,29_16S,Illumina MiSeq,SRP346777,PRJNA781615,SRS15251965,SAMN31036821,29_16S,Green turtle juvenile cloacal swab,Bacteria,Proteobacteria,Alphaproteobacteria,Rhizobiales,Beijerinckiaceae,Bosea,uncultured_bacterium
DQ985474.1.1247,SRR21726029,0.000402484,383977850,499,131,SRX17721952,30_16S,Illumina MiSeq,SRP346777,PRJNA781615,SRS15251976,SAMN31036822,30_16S,Green turtle hatchling stomach sample,Bacteria,Actinobacteriota,Actinobacteria,Propionibacteriales,Nocardioidaceae,Nocardioides,Nocardioides_sp.
KM203471.1.1200,SRR21726049,0.000402343,398448802,499,134,SRX17721932,38_16S,Illumina MiSeq,SRP346777,PRJNA781615,SRS15251956,SAMN31036830,38_16S,Green turtle juvenile cloacal swab,Bacteria,Proteobacteria,Gammaproteobacteria,Cellvibrionales,Halieaceae,Halieaceae,uncultured_bacterium
CP000885.15754.17276,SRR21726023,0.000402287,340042833,498,113,SRX17721958,31_16S,Illumina MiSeq,SRP346777,PRJNA781615,SRS15251982,SAMN31036823,31_16S,Green turtle hatchling intestine sample,Bacteria,Firmicutes,Clostridia,Lachnospirales,Lachnospiraceae,Lachnoclostridium,Lachnoclostridium_phytofermentans
FJ403093.1.1505,SRR21726023,0.000402287,340042833,498,113,SRX17721958,31_16S,Illumina MiSeq,SRP346777,PRJNA781615,SRS15251982,SAMN31036823,31_16S,Green turtle hatchling intestine sample,Bacteria,Acidobacteriota,Thermoanaerobaculia,Thermoanaerobaculales,Thermoanaerobaculaceae,Subgroup_10,uncultured_Acidobacteriaceae
KT799837.1.1507,SRR21726047,0.000399918,352120514,500,118,SRX17721934,40_16S,Illumina MiSeq,SRP346777,PRJNA781615,SRS15251958,SAMN31036832,40_16S,Green turtle juvenile esophageal swab,Bacteria,Fusobacteriota,Fusobacteriia,Fusobacteriales,Fusobacteriaceae,Fusobacterium,Fusobacteriaceae_bacterium
JQ214955.1.1351,SRR21726048,0.000399186,339853596,500,116,SRX17721933,39_16S,Illumina MiSeq,SRP346777,PRJNA781615,SRS15251957,SAMN31036831,39_16S,Green turtle juvenile esophageal swab,Bacteria,Bacteroidota,Bacteroidia,Flavobacteriales,Cryomorphaceae,uncultured,uncultured_bacterium
JQ347351.1.1458,SRR21726048,0.000399186,339853596,500,116,SRX17721933,39_16S,Illumina MiSeq,SRP346777,PRJNA781615,SRS15251957,SAMN31036831,39_16S,Green turtle juvenile esophageal swab,Bacteria,Chloroflexi,Anaerolineae,SBR1031,A4b,A4b,uncultured_bacterium
HQ766701.1.1348,SRR21726043,0.000398444,331464093,470,111,SRX17721938,44_16S,Illumina MiSeq,SRP346777,PRJNA781615,SRS15251963,SAMN31036836,44_16S,Green turtle hatchling stomach sample,Bacteria,Firmicutes,Clostridia,Lachnospirales,Lachnospiraceae,Epulopiscium,uncultured_organism
FJ203077.1.1422,SRR21726023,0.000394551,340042833,498,113,SRX17721958,31_16S,Illumina MiSeq,SRP346777,PRJNA781615,SRS15251982,SAMN31036823,31_16S,Green turtle hatchling intestine sample,Bacteria,Proteobacteria,Alphaproteobacteria,Rickettsiales,Rickettsiaceae,Candidatus_Megaira,uncultured_bacterium
JF107703.1.1347,SRR21726023,0.000394551,340042833,498,113,SRX17721958,31_16S,Illumina MiSeq,SRP346777,PRJNA781615,SRS15251982,SAMN31036823,31_16S,Green turtle hatchling intestine sample,Bacteria,Actinobacteriota,Actinobacteria,Micrococcales,Micrococcaceae,Kocuria,uncultured_bacterium
JQ678527.1.1483,SRR21726023,0.000394551,340042833,498,113,SRX17721958,31_16S,Illumina MiSeq,SRP346777,PRJNA781615,SRS15251982,SAMN31036823,31_16S,Green turtle hatchling intestine sample,Bacteria,Bacteroidota,Bacteroidia,Flavobacteriales,NS9_marine_group,NS9_marine_group,uncultured_bacterium
MF070526.1.1441,SRR21726051,0.000393421,345760543,484,123,SRX17721930,28_16S,Illumina MiSeq,SRP346777,PRJNA781615,SRS15251954,SAMN31036820,28_16S,Green turtle juvenile cloacal swab,Bacteria,Proteobacteria,Gammaproteobacteria,Enterobacterales,Morganellaceae,Morganella,Morganella_sp.
HQ340609.1.1457,SRR21726019,0.000390363,338063986,499,119,SRX17721962,35_16S,Illumina MiSeq,SRP346777,PRJNA781615,SRS15251986,SAMN31036827,35_16S,Green turtle juvenile cloacal swab,Bacteria,Proteobacteria,Gammaproteobacteria,Alteromonadales,Alteromonadaceae,Salinimonas,Salinimonas_lutimaris
KP064189.1.1522,SRR21726020,0.000389536,305472186,499,108,SRX17721961,34_16S,Illumina MiSeq,SRP346777,PRJNA781615,SRS15251985,SAMN31036826,34_16S,Green turtle juvenile cloacal swab,Bacteria,Proteobacteria,Gammaproteobacteria,Oceanospirillales,Kangiellaceae,Kangiella,Kangiella_chungangensis
KP410680.1.1399,SRR21726020,0.000389536,305472186,499,108,SRX17721961,34_16S,Illumina MiSeq,SRP346777,PRJNA781615,SRS15251985,SAMN31036826,34_16S,Green turtle juvenile cloacal swab,Bacteria,Proteobacteria,Alphaproteobacteria,Rhodobacterales,Rhodobacteraceae,Roseovarius,Ruegeria_sp.
HQ631984.1.1330,SRR21726042,0.000389145,371802664,500,145,SRX17721939,45_16S,Illumina MiSeq,SRP346777,PRJNA781615,SRS15251962,SAMN31036837,45_16S,Green turtle hatchling intestine sample,Bacteria,Proteobacteria,Alphaproteobacteria,Rhizobiales,Rhizobiaceae,Nitratireductor,Mesorhizobium_sp.
AY682198.1.1396,SRR21726052,0.000388249,412561192,500,137,SRX17721929,27_16S,Illumina MiSeq,SRP346777,PRJNA781615,SRS15251953,SAMN31036819,27_16S,Green turtle juvenile esophageal swab,Bacteria,Proteobacteria,Alphaproteobacteria,Rhodobacterales,Rhodobacteraceae,Yoonia-Loktanella,Loktanella_agnita
AB180234.1.1396,SRR21726023,0.000386814,340042833,498,113,SRX17721958,31_16S,Illumina MiSeq,SRP346777,PRJNA781615,SRS15251982,SAMN31036823,31_16S,Green turtle hatchling intestine sample,Bacteria,Actinobacteriota,Actinobacteria,Micrococcales,Intrasporangiaceae,Janibacter,Janibacter_sp.
AJ783959.1.1492,SRR21726023,0.000386814,340042833,498,113,SRX17721958,31_16S,Illumina MiSeq,SRP346777,PRJNA781615,SRS15251982,SAMN31036823,31_16S,Green turtle hatchling intestine sample,Bacteria,Bacteroidota,Bacteroidia,Flavobacteriales,Flavobacteriaceae,Salegentibacter,Salegentibacter_sp.
KR906469.1.1434,SRR21726023,0.000386814,340042833,498,113,SRX17721958,31_16S,Illumina MiSeq,SRP346777,PRJNA781615,SRS15251982,SAMN31036823,31_16S,Green turtle hatchling intestine sample,Bacteria,Actinobacteriota,Actinobacteria,Micrococcales,Dermabacteraceae,Brachybacterium,Brachybacterium_sp.
JF067491.1.1343,SRR21726051,0.000386753,345760543,484,123,SRX17721930,28_16S,Illumina MiSeq,SRP346777,PRJNA781615,SRS15251954,SAMN31036820,28_16S,Green turtle juvenile cloacal swab,Bacteria,Actinobacteriota,Actinobacteria,Micrococcales,Brevibacteriaceae,Brevibacterium,uncultured_bacterium
FJ203342.1.1386,SRR21726029,0.000386701,383977850,499,131,SRX17721952,30_16S,Illumina MiSeq,SRP346777,PRJNA781615,SRS15251976,SAMN31036822,30_16S,Green turtle hatchling stomach sample,Bacteria,Proteobacteria,Alphaproteobacteria,Rhodobacterales,Rhodobacteraceae,Litorimicrobium,uncultured_bacterium
MG827301.1.1451,SRR21726029,0.000386701,383977850,499,131,SRX17721952,30_16S,Illumina MiSeq,SRP346777,PRJNA781615,SRS15251976,SAMN31036822,30_16S,Green turtle hatchling stomach sample,Bacteria,Bacteroidota,Bacteroidia,Chitinophagales,Saprospiraceae,Lewinella,Lewinella_sp.
EU233779.1.1260,SRR21726043,0.000382818,331464093,470,111,SRX17721938,44_16S,Illumina MiSeq,SRP346777,PRJNA781615,SRS15251963,SAMN31036836,44_16S,Green turtle hatchling stomach sample,Bacteria,Firmicutes,Bacilli,Bacillales,Planococcaceae,Lysinibacillus,Bacillus_sp.
EU467957.1.1359,SRR21726043,0.000382818,331464093,470,111,SRX17721938,44_16S,Illumina MiSeq,SRP346777,PRJNA781615,SRS15251963,SAMN31036836,44_16S,Green turtle hatchling stomach sample,Bacteria,Actinobacteriota,Actinobacteria,Micrococcales,Micrococcaceae,Glutamicibacter,uncultured_bacterium
EU246808.1.1430,SRR21726019,0.000380354,338063986,499,119,SRX17721962,35_16S,Illumina MiSeq,SRP346777,PRJNA781615,SRS15251986,SAMN31036827,35_16S,Green turtle juvenile cloacal swab,Bacteria,Proteobacteria,Gammaproteobacteria,Granulosicoccales,Granulosicoccaceae,Granulosicoccus,uncultured_gamma
HQ852039.1.1388,SRR21726023,0.000379078,340042833,498,113,SRX17721958,31_16S,Illumina MiSeq,SRP346777,PRJNA781615,SRS15251982,SAMN31036823,31_16S,Green turtle hatchling intestine sample,Bacteria,Proteobacteria,Alphaproteobacteria,Rhodobacterales,Rhodobacteraceae,Aliiroseovarius,Aliiroseovarius_halocynthiae
KF906719.1.1486,SRR21726023,0.000379078,340042833,498,113,SRX17721958,31_16S,Illumina MiSeq,SRP346777,PRJNA781615,SRS15251982,SAMN31036823,31_16S,Green turtle hatchling intestine sample,Bacteria,Bacteroidota,Bacteroidia,Flavobacteriales,Flavobacteriaceae,Aquimarina,Aquimarina_atlantica
KX179987.1.1495,SRR21726023,0.000379078,340042833,498,113,SRX17721958,31_16S,Illumina MiSeq,SRP346777,PRJNA781615,SRS15251982,SAMN31036823,31_16S,Green turtle hatchling intestine sample,Bacteria,Proteobacteria,Gammaproteobacteria,Alteromonadales,Alteromonadaceae,Alteromonas,uncultured_Alteromonas
KU534323.1.1251,SRR21726051,0.000376751,345760543,484,123,SRX17721930,28_16S,Illumina MiSeq,SRP346777,PRJNA781615,SRS15251954,SAMN31036820,28_16S,Green turtle juvenile cloacal swab,Bacteria,Proteobacteria,Gammaproteobacteria,Burkholderiales,Comamonadaceae,Xenophilus,Xenophilus_sp.
GQ417650.1.1454,SRR21726043,0.000375006,331464093,470,111,SRX17721938,44_16S,Illumina MiSeq,SRP346777,PRJNA781615,SRS15251963,SAMN31036836,44_16S,Green turtle hatchling stomach sample,Bacteria,Proteobacteria,Gammaproteobacteria,Burkholderiales,Alcaligenaceae,Parapusillimonas,uncultured_Alcaligenaceae
JQ215733.1.1343,SRR21726047,0.000372017,352120514,500,118,SRX17721934,40_16S,Illumina MiSeq,SRP346777,PRJNA781615,SRS15251958,SAMN31036832,40_16S,Green turtle juvenile esophageal swab,Bacteria,Bacteroidota,Bacteroidia,Flavobacteriales,Weeksellaceae,Ornithobacterium,uncultured_bacterium
KT719514.1.1400,SRR21726023,0.000371342,340042833,498,113,SRX17721958,31_16S,Illumina MiSeq,SRP346777,PRJNA781615,SRS15251982,SAMN31036823,31_16S,Green turtle hatchling intestine sample,Bacteria,Firmicutes,Bacilli,Bacillales,Bacillaceae,Bacillus,Bacillus_mesonae
AB542932.1.1473,SRR21726029,0.000370917,383977850,499,131,SRX17721952,30_16S,Illumina MiSeq,SRP346777,PRJNA781615,SRS15251976,SAMN31036822,30_16S,Green turtle hatchling stomach sample,Bacteria,Firmicutes,Clostridia,Clostridiales,Clostridiaceae,Clostridium_sensu_stricto_2,Clostridium_cadaveris
JQ213664.1.1356,SRR21726021,0.000370732,345478090,500,115,SRX17721960,33_16S,Illumina MiSeq,SRP346777,PRJNA781615,SRS15251984,SAMN31036825,33_16S,Green turtle juvenile esophageal swab,Bacteria,Proteobacteria,Gammaproteobacteria,Pseudomonadales,Moraxellaceae,Psychrobacter,uncultured_bacterium
AB675658.1.1478,SRR21726019,0.000370344,338063986,499,119,SRX17721962,35_16S,Illumina MiSeq,SRP346777,PRJNA781615,SRS15251986,SAMN31036827,35_16S,Green turtle juvenile cloacal swab,Bacteria,Bacteroidota,Bacteroidia,Chitinophagales,Saprospiraceae,Portibacter,Portibacter_lacus
KC009924.1.1486,SRR21726019,0.000370344,338063986,499,119,SRX17721962,35_16S,Illumina MiSeq,SRP346777,PRJNA781615,SRS15251986,SAMN31036827,35_16S,Green turtle juvenile cloacal swab,Bacteria,Proteobacteria,Gammaproteobacteria,Cellvibrionales,Porticoccaceae,Porticoccus,uncultured_Porticoccus
AB272325.1.1207,SRR21726051,0.000370083,345760543,484,123,SRX17721930,28_16S,Illumina MiSeq,SRP346777,PRJNA781615,SRS15251954,SAMN31036820,28_16S,Green turtle juvenile cloacal swab,Bacteria,Proteobacteria,Gammaproteobacteria,Burkholderiales,Alcaligenaceae,Alcaligenes,Alcaligenes_sp.
KJ806242.1.1339,SRR21726043,0.000367193,331464093,470,111,SRX17721938,44_16S,Illumina MiSeq,SRP346777,PRJNA781615,SRS15251963,SAMN31036836,44_16S,Green turtle hatchling stomach sample,Bacteria,Actinobacteriota,Actinobacteria,Micrococcales,Microbacteriaceae,Agromyces,Agromyces_mediolanus
JQ218800.1.1494,SRR21726049,0.000366842,398448802,499,134,SRX17721932,38_16S,Illumina MiSeq,SRP346777,PRJNA781615,SRS15251956,SAMN31036830,38_16S,Green turtle juvenile cloacal swab,Bacteria,Proteobacteria,Gammaproteobacteria,Granulosicoccales,Granulosicoccaceae,Granulosicoccus,uncultured_proteobacterium
AY682198.1.1396,SRR21726029,0.000363025,383977850,499,131,SRX17721952,30_16S,Illumina MiSeq,SRP346777,PRJNA781615,SRS15251976,SAMN31036822,30_16S,Green turtle hatchling stomach sample,Bacteria,Proteobacteria,Alphaproteobacteria,Rhodobacterales,Rhodobacteraceae,Yoonia-Loktanella,Loktanella_agnita
KU042973.1.1435,SRR21726029,0.000363025,383977850,499,131,SRX17721952,30_16S,Illumina MiSeq,SRP346777,PRJNA781615,SRS15251976,SAMN31036822,30_16S,Green turtle hatchling stomach sample,Bacteria,Proteobacteria,Alphaproteobacteria,Rhodobacterales,Rhodobacteraceae,Rhodobacter,Sinirhodobacter_sp.
KU533822.1.1490,SRR21726029,0.000363025,383977850,499,131,SRX17721952,30_16S,Illumina MiSeq,SRP346777,PRJNA781615,SRS15251976,SAMN31036822,30_16S,Green turtle hatchling stomach sample,Bacteria,Bacteroidota,Bacteroidia,Bacteroidales,Bacteroidaceae,Bacteroides,Bacteroides_sp.4SWWS3-28
KY190890.1.1459,SRR21726029,0.000363025,383977850,499,131,SRX17721952,30_16S,Illumina MiSeq,SRP346777,PRJNA781615,SRS15251976,SAMN31036822,30_16S,Green turtle hatchling stomach sample,Bacteria,Proteobacteria,Gammaproteobacteria,Arenicellales,Arenicellaceae,HTCC5015,uncultured_bacterium
AY327883.1.1471,SRR21726019,0.000360335,338063986,499,119,SRX17721962,35_16S,Illumina MiSeq,SRP346777,PRJNA781615,SRS15251986,SAMN31036827,35_16S,Green turtle juvenile cloacal swab,Bacteria,Bacteroidota,Bacteroidia,Flavobacteriales,Flavobacteriaceae,uncultured,uncultured_Bacteroidetes
DQ800082.1.1285,SRR21726019,0.000360335,338063986,499,119,SRX17721962,35_16S,Illumina MiSeq,SRP346777,PRJNA781615,SRS15251986,SAMN31036827,35_16S,Green turtle juvenile cloacal swab,Bacteria,Firmicutes,Clostridia,Oscillospirales,Oscillospiraceae,NK4A214_group,uncultured_bacterium
KF698727.1.1311,SRR21726019,0.000360335,338063986,499,119,SRX17721962,35_16S,Illumina MiSeq,SRP346777,PRJNA781615,SRS15251986,SAMN31036827,35_16S,Green turtle juvenile cloacal swab,Bacteria,Proteobacteria,Alphaproteobacteria,Rhodobacterales,Rhodobacteraceae,Paracoccus,Paracoccus_zeaxanthinifaciens
HM447831.1.1500,SRR21726043,0.000359381,331464093,470,111,SRX17721938,44_16S,Illumina MiSeq,SRP346777,PRJNA781615,SRS15251963,SAMN31036836,44_16S,Green turtle hatchling stomach sample,Bacteria,Acidobacteriota,Vicinamibacteria,Vicinamibacterales,Vicinamibacteraceae,Vicinamibacteraceae,uncultured_Acidobacteria
KP301102.1.1429,SRR21726043,0.000359381,331464093,470,111,SRX17721938,44_16S,Illumina MiSeq,SRP346777,PRJNA781615,SRS15251963,SAMN31036836,44_16S,Green turtle hatchling stomach sample,Bacteria,Actinobacteriota,Actinobacteria,Micrococcales,Micrococcaceae,Pseudarthrobacter,Arthrobacter_sp.
LN564371.1.1347,SRR21726043,0.000359381,331464093,470,111,SRX17721938,44_16S,Illumina MiSeq,SRP346777,PRJNA781615,SRS15251963,SAMN31036836,44_16S,Green turtle hatchling stomach sample,Bacteria,Bacteroidota,Bacteroidia,Cytophagales,Spirosomaceae,Leadbetterella,uncultured_bacterium
JF272109.1.1486,SRR21726046,0.000359364,264019405,500,87,SRX17721935,41_16S,Illumina MiSeq,SRP346777,PRJNA781615,SRS15251959,SAMN31036833,41_16S,Green turtle juvenile cloacal swab,Bacteria,Bacteroidota,Bacteroidia,Chitinophagales,Saprospiraceae,Lewinella,uncultured_bacterium
AY193154.1.1445,SRR21726023,0.000355869,340042833,498,113,SRX17721958,31_16S,Illumina MiSeq,SRP346777,PRJNA781615,SRS15251982,SAMN31036823,31_16S,Green turtle hatchling intestine sample,Bacteria,Bacteroidota,Bacteroidia,Chitinophagales,Saprospiraceae,Lewinella,uncultured_Bacteroidetes
HM591318.1.1493,SRR21726023,0.000355869,340042833,498,113,SRX17721958,31_16S,Illumina MiSeq,SRP346777,PRJNA781615,SRS15251982,SAMN31036823,31_16S,Green turtle hatchling intestine sample,Bacteria,Proteobacteria,Gammaproteobacteria,Alteromonadales,Alteromonadaceae,Aestuariibacter,uncultured_bacterium
AB286025.1.1435,SRR21726029,0.000355133,383977850,499,131,SRX17721952,30_16S,Illumina MiSeq,SRP346777,PRJNA781615,SRS15251976,SAMN31036822,30_16S,Green turtle hatchling stomach sample,Bacteria,Actinobacteriota,Actinobacteria,Micrococcales,Intrasporangiaceae,Marihabitans,Marihabitans_asiaticum
DQ809514.1.1292,SRR21726029,0.000355133,383977850,499,131,SRX17721952,30_16S,Illumina MiSeq,SRP346777,PRJNA781615,SRS15251976,SAMN31036822,30_16S,Green turtle hatchling stomach sample,Bacteria,Firmicutes,Clostridia,Lachnospirales,Lachnospiraceae,Blautia,uncultured_bacterium
LN561132.1.1359,SRR21726051,0.000353412,345760543,484,123,SRX17721930,28_16S,Illumina MiSeq,SRP346777,PRJNA781615,SRS15251954,SAMN31036820,28_16S,Green turtle juvenile cloacal swab,Bacteria,Bacteroidota,Bacteroidia,Flavobacteriales,Weeksellaceae,Chryseobacterium,uncultured_bacterium
AB542932.1.1473,SRR21726043,0.000351568,331464093,470,111,SRX17721938,44_16S,Illumina MiSeq,SRP346777,PRJNA781615,SRS15251963,SAMN31036836,44_16S,Green turtle hatchling stomach sample,Bacteria,Firmicutes,Clostridia,Clostridiales,Clostridiaceae,Clostridium_sensu_stricto_2,Clostridium_cadaveris
EU133869.1.1355,SRR21726043,0.000351568,331464093,470,111,SRX17721938,44_16S,Illumina MiSeq,SRP346777,PRJNA781615,SRS15251963,SAMN31036836,44_16S,Green turtle hatchling stomach sample,Bacteria,Actinobacteriota,Rubrobacteria,Rubrobacterales,Rubrobacteriaceae,Rubrobacter,uncultured_bacterium
GQ241322.1.1454,SRR21726043,0.000351568,331464093,470,111,SRX17721938,44_16S,Illumina MiSeq,SRP346777,PRJNA781615,SRS15251963,SAMN31036836,44_16S,Green turtle hatchling stomach sample,Bacteria,Proteobacteria,Gammaproteobacteria,Burkholderiales,Alcaligenaceae,Pusillimonas,Pusillimonas_soli
LN870785.1.1408,SRR21726043,0.000351568,331464093,470,111,SRX17721938,44_16S,Illumina MiSeq,SRP346777,PRJNA781615,SRS15251963,SAMN31036836,44_16S,Green turtle hatchling stomach sample,Bacteria,Acidobacteriota,Vicinamibacteria,Vicinamibacterales,uncultured,uncultured,uncultured_bacterium
KU042973.1.1435,SRR21726020,0.000350582,305472186,499,108,SRX17721961,34_16S,Illumina MiSeq,SRP346777,PRJNA781615,SRS15251985,SAMN31036826,34_16S,Green turtle juvenile cloacal swab,Bacteria,Proteobacteria,Alphaproteobacteria,Rhodobacterales,Rhodobacteraceae,Rhodobacter,Sinirhodobacter_sp.
MLAY01000031.210.1714,SRR21726020,0.000350582,305472186,499,108,SRX17721961,34_16S,Illumina MiSeq,SRP346777,PRJNA781615,SRS15251985,SAMN31036826,34_16S,Green turtle juvenile cloacal swab,Bacteria,Bacteroidota,Bacteroidia,Cytophagales,Microscillaceae,Microscilla,marine_bacterium
JFJP01001131.1070.2573,SRR21726019,0.000350326,338063986,499,119,SRX17721962,35_16S,Illumina MiSeq,SRP346777,PRJNA781615,SRS15251986,SAMN31036827,35_16S,Green turtle juvenile cloacal swab,Bacteria,Bacteroidota,Bacteroidia,Cytophagales,Amoebophilaceae,Candidatus_Amoebophilus,microbial_mat
HM032006.1.1326,SRR21726023,0.000348133,340042833,498,113,SRX17721958,31_16S,Illumina MiSeq,SRP346777,PRJNA781615,SRS15251982,SAMN31036823,31_16S,Green turtle hatchling intestine sample,Bacteria,Proteobacteria,Alphaproteobacteria,Rhodobacterales,Rhodobacteraceae,Thalassobius,Thalassobius_sp.
AB264078.1.1431,SRR21726029,0.000347241,383977850,499,131,SRX17721952,30_16S,Illumina MiSeq,SRP346777,PRJNA781615,SRS15251976,SAMN31036822,30_16S,Green turtle hatchling stomach sample,Bacteria,Firmicutes,Clostridia,Clostridiales,Clostridiaceae,Clostridium_sensu_stricto_13,uncultured_Clostridiaceae
HQ218715.1.1464,SRR21726029,0.000347241,383977850,499,131,SRX17721952,30_16S,Illumina MiSeq,SRP346777,PRJNA781615,SRS15251976,SAMN31036822,30_16S,Green turtle hatchling stomach sample,Bacteria,Proteobacteria,Alphaproteobacteria,Paracaedibacterales,Paracaedibacteraceae,uncultured,uncultured_bacterium
JN977272.1.1543,SRR21726046,0.000344696,264019405,500,87,SRX17721935,41_16S,Illumina MiSeq,SRP346777,PRJNA781615,SRS15251959,SAMN31036833,41_16S,Green turtle juvenile cloacal swab,Bacteria,Acidobacteriota,Thermoanaerobaculia,Thermoanaerobaculales,Thermoanaerobaculaceae,Subgroup_10,uncultured_bacterium
FN811334.1.1326,SRR21726043,0.000343755,331464093,470,111,SRX17721938,44_16S,Illumina MiSeq,SRP346777,PRJNA781615,SRS15251963,SAMN31036836,44_16S,Green turtle hatchling stomach sample,Bacteria,Actinobacteriota,Actinobacteria,Micrococcales,Micrococcaceae,Kocuria,Kocuria_rhizophila
KT154959.1.1347,SRR21726043,0.000343755,331464093,470,111,SRX17721938,44_16S,Illumina MiSeq,SRP346777,PRJNA781615,SRS15251963,SAMN31036836,44_16S,Green turtle hatchling stomach sample,Bacteria,Bacteroidota,Bacteroidia,Chitinophagales,Chitinophagaceae,Chitinophaga,Chitinophaga_sp.
KU598747.1.1210,SRR21726043,0.000343755,331464093,470,111,SRX17721938,44_16S,Illumina MiSeq,SRP346777,PRJNA781615,SRS15251963,SAMN31036836,44_16S,Green turtle hatchling stomach sample,Bacteria,Proteobacteria,Alphaproteobacteria,Rhizobiales,Rhizobiaceae,Ochrobactrum,Ochrobactrum_sp.
JX529407.1.1427,SRR21726020,0.000342791,305472186,499,108,SRX17721961,34_16S,Illumina MiSeq,SRP346777,PRJNA781615,SRS15251985,SAMN31036826,34_16S,Green turtle juvenile cloacal swab,Bacteria,Bacteroidota,Bacteroidia,Flavobacteriales,Flavobacteriaceae,Psychroserpens,uncultured_Flavobacteriaceae
JX531131.1.1434,SRR21726050,0.00034265,328771667,500,110,SRX17721931,37_16S,Illumina MiSeq,SRP346777,PRJNA781615,SRS15251955,SAMN31036829,37_16S,Green turtle juvenile esophageal swab,Bacteria,Bdellovibrionota,Bdellovibrionia,Bacteriovoracales,Bacteriovoracaceae,Peredibacter,uncultured_Bacteriovoracaceae
AY327883.1.1471,SRR21726023,0.000340397,340042833,498,113,SRX17721958,31_16S,Illumina MiSeq,SRP346777,PRJNA781615,SRS15251982,SAMN31036823,31_16S,Green turtle hatchling intestine sample,Bacteria,Bacteroidota,Bacteroidia,Flavobacteriales,Flavobacteriaceae,uncultured,uncultured_Bacteroidetes
FJ203051.1.1447,SRR21726023,0.000340397,340042833,498,113,SRX17721958,31_16S,Illumina MiSeq,SRP346777,PRJNA781615,SRS15251982,SAMN31036823,31_16S,Green turtle hatchling intestine sample,Bacteria,Actinobacteriota,Acidimicrobiia,Actinomarinales,uncultured,uncultured,uncultured_bacterium
JN885197.1.1384,SRR21726023,0.000340397,340042833,498,113,SRX17721958,31_16S,Illumina MiSeq,SRP346777,PRJNA781615,SRS15251982,SAMN31036823,31_16S,Green turtle hatchling intestine sample,Bacteria,Proteobacteria,Alphaproteobacteria,Rhodobacterales,Rhodobacteraceae,Yoonia-Loktanella,Yoonia_litorea
JN825566.1.1475,SRR21726029,0.00033935,383977850,499,131,SRX17721952,30_16S,Illumina MiSeq,SRP346777,PRJNA781615,SRS15251976,SAMN31036822,30_16S,Green turtle hatchling stomach sample,Bacteria,Planctomycetota,Planctomycetes,Gemmatales,Gemmataceae,Gemmata,uncultured_Planctomycetales
KX213853.1.1399,SRR21726029,0.00033935,383977850,499,131,SRX17721952,30_16S,Illumina MiSeq,SRP346777,PRJNA781615,SRS15251976,SAMN31036822,30_16S,Green turtle hatchling stomach sample,Bacteria,Planctomycetota,OM190,OM190,OM190,OM190,uncultured_bacterium
FJ203342.1.1386,SRR21726046,0.000337362,264019405,500,87,SRX17721935,41_16S,Illumina MiSeq,SRP346777,PRJNA781615,SRS15251959,SAMN31036833,41_16S,Green turtle juvenile cloacal swab,Bacteria,Proteobacteria,Alphaproteobacteria,Rhodobacterales,Rhodobacteraceae,Litorimicrobium,uncultured_bacterium
EF092222.1.1365,SRR21726049,0.000337258,398448802,499,134,SRX17721932,38_16S,Illumina MiSeq,SRP346777,PRJNA781615,SRS15251956,SAMN31036830,38_16S,Green turtle juvenile cloacal swab,Bacteria,Proteobacteria,Alphaproteobacteria,Micavibrionales,uncultured,uncultured,uncultured_Rhizobiales
MPGM01000056.1.1416,SRR21726021,0.000337029,345478090,500,115,SRX17721960,33_16S,Illumina MiSeq,SRP346777,PRJNA781615,SRS15251984,SAMN31036825,33_16S,Green turtle juvenile esophageal swab,Bacteria,Bacteroidota,Bacteroidia,Flavobacteriales,Flavobacteriaceae,uncultured,Flavobacteriaceae_bacterium
LN564790.1.1363,SRR21726043,0.000335943,331464093,470,111,SRX17721938,44_16S,Illumina MiSeq,SRP346777,PRJNA781615,SRS15251963,SAMN31036836,44_16S,Green turtle hatchling stomach sample,Bacteria,Proteobacteria,Gammaproteobacteria,Burkholderiales,Alcaligenaceae,Parapusillimonas,uncultured_bacterium
HG315020.1.1300,SRR21726023,0.00033266,340042833,498,113,SRX17721958,31_16S,Illumina MiSeq,SRP346777,PRJNA781615,SRS15251982,SAMN31036823,31_16S,Green turtle hatchling intestine sample,Bacteria,Proteobacteria,Gammaproteobacteria,Alteromonadales,Pseudoalteromonadaceae,Pseudoalteromonas,Pseudoalteromonas_flavipulchra
KC121357.1.1420,SRR21726023,0.00033266,340042833,498,113,SRX17721958,31_16S,Illumina MiSeq,SRP346777,PRJNA781615,SRS15251982,SAMN31036823,31_16S,Green turtle hatchling intestine sample,Bacteria,Bacteroidota,Bacteroidia,Bacteroidales,Marinifilaceae,Marinifilum,Marinifilum_sp.
JFJP01001131.1070.2573,SRR21726029,0.000331458,383977850,499,131,SRX17721952,30_16S,Illumina MiSeq,SRP346777,PRJNA781615,SRS15251976,SAMN31036822,30_16S,Green turtle hatchling stomach sample,Bacteria,Bacteroidota,Bacteroidia,Cytophagales,Amoebophilaceae,Candidatus_Amoebophilus,microbial_mat
HQ326339.1.1483,SRR21726049,0.000331341,398448802,499,134,SRX17721932,38_16S,Illumina MiSeq,SRP346777,PRJNA781615,SRS15251956,SAMN31036830,38_16S,Green turtle juvenile cloacal swab,Bacteria,Bacteroidota,Bacteroidia,Flavobacteriales,Flavobacteriaceae,Aquibacter,uncultured_bacterium
JQ427502.1.1446,SRR21726019,0.000330307,338063986,499,119,SRX17721962,35_16S,Illumina MiSeq,SRP346777,PRJNA781615,SRS15251986,SAMN31036827,35_16S,Green turtle juvenile cloacal swab,Bacteria,Proteobacteria,Alphaproteobacteria,Sphingomonadales,Sphingomonadaceae,Qipengyuania,uncultured_bacterium
AB795014.1.1468,SRR21726043,0.00032813,331464093,470,111,SRX17721938,44_16S,Illumina MiSeq,SRP346777,PRJNA781615,SRS15251963,SAMN31036836,44_16S,Green turtle hatchling stomach sample,Bacteria,Bacteroidota,Bacteroidia,Flavobacteriales,Flavobacteriaceae,Flavobacterium,Flavobacterium_longum
JQ197218.1.1323,SRR21726043,0.00032813,331464093,470,111,SRX17721938,44_16S,Illumina MiSeq,SRP346777,PRJNA781615,SRS15251963,SAMN31036836,44_16S,Green turtle hatchling stomach sample,Bacteria,Chloroflexi,KD4-96,KD4-96,KD4-96,KD4-96,uncultured_bacterium
JQ665385.1.1228,SRR21726043,0.00032813,331464093,470,111,SRX17721938,44_16S,Illumina MiSeq,SRP346777,PRJNA781615,SRS15251963,SAMN31036836,44_16S,Green turtle hatchling stomach sample,Bacteria,Proteobacteria,Gammaproteobacteria,Vibrionales,Vibrionaceae,Vibrio,Vibrio_harveyi
DQ985474.1.1247,SRR21726023,0.000324924,340042833,498,113,SRX17721958,31_16S,Illumina MiSeq,SRP346777,PRJNA781615,SRS15251982,SAMN31036823,31_16S,Green turtle hatchling intestine sample,Bacteria,Actinobacteriota,Actinobacteria,Propionibacteriales,Nocardioidaceae,Nocardioides,Nocardioides_sp.
AB218310.1.1469,SRR21726029,0.000323566,383977850,499,131,SRX17721952,30_16S,Illumina MiSeq,SRP346777,PRJNA781615,SRS15251976,SAMN31036822,30_16S,Green turtle hatchling stomach sample,Bacteria,Firmicutes,Clostridia,Peptostreptococcales-Tissierellales,Sedimentibacteraceae,Sedimentibacter,uncultured_Clostridia
AB491826.1.1460,SRR21726029,0.000323566,383977850,499,131,SRX17721952,30_16S,Illumina MiSeq,SRP346777,PRJNA781615,SRS15251976,SAMN31036822,30_16S,Green turtle hatchling stomach sample,Bacteria,Proteobacteria,Alphaproteobacteria,Rhodobacterales,Rhodobacteraceae,Silicimonas,uncultured_Alphaproteobacteria
JF443763.1.1367,SRR21726029,0.000323566,383977850,499,131,SRX17721952,30_16S,Illumina MiSeq,SRP346777,PRJNA781615,SRS15251976,SAMN31036822,30_16S,Green turtle hatchling stomach sample,Bacteria,Planctomycetota,Planctomycetes,Pirellulales,Pirellulaceae,Blastopirellula,planctomycete_MS1316
JQ214916.1.1301,SRR21726051,0.000323406,345760543,484,123,SRX17721930,28_16S,Illumina MiSeq,SRP346777,PRJNA781615,SRS15251954,SAMN31036820,28_16S,Green turtle juvenile cloacal swab,Bacteria,Patescibacteria,Saccharimonadia,Saccharimonadales,Saccharimonadales,Saccharimonadales,uncultured_bacterium
DQ667965.1.1416,SRR21726046,0.000322694,264019405,500,87,SRX17721935,41_16S,Illumina MiSeq,SRP346777,PRJNA781615,SRS15251959,SAMN31036833,41_16S,Green turtle juvenile cloacal swab,Bacteria,Proteobacteria,Alphaproteobacteria,Rhodobacterales,Rhodobacteraceae,Donghicola,Donghicola_eburneus
KC009924.1.1486,SRR21726046,0.000322694,264019405,500,87,SRX17721935,41_16S,Illumina MiSeq,SRP346777,PRJNA781615,SRS15251959,SAMN31036833,41_16S,Green turtle juvenile cloacal swab,Bacteria,Proteobacteria,Gammaproteobacteria,Cellvibrionales,Porticoccaceae,Porticoccus,uncultured_Porticoccus
GQ002549.1.1345,SRR21726042,0.000321467,371802664,500,145,SRX17721939,45_16S,Illumina MiSeq,SRP346777,PRJNA781615,SRS15251962,SAMN31036837,45_16S,Green turtle hatchling intestine sample,Bacteria,Bacteroidota,Bacteroidia,Flavobacteriales,Weeksellaceae,Elizabethkingia,uncultured_bacterium
AB288902.1.1366,SRR21726043,0.000320318,331464093,470,111,SRX17721938,44_16S,Illumina MiSeq,SRP346777,PRJNA781615,SRS15251963,SAMN31036836,44_16S,Green turtle hatchling stomach sample,Bacteria,Proteobacteria,Gammaproteobacteria,Xanthomonadales,Xanthomonadaceae,Luteimonas,uncultured_bacterium
AY294215.1.1407,SRR21726043,0.000320318,331464093,470,111,SRX17721938,44_16S,Illumina MiSeq,SRP346777,PRJNA781615,SRS15251963,SAMN31036836,44_16S,Green turtle hatchling stomach sample,Bacteria,Bdellovibrionota,Bdellovibrionia,Bdellovibrionales,Bdellovibrionaceae,Bdellovibrio,Bdellovibrio_sp.
FPLS01010920.11.1491,SRR21726043,0.000320318,331464093,470,111,SRX17721938,44_16S,Illumina MiSeq,SRP346777,PRJNA781615,SRS15251963,SAMN31036836,44_16S,Green turtle hatchling stomach sample,Bacteria,Chloroflexi,KD4-96,KD4-96,KD4-96,KD4-96,metagenome
KF067582.1.1337,SRR21726043,0.000320318,331464093,470,111,SRX17721938,44_16S,Illumina MiSeq,SRP346777,PRJNA781615,SRS15251963,SAMN31036836,44_16S,Green turtle hatchling stomach sample,Bacteria,Actinobacteriota,Actinobacteria,Micrococcales,Intrasporangiaceae,Janibacter,uncultured_bacterium
KT989776.1.1285,SRR21726043,0.000320318,331464093,470,111,SRX17721938,44_16S,Illumina MiSeq,SRP346777,PRJNA781615,SRS15251963,SAMN31036836,44_16S,Green turtle hatchling stomach sample,Bacteria,Proteobacteria,Gammaproteobacteria,Oceanospirillales,Halomonadaceae,Chromohalobacter,Chromohalobacter_salexigens
EU459194.1.1372,SRR21726019,0.000320298,338063986,499,119,SRX17721962,35_16S,Illumina MiSeq,SRP346777,PRJNA781615,SRS15251986,SAMN31036827,35_16S,Green turtle juvenile cloacal swab,Bacteria,Firmicutes,Clostridia,Peptostreptococcales-Tissierellales,Peptostreptococcaceae,Terrisporobacter,uncultured_bacterium
AY327883.1.1471,SRR21726049,0.000319508,398448802,499,134,SRX17721932,38_16S,Illumina MiSeq,SRP346777,PRJNA781615,SRS15251956,SAMN31036830,38_16S,Green turtle juvenile cloacal swab,Bacteria,Bacteroidota,Bacteroidia,Flavobacteriales,Flavobacteriaceae,uncultured,uncultured_Bacteroidetes
JX530554.1.1433,SRR21726049,0.000319508,398448802,499,134,SRX17721932,38_16S,Illumina MiSeq,SRP346777,PRJNA781615,SRS15251956,SAMN31036830,38_16S,Green turtle juvenile cloacal swab,Bacteria,Bdellovibrionota,Bdellovibrionia,Bacteriovoracales,Bacteriovoracaceae,Peredibacter,uncultured_Bacteriovorax
JQ211715.1.1350,SRR21726020,0.000319419,305472186,499,108,SRX17721961,34_16S,Illumina MiSeq,SRP346777,PRJNA781615,SRS15251985,SAMN31036826,34_16S,Green turtle juvenile cloacal swab,Bacteria,Bacteroidota,Bacteroidia,Chitinophagales,uncultured,uncultured,uncultured_bacterium
ACCI02000101.1.1416,SRR21726040,0.000319402,377927131,499,134,SRX17721941,29_16S,Illumina MiSeq,SRP346777,PRJNA781615,SRS15251965,SAMN31036821,29_16S,Green turtle juvenile cloacal swab,Bacteria,Proteobacteria,Gammaproteobacteria,Enterobacterales,Morganellaceae,Providencia,Providencia_rettgeri
HQ852039.1.1388,SRR21726048,0.000319349,339853596,500,116,SRX17721933,39_16S,Illumina MiSeq,SRP346777,PRJNA781615,SRS15251957,SAMN31036831,39_16S,Green turtle juvenile esophageal swab,Bacteria,Proteobacteria,Alphaproteobacteria,Rhodobacterales,Rhodobacteraceae,Aliiroseovarius,Aliiroseovarius_halocynthiae
JF176957.1.1335,SRR21726023,0.000317188,340042833,498,113,SRX17721958,31_16S,Illumina MiSeq,SRP346777,PRJNA781615,SRS15251982,SAMN31036823,31_16S,Green turtle hatchling intestine sample,Bacteria,Planctomycetota,Planctomycetes,Gemmatales,Gemmataceae,Gemmata,uncultured_bacterium
JQ210574.1.1350,SRR21726023,0.000317188,340042833,498,113,SRX17721958,31_16S,Illumina MiSeq,SRP346777,PRJNA781615,SRS15251982,SAMN31036823,31_16S,Green turtle hatchling intestine sample,Bacteria,Firmicutes,Clostridia,Lachnospirales,Lachnospiraceae,uncultured,uncultured_bacterium
KF698727.1.1311,SRR21726023,0.000317188,340042833,498,113,SRX17721958,31_16S,Illumina MiSeq,SRP346777,PRJNA781615,SRS15251982,SAMN31036823,31_16S,Green turtle hatchling intestine sample,Bacteria,Proteobacteria,Alphaproteobacteria,Rhodobacterales,Rhodobacteraceae,Paracoccus,Paracoccus_zeaxanthinifaciens
KU563147.1.1441,SRR21726023,0.000317188,340042833,498,113,SRX17721958,31_16S,Illumina MiSeq,SRP346777,PRJNA781615,SRS15251982,SAMN31036823,31_16S,Green turtle hatchling intestine sample,Bacteria,Bacteroidota,Bacteroidia,Cytophagales,Cyclobacteriaceae,Fulvivirga,Fulvivirga_lutimaris
KY053180.1.1383,SRR21726023,0.000317188,340042833,498,113,SRX17721958,31_16S,Illumina MiSeq,SRP346777,PRJNA781615,SRS15251982,SAMN31036823,31_16S,Green turtle hatchling intestine sample,Bacteria,Bacteroidota,Bacteroidia,Flavobacteriales,Flavobacteriaceae,Mangrovimonas,Bacteroidetes_bacterium
DQ446117.1.1471,SRR21726029,0.000315674,383977850,499,131,SRX17721952,30_16S,Illumina MiSeq,SRP346777,PRJNA781615,SRS15251976,SAMN31036822,30_16S,Green turtle hatchling stomach sample,Bacteria,Spirochaetota,Leptospirae,Leptospirales,Leptospiraceae,uncultured,uncultured_spirochete
JF443763.1.1367,SRR21726049,0.000313591,398448802,499,134,SRX17721932,38_16S,Illumina MiSeq,SRP346777,PRJNA781615,SRS15251956,SAMN31036830,38_16S,Green turtle juvenile cloacal swab,Bacteria,Planctomycetota,Planctomycetes,Pirellulales,Pirellulaceae,Blastopirellula,planctomycete_MS1316
LT223128.1.1423,SRR21726049,0.000313591,398448802,499,134,SRX17721932,38_16S,Illumina MiSeq,SRP346777,PRJNA781615,SRS15251956,SAMN31036830,38_16S,Green turtle juvenile cloacal swab,Bacteria,Proteobacteria,Gammaproteobacteria,Oceanospirillales,Nitrincolaceae,Neptunomonas,Neptunomonas_sp.
CP014024.3509700.3511242,SRR21726051,0.000313403,345760543,484,123,SRX17721930,28_16S,Illumina MiSeq,SRP346777,PRJNA781615,SRS15251954,SAMN31036820,28_16S,Green turtle juvenile cloacal swab,Bacteria,Proteobacteria,Gammaproteobacteria,Enterobacterales,Morganellaceae,Providencia,Providencia_stuartii
GU559788.1.1398,SRR21726043,0.000312505,331464093,470,111,SRX17721938,44_16S,Illumina MiSeq,SRP346777,PRJNA781615,SRS15251963,SAMN31036836,44_16S,Green turtle hatchling stomach sample,Bacteria,Proteobacteria,Gammaproteobacteria,Xanthomonadales,Xanthomonadaceae,Silanimonas,uncultured_bacterium
LN560417.1.1359,SRR21726043,0.000312505,331464093,470,111,SRX17721938,44_16S,Illumina MiSeq,SRP346777,PRJNA781615,SRS15251963,SAMN31036836,44_16S,Green turtle hatchling stomach sample,Bacteria,Bacteroidota,Bacteroidia,Flavobacteriales,Flavobacteriaceae,Flavobacterium,uncultured_bacterium
KC425496.1.1421,SRR21726020,0.000311628,305472186,499,108,SRX17721961,34_16S,Illumina MiSeq,SRP346777,PRJNA781615,SRS15251985,SAMN31036826,34_16S,Green turtle juvenile cloacal swab,Bacteria,Proteobacteria,Alphaproteobacteria,Rhodobacterales,Rhodobacteraceae,uncultured,uncultured_marine
KF786604.1.1394,SRR21726020,0.000311628,305472186,499,108,SRX17721961,34_16S,Illumina MiSeq,SRP346777,PRJNA781615,SRS15251985,SAMN31036826,34_16S,Green turtle juvenile cloacal swab,Bacteria,Proteobacteria,Gammaproteobacteria,SAR86_clade,SAR86_clade,SAR86_clade,uncultured_gamma
HM032006.1.1326,SRR21726019,0.000310289,338063986,499,119,SRX17721962,35_16S,Illumina MiSeq,SRP346777,PRJNA781615,SRS15251986,SAMN31036827,35_16S,Green turtle juvenile cloacal swab,Bacteria,Proteobacteria,Alphaproteobacteria,Rhodobacterales,Rhodobacteraceae,Thalassobius,Thalassobius_sp.
HQ218715.1.1464,SRR21726019,0.000310289,338063986,499,119,SRX17721962,35_16S,Illumina MiSeq,SRP346777,PRJNA781615,SRS15251986,SAMN31036827,35_16S,Green turtle juvenile cloacal swab,Bacteria,Proteobacteria,Alphaproteobacteria,Paracaedibacterales,Paracaedibacteraceae,uncultured,uncultured_bacterium
JQ213664.1.1356,SRR21726019,0.000310289,338063986,499,119,SRX17721962,35_16S,Illumina MiSeq,SRP346777,PRJNA781615,SRS15251986,SAMN31036827,35_16S,Green turtle juvenile cloacal swab,Bacteria,Proteobacteria,Gammaproteobacteria,Pseudomonadales,Moraxellaceae,Psychrobacter,uncultured_bacterium
JN594610.1.1399,SRR21726023,0.000309451,340042833,498,113,SRX17721958,31_16S,Illumina MiSeq,SRP346777,PRJNA781615,SRS15251982,SAMN31036823,31_16S,Green turtle hatchling intestine sample,Bacteria,Bacteroidota,Bacteroidia,Flavobacteriales,Flavobacteriaceae,Euzebyella,Cytophaga_sp.
KF500417.1.1362,SRR21726023,0.000309451,340042833,498,113,SRX17721958,31_16S,Illumina MiSeq,SRP346777,PRJNA781615,SRS15251982,SAMN31036823,31_16S,Green turtle hatchling intestine sample,Bacteria,Proteobacteria,Alphaproteobacteria,Rhodobacterales,Rhodobacteraceae,Silicimonas,uncultured_Oceanicola
KT952852.1.1490,SRR21726023,0.000309451,340042833,498,113,SRX17721958,31_16S,Illumina MiSeq,SRP346777,PRJNA781615,SRS15251982,SAMN31036823,31_16S,Green turtle hatchling intestine sample,Bacteria,Firmicutes,Clostridia,Oscillospirales,[Eubacterium]_coprostanoligenes_group,[Eubacterium]_coprostanoligenes_group,uncultured_bacterium
KF289479.1.1330,SRR21726029,0.000307782,383977850,499,131,SRX17721952,30_16S,Illumina MiSeq,SRP346777,PRJNA781615,SRS15251976,SAMN31036822,30_16S,Green turtle hatchling stomach sample,Bacteria,Proteobacteria,Alphaproteobacteria,Rhodobacterales,Rhodobacteraceae,Palleronia-Pseudomaribius,Palleronia_sp.
KC001681.1.1314,SRR21726049,0.000307674,398448802,499,134,SRX17721932,38_16S,Illumina MiSeq,SRP346777,PRJNA781615,SRS15251956,SAMN31036830,38_16S,Green turtle juvenile cloacal swab,Bacteria,Proteobacteria,Alphaproteobacteria,Micavibrionales,Micavibrionaceae,uncultured,unidentified_marine
JQ215134.1.1357,SRR21726047,0.000306914,352120514,500,118,SRX17721934,40_16S,Illumina MiSeq,SRP346777,PRJNA781615,SRS15251958,SAMN31036832,40_16S,Green turtle juvenile esophageal swab,Bacteria,Bacteroidota,Bacteroidia,Bacteroidales,Bacteroidetes_BD2-2,Bacteroidetes_BD2-2,uncultured_bacterium
KT989776.1.1285,SRR21726051,0.000306735,345760543,484,123,SRX17721930,28_16S,Illumina MiSeq,SRP346777,PRJNA781615,SRS15251954,SAMN31036820,28_16S,Green turtle juvenile cloacal swab,Bacteria,Proteobacteria,Gammaproteobacteria,Oceanospirillales,Halomonadaceae,Chromohalobacter,Chromohalobacter_salexigens
DQ178978.1.1486,SRR21726043,0.000304692,331464093,470,111,SRX17721938,44_16S,Illumina MiSeq,SRP346777,PRJNA781615,SRS15251963,SAMN31036836,44_16S,Green turtle hatchling stomach sample,Bacteria,Proteobacteria,Gammaproteobacteria,Burkholderiales,Comamonadaceae,Variovorax,Variovorax_dokdonensis
MF687846.1.1378,SRR21726043,0.000304692,331464093,470,111,SRX17721938,44_16S,Illumina MiSeq,SRP346777,PRJNA781615,SRS15251963,SAMN31036836,44_16S,Green turtle hatchling stomach sample,Bacteria,Proteobacteria,Alphaproteobacteria,Rhizobiales,Rhizobiaceae,Allorhizobium-Neorhizobium-Pararhizobium-Rhizobium,Shinella_yambaruensis
JQ716266.1.1485,SRR21726020,0.000303838,305472186,499,108,SRX17721961,34_16S,Illumina MiSeq,SRP346777,PRJNA781615,SRS15251985,SAMN31036826,34_16S,Green turtle juvenile cloacal swab,Bacteria,Bacteroidota,Bacteroidia,Cytophagales,Cyclobacteriaceae,Marinoscillum,uncultured_bacterium
JX530554.1.1433,SRR21726052,0.000301971,412561192,500,137,SRX17721929,27_16S,Illumina MiSeq,SRP346777,PRJNA781615,SRS15251953,SAMN31036819,27_16S,Green turtle juvenile esophageal swab,Bacteria,Bdellovibrionota,Bdellovibrionia,Bacteriovoracales,Bacteriovoracaceae,Peredibacter,uncultured_Bacteriovorax
GU451501.1.1246,SRR21726049,0.000301757,398448802,499,134,SRX17721932,38_16S,Illumina MiSeq,SRP346777,PRJNA781615,SRS15251956,SAMN31036830,38_16S,Green turtle juvenile cloacal swab,Bacteria,Bacteroidota,Bacteroidia,Chitinophagales,Chitinophagaceae,Taibaiella,uncultured_bacterium
GU991525.1.1468,SRR21726049,0.000301757,398448802,499,134,SRX17721932,38_16S,Illumina MiSeq,SRP346777,PRJNA781615,SRS15251956,SAMN31036830,38_16S,Green turtle juvenile cloacal swab,Bacteria,Bacteroidota,Bacteroidia,Flavobacteriales,Flavobacteriaceae,uncultured,marine_bacterium
EU223963.1.1582,SRR21726023,0.000301715,340042833,498,113,SRX17721958,31_16S,Illumina MiSeq,SRP346777,PRJNA781615,SRS15251982,SAMN31036823,31_16S,Green turtle hatchling intestine sample,Bacteria,Proteobacteria,Gammaproteobacteria,Burkholderiales,SC-I-84,SC-I-84,uncultured_bacterium
EU336981.1.1420,SRR21726023,0.000301715,340042833,498,113,SRX17721958,31_16S,Illumina MiSeq,SRP346777,PRJNA781615,SRS15251982,SAMN31036823,31_16S,Green turtle hatchling intestine sample,Bacteria,Proteobacteria,Alphaproteobacteria,Rhodobacterales,Rhodobacteraceae,Lutimaribacter,Lutimaribacter_saemankumensis
EU431217.1.1430,SRR21726023,0.000301715,340042833,498,113,SRX17721958,31_16S,Illumina MiSeq,SRP346777,PRJNA781615,SRS15251982,SAMN31036823,31_16S,Green turtle hatchling intestine sample,Bacteria,Proteobacteria,Alphaproteobacteria,Rhodobacterales,Rhodobacteraceae,Roseovarius,Roseovarius_halotolerans
KF090324.1.1350,SRR21726023,0.000301715,340042833,498,113,SRX17721958,31_16S,Illumina MiSeq,SRP346777,PRJNA781615,SRS15251982,SAMN31036823,31_16S,Green turtle hatchling intestine sample,Bacteria,Actinobacteriota,Actinobacteria,Micrococcales,Micrococcaceae,Rothia,uncultured_bacterium
LC192382.1.1427,SRR21726023,0.000301715,340042833,498,113,SRX17721958,31_16S,Illumina MiSeq,SRP346777,PRJNA781615,SRS15251982,SAMN31036823,31_16S,Green turtle hatchling intestine sample,Bacteria,Chloroflexi,Chloroflexia,Thermomicrobiales,JG30-KF-CM45,JG30-KF-CM45,uncultured_anaerobic
FJ203342.1.1386,SRR21726019,0.000300279,338063986,499,119,SRX17721962,35_16S,Illumina MiSeq,SRP346777,PRJNA781615,SRS15251986,SAMN31036827,35_16S,Green turtle juvenile cloacal swab,Bacteria,Proteobacteria,Alphaproteobacteria,Rhodobacterales,Rhodobacteraceae,Litorimicrobium,uncultured_bacterium
KT596062.1.1478,SRR21726019,0.000300279,338063986,499,119,SRX17721962,35_16S,Illumina MiSeq,SRP346777,PRJNA781615,SRS15251986,SAMN31036827,35_16S,Green turtle juvenile cloacal swab,Bacteria,Proteobacteria,Alphaproteobacteria,Rhizobiales,Stappiaceae,Labrenzia,Labrenzia_sp.
LN680867.1.1500,SRR21726019,0.000300279,338063986,499,119,SRX17721962,35_16S,Illumina MiSeq,SRP346777,PRJNA781615,SRS15251986,SAMN31036827,35_16S,Green turtle juvenile cloacal swab,Bacteria,Actinobacteriota,Actinobacteria,Frankiales,Geodermatophilaceae,Blastococcus,Blastococcus_sp.
GQ043786.1.1343,SRR21726029,0.00029989,383977850,499,131,SRX17721952,30_16S,Illumina MiSeq,SRP346777,PRJNA781615,SRS15251976,SAMN31036822,30_16S,Green turtle hatchling stomach sample,Bacteria,Actinobacteriota,Actinobacteria,Micrococcales,Intrasporangiaceae,Ornithinicoccus,uncultured_bacterium
DQ906716.1.1506,SRR21726047,0.000297614,352120514,500,118,SRX17721934,40_16S,Illumina MiSeq,SRP346777,PRJNA781615,SRS15251958,SAMN31036832,40_16S,Green turtle juvenile esophageal swab,Bacteria,Bacteroidota,Bacteroidia,Bacteroidales,Bacteroidaceae,Bacteroides,uncultured_marine
JQ209006.1.1358,SRR21726047,0.000297614,352120514,500,118,SRX17721934,40_16S,Illumina MiSeq,SRP346777,PRJNA781615,SRS15251958,SAMN31036832,40_16S,Green turtle juvenile esophageal swab,Bacteria,Proteobacteria,Gammaproteobacteria,Cellvibrionales,Halieaceae,Halioglobus,uncultured_bacterium
EU246808.1.1430,SRR21726020,0.000296047,305472186,499,108,SRX17721961,34_16S,Illumina MiSeq,SRP346777,PRJNA781615,SRS15251985,SAMN31036826,34_16S,Green turtle juvenile cloacal swab,Bacteria,Proteobacteria,Gammaproteobacteria,Granulosicoccales,Granulosicoccaceae,Granulosicoccus,uncultured_gamma
JF421207.1.1489,SRR21726049,0.00029584,398448802,499,134,SRX17721932,38_16S,Illumina MiSeq,SRP346777,PRJNA781615,SRS15251956,SAMN31036830,38_16S,Green turtle juvenile cloacal swab,Bacteria,Actinobacteriota,Acidimicrobiia,Microtrichales,uncultured,uncultured,uncultured_actinobacterium
AF508803.1.1447,SRR21726040,0.000295447,377927131,499,134,SRX17721941,29_16S,Illumina MiSeq,SRP346777,PRJNA781615,SRS15251965,SAMN31036821,29_16S,Green turtle juvenile cloacal swab,Bacteria,Proteobacteria,Alphaproteobacteria,Rhizobiales,Beijerinckiaceae,Bosea,Bosea_thiooxidans
AM945675.1.1325,SRR21726023,0.000293979,340042833,498,113,SRX17721958,31_16S,Illumina MiSeq,SRP346777,PRJNA781615,SRS15251982,SAMN31036823,31_16S,Green turtle hatchling intestine sample,Bacteria,Proteobacteria,Gammaproteobacteria,Oceanospirillales,Halomonadaceae,Halomonas,Halomonas_sp.
DQ269102.1.1292,SRR21726023,0.000293979,340042833,498,113,SRX17721958,31_16S,Illumina MiSeq,SRP346777,PRJNA781615,SRS15251982,SAMN31036823,31_16S,Green turtle hatchling intestine sample,Bacteria,Planctomycetota,Planctomycetes,Pirellulales,Pirellulaceae,Blastopirellula,uncultured_planctomycete
JQ818353.1.1244,SRR21726023,0.000293979,340042833,498,113,SRX17721958,31_16S,Illumina MiSeq,SRP346777,PRJNA781615,SRS15251982,SAMN31036823,31_16S,Green turtle hatchling intestine sample,Bacteria,Firmicutes,Bacilli,Exiguobacterales,Exiguobacteraceae,Exiguobacterium,Exiguobacterium_profundum
MH283813.1.1449,SRR21726023,0.000293979,340042833,498,113,SRX17721958,31_16S,Illumina MiSeq,SRP346777,PRJNA781615,SRS15251982,SAMN31036823,31_16S,Green turtle hatchling intestine sample,Bacteria,Proteobacteria,Gammaproteobacteria,Vibrionales,Vibrionaceae,Vibrio,Vibrio_atypicus
HQ153940.1.1424,SRR21726050,0.0002937,328771667,500,110,SRX17721931,37_16S,Illumina MiSeq,SRP346777,PRJNA781615,SRS15251955,SAMN31036829,37_16S,Green turtle juvenile esophageal swab,Bacteria,Spirochaetota,Spirochaetia,Spirochaetales,Spirochaetaceae,Spirochaeta_2,uncultured_bacterium
KF515220.1.1384,SRR21726050,0.0002937,328771667,500,110,SRX17721931,37_16S,Illumina MiSeq,SRP346777,PRJNA781615,SRS15251955,SAMN31036829,37_16S,Green turtle juvenile esophageal swab,Bacteria,Proteobacteria,Alphaproteobacteria,Rhodobacterales,Rhodobacteraceae,Pseudooctadecabacter,Pseudooctadecabacter_jejudonensis
LM999900.1.1505,SRR21726022,0.000293462,341290243,500,113,SRX17721959,32_16S,Illumina MiSeq,SRP346777,PRJNA781615,SRS15251983,SAMN31036824,32_16S,Green turtle juvenile esophageal swab,Bacteria,Bacteroidota,Bacteroidia,Bacteroidales,Marinifilaceae,Marinifilum,Balneicella_halophila
KR528480.1.1446,SRR21726029,0.000291998,383977850,499,131,SRX17721952,30_16S,Illumina MiSeq,SRP346777,PRJNA781615,SRS15251976,SAMN31036822,30_16S,Green turtle hatchling stomach sample,Bacteria,Bacteroidota,Bacteroidia,Flavobacteriales,Flavobacteriaceae,Hyunsoonleella,Hyunsoonleella_rubra
GQ504748.1.1470,SRR21726043,0.000289067,331464093,470,111,SRX17721938,44_16S,Illumina MiSeq,SRP346777,PRJNA781615,SRS15251963,SAMN31036836,44_16S,Green turtle hatchling stomach sample,Bacteria,Actinobacteriota,Actinobacteria,Micrococcales,Microbacteriaceae,Agrococcus,Agrococcus_carbonis
KY859823.1.1307,SRR21726043,0.000289067,331464093,470,111,SRX17721938,44_16S,Illumina MiSeq,SRP346777,PRJNA781615,SRS15251963,SAMN31036836,44_16S,Green turtle hatchling stomach sample,Bacteria,Actinobacteriota,Actinobacteria,Micrococcales,Micrococcaceae,Pseudarthrobacter,Paenarthrobacter_ureafaciens
CP019698.2687552.2689173,SRR21726042,0.000287629,371802664,500,145,SRX17721939,45_16S,Illumina MiSeq,SRP346777,PRJNA781615,SRS15251962,SAMN31036837,45_16S,Green turtle hatchling intestine sample,Bacteria,Firmicutes,Desulfotomaculia,Desulfotomaculales,Desulfotomaculales,Desulfotomaculum,Desulfotomaculum_ferrireducens
JF421207.1.1489,SRR21726023,0.000286243,340042833,498,113,SRX17721958,31_16S,Illumina MiSeq,SRP346777,PRJNA781615,SRS15251982,SAMN31036823,31_16S,Green turtle hatchling intestine sample,Bacteria,Actinobacteriota,Acidimicrobiia,Microtrichales,uncultured,uncultured,uncultured_actinobacterium
GU451493.1.1241,SRR21726046,0.000286024,264019405,500,87,SRX17721935,41_16S,Illumina MiSeq,SRP346777,PRJNA781615,SRS15251959,SAMN31036833,41_16S,Green turtle juvenile cloacal swab,Bacteria,Bacteroidota,Bacteroidia,Chitinophagales,Saprospiraceae,uncultured,uncultured_bacterium
KC018457.1.1384,SRR21726029,0.000284107,383977850,499,131,SRX17721952,30_16S,Illumina MiSeq,SRP346777,PRJNA781615,SRS15251976,SAMN31036822,30_16S,Green turtle hatchling stomach sample,Bacteria,Proteobacteria,Alphaproteobacteria,Rhodobacterales,Rhodobacteraceae,Brevirhabdus,Brevirhabdus_pacifica
JQ195094.1.1286,SRR21726020,0.000280466,305472186,499,108,SRX17721961,34_16S,Illumina MiSeq,SRP346777,PRJNA781615,SRS15251985,SAMN31036826,34_16S,Green turtle juvenile cloacal swab,Bacteria,Proteobacteria,Alphaproteobacteria,Rhodobacterales,Rhodobacteraceae,Octadecabacter,uncultured_bacterium
HM629364.1.1353,SRR21726019,0.000280261,338063986,499,119,SRX17721962,35_16S,Illumina MiSeq,SRP346777,PRJNA781615,SRS15251986,SAMN31036827,35_16S,Green turtle juvenile cloacal swab,Bacteria,Deinococcota,Deinococci,Deinococcales,Deinococcaceae,Deinococcus,Deinococcus_sp.
KC238355.1.1521,SRR21726019,0.000280261,338063986,499,119,SRX17721962,35_16S,Illumina MiSeq,SRP346777,PRJNA781615,SRS15251986,SAMN31036827,35_16S,Green turtle juvenile cloacal swab,Bacteria,Myxococcota,Polyangia,Polyangiales,Sandaracinaceae,uncultured,uncultured_bacterium
KU560308.1.1423,SRR21726019,0.000280261,338063986,499,119,SRX17721962,35_16S,Illumina MiSeq,SRP346777,PRJNA781615,SRS15251986,SAMN31036827,35_16S,Green turtle juvenile cloacal swab,Bacteria,Actinobacteriota,Actinobacteria,Micrococcales,Dermacoccaceae,Kytococcus,Kytococcus_sp.
MF988712.1.1381,SRR21726019,0.000280261,338063986,499,119,SRX17721962,35_16S,Illumina MiSeq,SRP346777,PRJNA781615,SRS15251986,SAMN31036827,35_16S,Green turtle juvenile cloacal swab,Bacteria,Firmicutes,Clostridia,Clostridiales,Clostridiaceae,Clostridium_sensu_stricto_13,Clostridium_subterminale
AB360343.1.1439,SRR21726023,0.000278506,340042833,498,113,SRX17721958,31_16S,Illumina MiSeq,SRP346777,PRJNA781615,SRS15251982,SAMN31036823,31_16S,Green turtle hatchling intestine sample,Bacteria,Actinobacteriota,Acidimicrobiia,Microtrichales,Ilumatobacteraceae,Ilumatobacter,Ilumatobacter_fluminis
JF145662.1.1338,SRR21726023,0.000278506,340042833,498,113,SRX17721958,31_16S,Illumina MiSeq,SRP346777,PRJNA781615,SRS15251982,SAMN31036823,31_16S,Green turtle hatchling intestine sample,Bacteria,Actinobacteriota,Acidimicrobiia,IMCC26256,IMCC26256,IMCC26256,uncultured_bacterium
JN119131.1.1420,SRR21726023,0.000278506,340042833,498,113,SRX17721958,31_16S,Illumina MiSeq,SRP346777,PRJNA781615,SRS15251982,SAMN31036823,31_16S,Green turtle hatchling intestine sample,Bacteria,Chloroflexi,Anaerolineae,SBR1031,A4b,A4b,uncultured_marine
JQ209480.1.1355,SRR21726023,0.000278506,340042833,498,113,SRX17721958,31_16S,Illumina MiSeq,SRP346777,PRJNA781615,SRS15251982,SAMN31036823,31_16S,Green turtle hatchling intestine sample,Bacteria,Bacteroidota,Bacteroidia,Bacteroidales,Prolixibacteraceae,Prolixibacteraceae,uncultured_bacterium
JQ213664.1.1356,SRR21726023,0.000278506,340042833,498,113,SRX17721958,31_16S,Illumina MiSeq,SRP346777,PRJNA781615,SRS15251982,SAMN31036823,31_16S,Green turtle hatchling intestine sample,Bacteria,Proteobacteria,Gammaproteobacteria,Pseudomonadales,Moraxellaceae,Psychrobacter,uncultured_bacterium
AB675658.1.1478,SRR21726029,0.000276215,383977850,499,131,SRX17721952,30_16S,Illumina MiSeq,SRP346777,PRJNA781615,SRS15251976,SAMN31036822,30_16S,Green turtle hatchling stomach sample,Bacteria,Bacteroidota,Bacteroidia,Chitinophagales,Saprospiraceae,Portibacter,Portibacter_lacus
AM945658.1.1318,SRR21726029,0.000276215,383977850,499,131,SRX17721952,30_16S,Illumina MiSeq,SRP346777,PRJNA781615,SRS15251976,SAMN31036822,30_16S,Green turtle hatchling stomach sample,Bacteria,Proteobacteria,Gammaproteobacteria,Oceanospirillales,Alcanivoracaceae1,Alcanivorax,Alcanivorax_sp.
DQ269081.1.1377,SRR21726029,0.000276215,383977850,499,131,SRX17721952,30_16S,Illumina MiSeq,SRP346777,PRJNA781615,SRS15251976,SAMN31036822,30_16S,Green turtle hatchling stomach sample,Bacteria,Actinobacteriota,Acidimicrobiia,Microtrichales,Microtrichaceae,Sva0996_marine_group,uncultured_actinobacterium
KY848341.1.1246,SRR21726043,0.000273442,331464093,470,111,SRX17721938,44_16S,Illumina MiSeq,SRP346777,PRJNA781615,SRS15251963,SAMN31036836,44_16S,Green turtle hatchling stomach sample,Bacteria,Firmicutes,Bacilli,Bacillales,Bacillaceae,Bacillus,Bacillus_niabensis
DQ446117.1.1471,SRR21726020,0.000272675,305472186,499,108,SRX17721961,34_16S,Illumina MiSeq,SRP346777,PRJNA781615,SRS15251985,SAMN31036826,34_16S,Green turtle juvenile cloacal swab,Bacteria,Spirochaetota,Leptospirae,Leptospirales,Leptospiraceae,uncultured,uncultured_spirochete
GU644357.1.1376,SRR21726020,0.000272675,305472186,499,108,SRX17721961,34_16S,Illumina MiSeq,SRP346777,PRJNA781615,SRS15251985,SAMN31036826,34_16S,Green turtle juvenile cloacal swab,Bacteria,Proteobacteria,Alphaproteobacteria,Sphingomonadales,Sphingomonadaceae,Erythrobacter,Erythrobacter_sp.
CEUG01005363.500.2039,SRR21726049,0.000272173,398448802,499,134,SRX17721932,38_16S,Illumina MiSeq,SRP346777,PRJNA781615,SRS15251956,SAMN31036830,38_16S,Green turtle juvenile cloacal swab,Bacteria,Desulfobacterota,Desulfuromonadia,PB19,PB19,PB19,marine_metagenome
JF272067.1.1485,SRR21726049,0.000272173,398448802,499,134,SRX17721932,38_16S,Illumina MiSeq,SRP346777,PRJNA781615,SRS15251956,SAMN31036830,38_16S,Green turtle juvenile cloacal swab,Bacteria,Bacteroidota,Bacteroidia,Flavobacteriales,Flavobacteriaceae,Seonamhaeicola,uncultured_bacterium
CETR01020241.2.1319,SRR21726023,0.00027077,340042833,498,113,SRX17721958,31_16S,Illumina MiSeq,SRP346777,PRJNA781615,SRS15251982,SAMN31036823,31_16S,Green turtle hatchling intestine sample,Bacteria,Myxococcota,Polyangia,Polyangiales,Sandaracinaceae,uncultured,marine_metagenome
DQ269060.1.1469,SRR21726023,0.00027077,340042833,498,113,SRX17721958,31_16S,Illumina MiSeq,SRP346777,PRJNA781615,SRS15251982,SAMN31036823,31_16S,Green turtle hatchling intestine sample,Bacteria,Actinobacteriota,Acidimicrobiia,Microtrichales,Microtrichaceae,uncultured,uncultured_bacterium
EF019023.1.1375,SRR21726023,0.00027077,340042833,498,113,SRX17721958,31_16S,Illumina MiSeq,SRP346777,PRJNA781615,SRS15251982,SAMN31036823,31_16S,Green turtle hatchling intestine sample,Bacteria,Actinobacteriota,Actinobacteria,Frankiales,Acidothermaceae,Acidothermus,uncultured_Thermomonosporaceae
GQ043786.1.1343,SRR21726023,0.00027077,340042833,498,113,SRX17721958,31_16S,Illumina MiSeq,SRP346777,PRJNA781615,SRS15251982,SAMN31036823,31_16S,Green turtle hatchling intestine sample,Bacteria,Actinobacteriota,Actinobacteria,Micrococcales,Intrasporangiaceae,Ornithinicoccus,uncultured_bacterium
GU991525.1.1468,SRR21726023,0.00027077,340042833,498,113,SRX17721958,31_16S,Illumina MiSeq,SRP346777,PRJNA781615,SRS15251982,SAMN31036823,31_16S,Green turtle hatchling intestine sample,Bacteria,Bacteroidota,Bacteroidia,Flavobacteriales,Flavobacteriaceae,uncultured,marine_bacterium
KR108283.1.1462,SRR21726023,0.00027077,340042833,498,113,SRX17721958,31_16S,Illumina MiSeq,SRP346777,PRJNA781615,SRS15251982,SAMN31036823,31_16S,Green turtle hatchling intestine sample,Bacteria,Bacteroidota,Rhodothermia,Rhodothermales,Rhodothermaceae,Rubrivirga,Rubrivirga_profundi
GU234951.1.1387,SRR21726021,0.000269624,345478090,500,115,SRX17721960,33_16S,Illumina MiSeq,SRP346777,PRJNA781615,SRS15251984,SAMN31036825,33_16S,Green turtle juvenile esophageal swab,Bacteria,Bdellovibrionota,Bdellovibrionia,Bacteriovoracales,Bacteriovoracaceae,Peredibacter,uncultured_marine
JQ579738.1.1501,SRR21726021,0.000269624,345478090,500,115,SRX17721960,33_16S,Illumina MiSeq,SRP346777,PRJNA781615,SRS15251984,SAMN31036825,33_16S,Green turtle juvenile esophageal swab,Bacteria,Proteobacteria,Gammaproteobacteria,Thiotrichales,Thiotrichaceae,Cocleimonas,uncultured_gamma
HE582888.1.1283,SRR21726029,0.000268323,383977850,499,131,SRX17721952,30_16S,Illumina MiSeq,SRP346777,PRJNA781615,SRS15251976,SAMN31036822,30_16S,Green turtle hatchling stomach sample,Bacteria,Proteobacteria,Gammaproteobacteria,Burkholderiales,Rhodocyclaceae,Azospira,uncultured_bacterium
DQ809514.1.1292,SRR21726051,0.000266726,345760543,484,123,SRX17721930,28_16S,Illumina MiSeq,SRP346777,PRJNA781615,SRS15251954,SAMN31036820,28_16S,Green turtle juvenile cloacal swab,Bacteria,Firmicutes,Clostridia,Lachnospirales,Lachnospiraceae,Blautia,uncultured_bacterium
AB566416.1.1476,SRR21726043,0.000265629,331464093,470,111,SRX17721938,44_16S,Illumina MiSeq,SRP346777,PRJNA781615,SRS15251963,SAMN31036836,44_16S,Green turtle hatchling stomach sample,Bacteria,Firmicutes,Clostridia,Clostridiales,Clostridiaceae,Hathewaya,Hathewaya_histolytica
EU036758.1.1247,SRR21726043,0.000265629,331464093,470,111,SRX17721938,44_16S,Illumina MiSeq,SRP346777,PRJNA781615,SRS15251963,SAMN31036836,44_16S,Green turtle hatchling stomach sample,Bacteria,Firmicutes,Bacilli,Bacillales,Planococcaceae,Lysinibacillus,Lysinibacillus_sphaericus
JF343126.1.1348,SRR21726043,0.000265629,331464093,470,111,SRX17721938,44_16S,Illumina MiSeq,SRP346777,PRJNA781615,SRS15251963,SAMN31036836,44_16S,Green turtle hatchling stomach sample,Bacteria,Proteobacteria,Gammaproteobacteria,Pseudomonadales,Moraxellaceae,Acinetobacter,Acinetobacter_venetianus
JQ215638.1.1350,SRR21726022,0.000264116,341290243,500,113,SRX17721959,32_16S,Illumina MiSeq,SRP346777,PRJNA781615,SRS15251983,SAMN31036824,32_16S,Green turtle juvenile esophageal swab,Bacteria,Bacteroidota,Bacteroidia,Flavobacteriales,Flavobacteriaceae,Maritimimonas,uncultured_bacterium
KF895369.1.1452,SRR21726022,0.000264116,341290243,500,113,SRX17721959,32_16S,Illumina MiSeq,SRP346777,PRJNA781615,SRS15251983,SAMN31036824,32_16S,Green turtle juvenile esophageal swab,Bacteria,Actinobacteriota,Actinobacteria,Propionibacteriales,Propionibacteriaceae,Propioniciclava,Propioniciclava_sp.
JF514259.1.1245,SRR21726046,0.000264023,264019405,500,87,SRX17721935,41_16S,Illumina MiSeq,SRP346777,PRJNA781615,SRS15251959,SAMN31036833,41_16S,Green turtle juvenile cloacal swab,Bacteria,Proteobacteria,Alphaproteobacteria,Sphingomonadales,Sphingomonadaceae,uncultured,uncultured_bacterium
JN531158.1.1381,SRR21726046,0.000264023,264019405,500,87,SRX17721935,41_16S,Illumina MiSeq,SRP346777,PRJNA781615,SRS15251959,SAMN31036833,41_16S,Green turtle juvenile cloacal swab,Bacteria,Bacteroidota,Bacteroidia,Cytophagales,Cyclobacteriaceae,Ekhidna,uncultured_organism
JQ213664.1.1356,SRR21726046,0.000264023,264019405,500,87,SRX17721935,41_16S,Illumina MiSeq,SRP346777,PRJNA781615,SRS15251959,SAMN31036833,41_16S,Green turtle juvenile cloacal swab,Bacteria,Proteobacteria,Gammaproteobacteria,Pseudomonadales,Moraxellaceae,Psychrobacter,uncultured_bacterium
JF176505.1.1306,SRR21726040,0.000263507,377927131,499,134,SRX17721941,29_16S,Illumina MiSeq,SRP346777,PRJNA781615,SRS15251965,SAMN31036821,29_16S,Green turtle juvenile cloacal swab,Bacteria,Proteobacteria,Alphaproteobacteria,Rhizobiales,Rhizobiaceae,Mesorhizobium,uncultured_bacterium
CP015731.514883.516452,SRR21726023,0.000263034,340042833,498,113,SRX17721958,31_16S,Illumina MiSeq,SRP346777,PRJNA781615,SRS15251982,SAMN31036823,31_16S,Green turtle hatchling intestine sample,Bacteria,Firmicutes,Bacilli,Exiguobacterales,Exiguobacteraceae,Exiguobacterium,Exiguobacterium_sp.
FJ497496.1.1440,SRR21726023,0.000263034,340042833,498,113,SRX17721958,31_16S,Illumina MiSeq,SRP346777,PRJNA781615,SRS15251982,SAMN31036823,31_16S,Green turtle hatchling intestine sample,Bacteria,Proteobacteria,Gammaproteobacteria,Alteromonadales,Alteromonadaceae,Alteromonadaceae,uncultured_bacterium
FJ973594.1.1447,SRR21726023,0.000263034,340042833,498,113,SRX17721958,31_16S,Illumina MiSeq,SRP346777,PRJNA781615,SRS15251982,SAMN31036823,31_16S,Green turtle hatchling intestine sample,Bacteria,Verrucomicrobiota,Kiritimatiellae,113B434,113B434,113B434,uncultured_bacterium
KF067582.1.1337,SRR21726023,0.000263034,340042833,498,113,SRX17721958,31_16S,Illumina MiSeq,SRP346777,PRJNA781615,SRS15251982,SAMN31036823,31_16S,Green turtle hatchling intestine sample,Bacteria,Actinobacteriota,Actinobacteria,Micrococcales,Intrasporangiaceae,Janibacter,uncultured_bacterium
LN626269.1.1331,SRR21726029,0.000260431,383977850,499,131,SRX17721952,30_16S,Illumina MiSeq,SRP346777,PRJNA781615,SRS15251976,SAMN31036822,30_16S,Green turtle hatchling stomach sample,Bacteria,Actinobacteriota,Actinobacteria,Frankiales,Geodermatophilaceae,Geodermatophilus,Geodermatophilus_sabuli
LM999900.1.1505,SRR21726047,0.000260412,352120514,500,118,SRX17721934,40_16S,Illumina MiSeq,SRP346777,PRJNA781615,SRS15251958,SAMN31036832,40_16S,Green turtle juvenile esophageal swab,Bacteria,Bacteroidota,Bacteroidia,Bacteroidales,Marinifilaceae,Marinifilum,Balneicella_halophila
AB286025.1.1435,SRR21726019,0.000260242,338063986,499,119,SRX17721962,35_16S,Illumina MiSeq,SRP346777,PRJNA781615,SRS15251986,SAMN31036827,35_16S,Green turtle juvenile cloacal swab,Bacteria,Actinobacteriota,Actinobacteria,Micrococcales,Intrasporangiaceae,Marihabitans,Marihabitans_asiaticum
KF318254.1.1394,SRR21726019,0.000260242,338063986,499,119,SRX17721962,35_16S,Illumina MiSeq,SRP346777,PRJNA781615,SRS15251986,SAMN31036827,35_16S,Green turtle juvenile cloacal swab,Bacteria,Firmicutes,Clostridia,Oscillospirales,Ruminococcaceae,Fournierella,uncultured_Firmicutes
EF092186.1.1389,SRR21726052,0.000258833,412561192,500,137,SRX17721929,27_16S,Illumina MiSeq,SRP346777,PRJNA781615,SRS15251953,SAMN31036819,27_16S,Green turtle juvenile esophageal swab,Bacteria,Bacteroidota,Bacteroidia,Flavobacteriales,Flavobacteriaceae,Muricauda,uncultured_Flavobacteriaceae
KP299857.1.1430,SRR21726052,0.000258833,412561192,500,137,SRX17721929,27_16S,Illumina MiSeq,SRP346777,PRJNA781615,SRS15251953,SAMN31036819,27_16S,Green turtle juvenile esophageal swab,Bacteria,Proteobacteria,Alphaproteobacteria,Rhodobacterales,Rhodobacteraceae,Actibacterium,uncultured_bacterium
AB735546.1.1462,SRR21726043,0.000257817,331464093,470,111,SRX17721938,44_16S,Illumina MiSeq,SRP346777,PRJNA781615,SRS15251963,SAMN31036836,44_16S,Green turtle hatchling stomach sample,Bacteria,Proteobacteria,Gammaproteobacteria,Salinisphaerales,Salinisphaeraceae,Salinisphaera,Salinisphaera_japonica
EU104128.1.1456,SRR21726043,0.000257817,331464093,470,111,SRX17721938,44_16S,Illumina MiSeq,SRP346777,PRJNA781615,SRS15251963,SAMN31036836,44_16S,Green turtle hatchling stomach sample,Bacteria,Proteobacteria,Gammaproteobacteria,Burkholderiales,Comamonadaceae,Comamonas,uncultured_bacterium
HQ132449.1.1485,SRR21726043,0.000257817,331464093,470,111,SRX17721938,44_16S,Illumina MiSeq,SRP346777,PRJNA781615,SRS15251963,SAMN31036836,44_16S,Green turtle hatchling stomach sample,Bacteria,Actinobacteriota,Actinobacteria,Micrococcales,Intrasporangiaceae,uncultured,uncultured_bacterium
JF171460.1.1341,SRR21726043,0.000257817,331464093,470,111,SRX17721938,44_16S,Illumina MiSeq,SRP346777,PRJNA781615,SRS15251963,SAMN31036836,44_16S,Green turtle hatchling stomach sample,Bacteria,Bacteroidota,Bacteroidia,Cytophagales,Cytophagaceae,Rhodocytophaga,uncultured_bacterium
AF508803.1.1447,SRR21726051,0.000256724,345760543,484,123,SRX17721930,28_16S,Illumina MiSeq,SRP346777,PRJNA781615,SRS15251954,SAMN31036820,28_16S,Green turtle juvenile cloacal swab,Bacteria,Proteobacteria,Alphaproteobacteria,Rhizobiales,Beijerinckiaceae,Bosea,Bosea_thiooxidans
EU581702.1.1475,SRR21726046,0.000256689,264019405,500,87,SRX17721935,41_16S,Illumina MiSeq,SRP346777,PRJNA781615,SRS15251959,SAMN31036833,41_16S,Green turtle juvenile cloacal swab,Bacteria,Bacteroidota,Bacteroidia,Flavobacteriales,Flavobacteriaceae,Psychroserpens,Psychroserpens_sp.
FM995191.1.1502,SRR21726023,0.000255297,340042833,498,113,SRX17721958,31_16S,Illumina MiSeq,SRP346777,PRJNA781615,SRS15251982,SAMN31036823,31_16S,Green turtle hatchling intestine sample,Bacteria,Chloroflexi,Anaerolineae,Caldilineales,Caldilineaceae,uncultured,uncultured_bacterium
FN822193.1.1405,SRR21726023,0.000255297,340042833,498,113,SRX17721958,31_16S,Illumina MiSeq,SRP346777,PRJNA781615,SRS15251982,SAMN31036823,31_16S,Green turtle hatchling intestine sample,Bacteria,Planctomycetota,OM190,OM190,OM190,OM190,uncultured_planctomycete
JF443763.1.1367,SRR21726023,0.000255297,340042833,498,113,SRX17721958,31_16S,Illumina MiSeq,SRP346777,PRJNA781615,SRS15251982,SAMN31036823,31_16S,Green turtle hatchling intestine sample,Bacteria,Planctomycetota,Planctomycetes,Pirellulales,Pirellulaceae,Blastopirellula,planctomycete_MS1316
JN492228.1.1451,SRR21726023,0.000255297,340042833,498,113,SRX17721958,31_16S,Illumina MiSeq,SRP346777,PRJNA781615,SRS15251982,SAMN31036823,31_16S,Green turtle hatchling intestine sample,Bacteria,Planctomycetota,OM190,OM190,OM190,OM190,uncultured_organism
LN997851.1.1411,SRR21726023,0.000255297,340042833,498,113,SRX17721958,31_16S,Illumina MiSeq,SRP346777,PRJNA781615,SRS15251982,SAMN31036823,31_16S,Green turtle hatchling intestine sample,Bacteria,Proteobacteria,Gammaproteobacteria,Alteromonadales,Colwelliaceae,Thalassotalea,Thalassotalea_coralli
AB286025.1.1435,SRR21726049,0.000254423,398448802,499,134,SRX17721932,38_16S,Illumina MiSeq,SRP346777,PRJNA781615,SRS15251956,SAMN31036830,38_16S,Green turtle juvenile cloacal swab,Bacteria,Actinobacteriota,Actinobacteria,Micrococcales,Intrasporangiaceae,Marihabitans,Marihabitans_asiaticum
KC009924.1.1486,SRR21726049,0.000254423,398448802,499,134,SRX17721932,38_16S,Illumina MiSeq,SRP346777,PRJNA781615,SRS15251956,SAMN31036830,38_16S,Green turtle juvenile cloacal swab,Bacteria,Proteobacteria,Gammaproteobacteria,Cellvibrionales,Porticoccaceae,Porticoccus,uncultured_Porticoccus
U85469.1.1523,SRR21726049,0.000254423,398448802,499,134,SRX17721932,38_16S,Illumina MiSeq,SRP346777,PRJNA781615,SRS15251956,SAMN31036830,38_16S,Green turtle juvenile cloacal swab,Bacteria,Desulfobacterota,Desulfobacteria,Desulfobacterales,Desulfobacteraceae,Desulfobacter,Desulfobacter_sp.
EU289803.1.1334,SRR21726051,0.00025339,345760543,484,123,SRX17721930,28_16S,Illumina MiSeq,SRP346777,PRJNA781615,SRS15251954,SAMN31036820,28_16S,Green turtle juvenile cloacal swab,Bacteria,Proteobacteria,Alphaproteobacteria,Rhodobacterales,Rhodobacteraceae,Gemmobacter,Gemmobacter_nanjingensis
JQ665365.1.1211,SRR21726051,0.00025339,345760543,484,123,SRX17721930,28_16S,Illumina MiSeq,SRP346777,PRJNA781615,SRS15251954,SAMN31036820,28_16S,Green turtle juvenile cloacal swab,Bacteria,Proteobacteria,Gammaproteobacteria,Vibrionales,Vibrionaceae,Vibrio,Vibrio_owensii
GU559841.1.1475,SRR21726029,0.000252539,383977850,499,131,SRX17721952,30_16S,Illumina MiSeq,SRP346777,PRJNA781615,SRS15251976,SAMN31036822,30_16S,Green turtle hatchling stomach sample,Bacteria,Firmicutes,Clostridia,Clostridiales,Caloramatoraceae,Fonticella,uncultured_bacterium
JF272229.1.1480,SRR21726029,0.000252539,383977850,499,131,SRX17721952,30_16S,Illumina MiSeq,SRP346777,PRJNA781615,SRS15251976,SAMN31036822,30_16S,Green turtle hatchling stomach sample,Bacteria,Planctomycetota,Planctomycetes,Pirellulales,Pirellulaceae,Blastopirellula,uncultured_bacterium
KC509575.1.1325,SRR21726029,0.000252539,383977850,499,131,SRX17721952,30_16S,Illumina MiSeq,SRP346777,PRJNA781615,SRS15251976,SAMN31036822,30_16S,Green turtle hatchling stomach sample,Bacteria,Firmicutes,Bacilli,Staphylococcales,Staphylococcaceae,Staphylococcus,halophilic_bacterium
AB377289.1.1455,SRR21726019,0.000250233,338063986,499,119,SRX17721962,35_16S,Illumina MiSeq,SRP346777,PRJNA781615,SRS15251986,SAMN31036827,35_16S,Green turtle juvenile cloacal swab,Bacteria,Actinobacteriota,Actinobacteria,Corynebacteriales,Dietziaceae,Dietzia,Dietzia_timorensis
DQ200982.1.1406,SRR21726019,0.000250233,338063986,499,119,SRX17721962,35_16S,Illumina MiSeq,SRP346777,PRJNA781615,SRS15251986,SAMN31036827,35_16S,Green turtle juvenile cloacal swab,Bacteria,Actinobacteriota,Actinobacteria,Kineosporiales,Kineosporiaceae,Pseudokineococcus,Pseudokineococcus_marinus
JX843650.1.1480,SRR21726019,0.000250233,338063986,499,119,SRX17721962,35_16S,Illumina MiSeq,SRP346777,PRJNA781615,SRS15251986,SAMN31036827,35_16S,Green turtle juvenile cloacal swab,Bacteria,Firmicutes,Clostridia,Peptostreptococcales-Tissierellales,Anaerovoracaceae,S5-A14a,uncultured_bacterium
DQ985474.1.1247,SRR21726051,0.000250056,345760543,484,123,SRX17721930,28_16S,Illumina MiSeq,SRP346777,PRJNA781615,SRS15251954,SAMN31036820,28_16S,Green turtle juvenile cloacal swab,Bacteria,Actinobacteriota,Actinobacteria,Propionibacteriales,Nocardioidaceae,Nocardioides,Nocardioides_sp.
EU132318.1.1333,SRR21726043,0.000250004,331464093,470,111,SRX17721938,44_16S,Illumina MiSeq,SRP346777,PRJNA781615,SRS15251963,SAMN31036836,44_16S,Green turtle hatchling stomach sample,Bacteria,Acidobacteriota,Blastocatellia,24-Nov,24-Nov,24-Nov,uncultured_bacterium
FPLS01047175.12.1456,SRR21726043,0.000250004,331464093,470,111,SRX17721938,44_16S,Illumina MiSeq,SRP346777,PRJNA781615,SRS15251963,SAMN31036836,44_16S,Green turtle hatchling stomach sample,Bacteria,Proteobacteria,Alphaproteobacteria,Caulobacterales,Hyphomonadaceae,SWB02,metagenome
KF906719.1.1486,SRR21726046,0.000249355,264019405,500,87,SRX17721935,41_16S,Illumina MiSeq,SRP346777,PRJNA781615,SRS15251959,SAMN31036833,41_16S,Green turtle juvenile cloacal swab,Bacteria,Bacteroidota,Bacteroidia,Flavobacteriales,Flavobacteriaceae,Aquimarina,Aquimarina_atlantica
JF421207.1.1489,SRR21726020,0.000249303,305472186,499,108,SRX17721961,34_16S,Illumina MiSeq,SRP346777,PRJNA781615,SRS15251985,SAMN31036826,34_16S,Green turtle juvenile cloacal swab,Bacteria,Actinobacteriota,Acidimicrobiia,Microtrichales,uncultured,uncultured,uncultured_actinobacterium
JQ665365.1.1211,SRR21726020,0.000249303,305472186,499,108,SRX17721961,34_16S,Illumina MiSeq,SRP346777,PRJNA781615,SRS15251985,SAMN31036826,34_16S,Green turtle juvenile cloacal swab,Bacteria,Proteobacteria,Gammaproteobacteria,Vibrionales,Vibrionaceae,Vibrio,Vibrio_owensii
FNOT01000051.1.1315,SRR21726023,0.000247561,340042833,498,113,SRX17721958,31_16S,Illumina MiSeq,SRP346777,PRJNA781615,SRS15251982,SAMN31036823,31_16S,Green turtle hatchling intestine sample,Bacteria,Actinobacteriota,Actinobacteria,Frankiales,Geodermatophilaceae,Geodermatophilus,Geodermatophilus_africanus
JN490055.1.1342,SRR21726023,0.000247561,340042833,498,113,SRX17721958,31_16S,Illumina MiSeq,SRP346777,PRJNA781615,SRS15251982,SAMN31036823,31_16S,Green turtle hatchling intestine sample,Bacteria,Proteobacteria,Alphaproteobacteria,Rhodobacterales,Rhodobacteraceae,Roseivivax,uncultured_organism
AM490612.1.1388,SRR21726051,0.000246722,345760543,484,123,SRX17721930,28_16S,Illumina MiSeq,SRP346777,PRJNA781615,SRS15251954,SAMN31036820,28_16S,Green turtle juvenile cloacal swab,Bacteria,Proteobacteria,Alphaproteobacteria,Rhizobiales,Rhizobiaceae,Ochrobactrum,Ochrobactrum_anthropi
JF176505.1.1306,SRR21726051,0.000246722,345760543,484,123,SRX17721930,28_16S,Illumina MiSeq,SRP346777,PRJNA781615,SRS15251954,SAMN31036820,28_16S,Green turtle juvenile cloacal swab,Bacteria,Proteobacteria,Alphaproteobacteria,Rhizobiales,Rhizobiaceae,Mesorhizobium,uncultured_bacterium
AB270585.1.1465,SRR21726029,0.000244647,383977850,499,131,SRX17721952,30_16S,Illumina MiSeq,SRP346777,PRJNA781615,SRS15251976,SAMN31036822,30_16S,Green turtle hatchling stomach sample,Bacteria,Bacteroidota,Bacteroidia,Flavobacteriales,Flavobacteriaceae,Robiginitalea,Robiginitalea_myxolifaciens
CYSK01000016.265066.266548,SRR21726043,0.000242191,331464093,470,111,SRX17721938,44_16S,Illumina MiSeq,SRP346777,PRJNA781615,SRS15251963,SAMN31036836,44_16S,Green turtle hatchling stomach sample,Bacteria,Firmicutes,Clostridia,Clostridiales,Clostridiaceae,Clostridium_sensu_stricto_8,Clostridiaceae_bacterium
EU725799.1.1421,SRR21726043,0.000242191,331464093,470,111,SRX17721938,44_16S,Illumina MiSeq,SRP346777,PRJNA781615,SRS15251963,SAMN31036836,44_16S,Green turtle hatchling stomach sample,Bacteria,Proteobacteria,Alphaproteobacteria,Rhodobacterales,Rhodobacteraceae,Paracoccus,Paracoccus_huijuniae
KR995237.1.1321,SRR21726043,0.000242191,331464093,470,111,SRX17721938,44_16S,Illumina MiSeq,SRP346777,PRJNA781615,SRS15251963,SAMN31036836,44_16S,Green turtle hatchling stomach sample,Bacteria,Actinobacteriota,Actinobacteria,Corynebacteriales,Mycobacteriaceae,Mycobacterium,Mycobacterium_fortuitum
AM930457.1.1449,SRR21726046,0.000242021,264019405,500,87,SRX17721935,41_16S,Illumina MiSeq,SRP346777,PRJNA781615,SRS15251959,SAMN31036833,41_16S,Green turtle juvenile cloacal swab,Bacteria,Bacteroidota,Bacteroidia,Flavobacteriales,Flavobacteriaceae,Kordia,uncultured_Bacteroidetes
JF067491.1.1343,SRR21726020,0.000241512,305472186,499,108,SRX17721961,34_16S,Illumina MiSeq,SRP346777,PRJNA781615,SRS15251985,SAMN31036826,34_16S,Green turtle juvenile cloacal swab,Bacteria,Actinobacteriota,Actinobacteria,Micrococcales,Brevibacteriaceae,Brevibacterium,uncultured_bacterium
JF820845.1.1442,SRR21726019,0.000240223,338063986,499,119,SRX17721962,35_16S,Illumina MiSeq,SRP346777,PRJNA781615,SRS15251986,SAMN31036827,35_16S,Green turtle juvenile cloacal swab,Bacteria,Bacteroidota,Bacteroidia,Flavobacteriales,Flavobacteriaceae,Winogradskyella,Winogradskyella_eckloniae
JN118548.1.1440,SRR21726019,0.000240223,338063986,499,119,SRX17721962,35_16S,Illumina MiSeq,SRP346777,PRJNA781615,SRS15251986,SAMN31036827,35_16S,Green turtle juvenile cloacal swab,Bacteria,Proteobacteria,Gammaproteobacteria,Vibrionales,Vibrionaceae,Grimontia,Enterovibrio_pacificus
JQ013150.1.1459,SRR21726019,0.000240223,338063986,499,119,SRX17721962,35_16S,Illumina MiSeq,SRP346777,PRJNA781615,SRS15251986,SAMN31036827,35_16S,Green turtle juvenile cloacal swab,Bacteria,Bdellovibrionota,Bdellovibrionia,Bdellovibrionales,Bdellovibrionaceae,OM27_clade,uncultured_bacterium
JX015543.1.1515,SRR21726019,0.000240223,338063986,499,119,SRX17721962,35_16S,Illumina MiSeq,SRP346777,PRJNA781615,SRS15251986,SAMN31036827,35_16S,Green turtle juvenile cloacal swab,Bacteria,Bdellovibrionota,Bdellovibrionia,Bacteriovoracales,Bacteriovoracaceae,Peredibacter,uncultured_bacterium
JF272067.1.1485,SRR21726023,0.000239825,340042833,498,113,SRX17721958,31_16S,Illumina MiSeq,SRP346777,PRJNA781615,SRS15251982,SAMN31036823,31_16S,Green turtle hatchling intestine sample,Bacteria,Bacteroidota,Bacteroidia,Flavobacteriales,Flavobacteriaceae,Seonamhaeicola,uncultured_bacterium
KM504518.1.1398,SRR21726023,0.000239825,340042833,498,113,SRX17721958,31_16S,Illumina MiSeq,SRP346777,PRJNA781615,SRS15251982,SAMN31036823,31_16S,Green turtle hatchling intestine sample,Bacteria,Proteobacteria,Gammaproteobacteria,Gammaproteobacteria_Incertae_Sedis,Unknown_Family,Wenzhouxiangella,Wenzhouxiangella_marina
KU552109.1.1506,SRR21726040,0.000239552,377927131,499,134,SRX17721941,29_16S,Illumina MiSeq,SRP346777,PRJNA781615,SRS15251965,SAMN31036821,29_16S,Green turtle juvenile cloacal swab,Bacteria,Proteobacteria,Gammaproteobacteria,Enterobacterales,Morganellaceae,Proteus,Cosenzaea_sp.
JQ213708.1.1355,SRR21726048,0.000239511,339853596,500,116,SRX17721933,39_16S,Illumina MiSeq,SRP346777,PRJNA781615,SRS15251957,SAMN31036831,39_16S,Green turtle juvenile esophageal swab,Bacteria,Synergistota,Synergistia,Synergistales,Synergistaceae,Thermovirga,uncultured_bacterium
FJ203596.1.1446,SRR21726029,0.000236756,383977850,499,131,SRX17721952,30_16S,Illumina MiSeq,SRP346777,PRJNA781615,SRS15251976,SAMN31036822,30_16S,Green turtle hatchling stomach sample,Bacteria,Bacteroidota,Bacteroidia,Cytophagales,Cyclobacteriaceae,uncultured,uncultured_bacterium
JX240950.1.1416,SRR21726029,0.000236756,383977850,499,131,SRX17721952,30_16S,Illumina MiSeq,SRP346777,PRJNA781615,SRS15251976,SAMN31036822,30_16S,Green turtle hatchling stomach sample,Bacteria,Proteobacteria,Alphaproteobacteria,Rhodobacterales,Rhodobacteraceae,uncultured,uncultured_Alphaproteobacteria
KF179792.1.1442,SRR21726029,0.000236756,383977850,499,131,SRX17721952,30_16S,Illumina MiSeq,SRP346777,PRJNA781615,SRS15251976,SAMN31036822,30_16S,Green turtle hatchling stomach sample,Bacteria,Bacteroidota,Bacteroidia,Cytophagales,Cyclobacteriaceae,Fabibacter,uncultured_bacterium
KM203471.1.1200,SRR21726029,0.000236756,383977850,499,131,SRX17721952,30_16S,Illumina MiSeq,SRP346777,PRJNA781615,SRS15251976,SAMN31036822,30_16S,Green turtle hatchling stomach sample,Bacteria,Proteobacteria,Gammaproteobacteria,Cellvibrionales,Halieaceae,Halieaceae,uncultured_bacterium
DQ200983.1.1404,SRR21726043,0.000234379,331464093,470,111,SRX17721938,44_16S,Illumina MiSeq,SRP346777,PRJNA781615,SRS15251963,SAMN31036836,44_16S,Green turtle hatchling stomach sample,Bacteria,Actinobacteriota,Actinobacteria,Frankiales,Geodermatophilaceae,Blastococcus,Blastococcus_jejuensis
EU156758.1.1329,SRR21726043,0.000234379,331464093,470,111,SRX17721938,44_16S,Illumina MiSeq,SRP346777,PRJNA781615,SRS15251963,SAMN31036836,44_16S,Green turtle hatchling stomach sample,Bacteria,Firmicutes,Bacilli,Lactobacillales,Streptococcaceae,Streptococcus,Streptococcus_gordonii
KF061609.1.1285,SRR21726043,0.000234379,331464093,470,111,SRX17721938,44_16S,Illumina MiSeq,SRP346777,PRJNA781615,SRS15251963,SAMN31036836,44_16S,Green turtle hatchling stomach sample,Bacteria,Bacteroidota,Bacteroidia,Flavobacteriales,Weeksellaceae,Cloacibacterium,uncultured_bacterium
GU991525.1.1468,SRR21726020,0.000233721,305472186,499,108,SRX17721961,34_16S,Illumina MiSeq,SRP346777,PRJNA781615,SRS15251985,SAMN31036826,34_16S,Green turtle juvenile cloacal swab,Bacteria,Bacteroidota,Bacteroidia,Flavobacteriales,Flavobacteriaceae,uncultured,marine_bacterium
JQ216751.1.1294,SRR21726020,0.000233721,305472186,499,108,SRX17721961,34_16S,Illumina MiSeq,SRP346777,PRJNA781615,SRS15251985,SAMN31036826,34_16S,Green turtle juvenile cloacal swab,Bacteria,Patescibacteria,Parcubacteria,Candidatus_Kaiserbacteria,Candidatus_Kaiserbacteria,Candidatus_Kaiserbacteria,uncultured_bacterium
MSMP01000073.291.1788,SRR21726020,0.000233721,305472186,499,108,SRX17721961,34_16S,Illumina MiSeq,SRP346777,PRJNA781615,SRS15251985,SAMN31036826,34_16S,Green turtle juvenile cloacal swab,Bacteria,Bacteroidota,Bacteroidia,Flavobacteriales,Flavobacteriaceae,Tenacibaculum,Tenacibaculum_sp.
FJ203007.1.1469,SRR21726023,0.000232089,340042833,498,113,SRX17721958,31_16S,Illumina MiSeq,SRP346777,PRJNA781615,SRS15251982,SAMN31036823,31_16S,Green turtle hatchling intestine sample,Bacteria,Proteobacteria,Gammaproteobacteria,Oceanospirillales,Hahellaceae,Hahella,uncultured_bacterium
FJ425226.1.1419,SRR21726023,0.000232089,340042833,498,113,SRX17721958,31_16S,Illumina MiSeq,SRP346777,PRJNA781615,SRS15251982,SAMN31036823,31_16S,Green turtle hatchling intestine sample,Bacteria,Bacteroidota,Bacteroidia,Flavobacteriales,Flavobacteriaceae,uncultured,Winogradskyella_sp.
FN433341.1.1496,SRR21726023,0.000232089,340042833,498,113,SRX17721958,31_16S,Illumina MiSeq,SRP346777,PRJNA781615,SRS15251982,SAMN31036823,31_16S,Green turtle hatchling intestine sample,Bacteria,Bacteroidota,Bacteroidia,Flavobacteriales,Flavobacteriaceae,uncultured,uncultured_Flavobacteriia
HM629364.1.1353,SRR21726023,0.000232089,340042833,498,113,SRX17721958,31_16S,Illumina MiSeq,SRP346777,PRJNA781615,SRS15251982,SAMN31036823,31_16S,Green turtle hatchling intestine sample,Bacteria,Deinococcota,Deinococci,Deinococcales,Deinococcaceae,Deinococcus,Deinococcus_sp.
KF786448.1.1390,SRR21726023,0.000232089,340042833,498,113,SRX17721958,31_16S,Illumina MiSeq,SRP346777,PRJNA781615,SRS15251982,SAMN31036823,31_16S,Green turtle hatchling intestine sample,Bacteria,Bacteroidota,Bacteroidia,Flavobacteriales,Crocinitomicaceae,Fluviicola,uncultured_Flavobacteriales
KX058464.1.1327,SRR21726023,0.000232089,340042833,498,113,SRX17721958,31_16S,Illumina MiSeq,SRP346777,PRJNA781615,SRS15251982,SAMN31036823,31_16S,Green turtle hatchling intestine sample,Bacteria,Proteobacteria,Gammaproteobacteria,Alteromonadales,Idiomarinaceae,Idiomarina,Idiomarina_baltica
FJ403093.1.1505,SRR21726049,0.000230756,398448802,499,134,SRX17721932,38_16S,Illumina MiSeq,SRP346777,PRJNA781615,SRS15251956,SAMN31036830,38_16S,Green turtle juvenile cloacal swab,Bacteria,Acidobacteriota,Thermoanaerobaculia,Thermoanaerobaculales,Thermoanaerobaculaceae,Subgroup_10,uncultured_Acidobacteriaceae
AB218310.1.1469,SRR21726019,0.000230214,338063986,499,119,SRX17721962,35_16S,Illumina MiSeq,SRP346777,PRJNA781615,SRS15251986,SAMN31036827,35_16S,Green turtle juvenile cloacal swab,Bacteria,Firmicutes,Clostridia,Peptostreptococcales-Tissierellales,Sedimentibacteraceae,Sedimentibacter,uncultured_Clostridia
AB617562.1.1418,SRR21726019,0.000230214,338063986,499,119,SRX17721962,35_16S,Illumina MiSeq,SRP346777,PRJNA781615,SRS15251986,SAMN31036827,35_16S,Green turtle juvenile cloacal swab,Bacteria,Proteobacteria,Gammaproteobacteria,Alteromonadales,Pseudoalteromonadaceae,Pseudoalteromonas,Pseudoalteromonas_ruthenica
HQ153848.1.1393,SRR21726019,0.000230214,338063986,499,119,SRX17721962,35_16S,Illumina MiSeq,SRP346777,PRJNA781615,SRS15251986,SAMN31036827,35_16S,Green turtle juvenile cloacal swab,Bacteria,Bacteroidota,Bacteroidia,Flavobacteriales,Flavobacteriaceae,Ascidiimonas,uncultured_bacterium
JN432943.1.1404,SRR21726019,0.000230214,338063986,499,119,SRX17721962,35_16S,Illumina MiSeq,SRP346777,PRJNA781615,SRS15251986,SAMN31036827,35_16S,Green turtle juvenile cloacal swab,Bacteria,Bacteroidota,Bacteroidia,Cytophagales,Cyclobacteriaceae,Marinoscillum,uncultured_organism
KF787035.1.1392,SRR21726019,0.000230214,338063986,499,119,SRX17721962,35_16S,Illumina MiSeq,SRP346777,PRJNA781615,SRS15251986,SAMN31036827,35_16S,Green turtle juvenile cloacal swab,Bacteria,Bacteroidota,Bacteroidia,Flavobacteriales,Flavobacteriaceae,Winogradskyella,uncultured_Flavobacteriales
LYPF02000038.3636.5137,SRR21726019,0.000230214,338063986,499,119,SRX17721962,35_16S,Illumina MiSeq,SRP346777,PRJNA781615,SRS15251986,SAMN31036827,35_16S,Green turtle juvenile cloacal swab,Bacteria,Bacteroidota,Bacteroidia,Flavobacteriales,Crocinitomicaceae,Crocinitomix,Crocinitomix_sp.
MF497288.1.1313,SRR21726019,0.000230214,338063986,499,119,SRX17721962,35_16S,Illumina MiSeq,SRP346777,PRJNA781615,SRS15251986,SAMN31036827,35_16S,Green turtle juvenile cloacal swab,Bacteria,Proteobacteria,Alphaproteobacteria,Rhizobiales,Rhizobiaceae,Allorhizobium-Neorhizobium-Pararhizobium-Rhizobium,Neorhizobium_sp.
AB735546.1.1462,SRR21726029,0.000228864,383977850,499,131,SRX17721952,30_16S,Illumina MiSeq,SRP346777,PRJNA781615,SRS15251976,SAMN31036822,30_16S,Green turtle hatchling stomach sample,Bacteria,Proteobacteria,Gammaproteobacteria,Salinisphaerales,Salinisphaeraceae,Salinisphaera,Salinisphaera_japonica
FR693293.1.1400,SRR21726029,0.000228864,383977850,499,131,SRX17721952,30_16S,Illumina MiSeq,SRP346777,PRJNA781615,SRS15251976,SAMN31036822,30_16S,Green turtle hatchling stomach sample,Bacteria,Proteobacteria,Alphaproteobacteria,Rhodobacterales,Rhodobacteraceae,Jannaschia,Jannaschia_sp.
GU991525.1.1468,SRR21726046,0.000227353,264019405,500,87,SRX17721935,41_16S,Illumina MiSeq,SRP346777,PRJNA781615,SRS15251959,SAMN31036833,41_16S,Green turtle juvenile cloacal swab,Bacteria,Bacteroidota,Bacteroidia,Flavobacteriales,Flavobacteriaceae,uncultured,marine_bacterium
KT266595.1.1504,SRR21726046,0.000227353,264019405,500,87,SRX17721935,41_16S,Illumina MiSeq,SRP346777,PRJNA781615,SRS15251959,SAMN31036833,41_16S,Green turtle juvenile cloacal swab,Bacteria,Desulfobacterota,Desulfobulbia,Desulfobulbales,Desulfocapsaceae,Desulforhopalus,Desulforhopalus_sp.
KT596062.1.1478,SRR21726046,0.000227353,264019405,500,87,SRX17721935,41_16S,Illumina MiSeq,SRP346777,PRJNA781615,SRS15251959,SAMN31036833,41_16S,Green turtle juvenile cloacal swab,Bacteria,Proteobacteria,Alphaproteobacteria,Rhizobiales,Stappiaceae,Labrenzia,Labrenzia_sp.
JF722672.1.1483,SRR21726051,0.000226717,345760543,484,123,SRX17721930,28_16S,Illumina MiSeq,SRP346777,PRJNA781615,SRS15251954,SAMN31036820,28_16S,Green turtle juvenile cloacal swab,Bacteria,Proteobacteria,Gammaproteobacteria,Burkholderiales,Comamonadaceae,Comamonas,Comamonas_sp.
EU440974.1.1495,SRR21726043,0.000226566,331464093,470,111,SRX17721938,44_16S,Illumina MiSeq,SRP346777,PRJNA781615,SRS15251963,SAMN31036836,44_16S,Green turtle hatchling stomach sample,Bacteria,Bacteroidota,Bacteroidia,Flavobacteriales,Flavobacteriaceae,Flavobacteriaceae,Salegentibacter_sp.
HM629364.1.1353,SRR21726043,0.000226566,331464093,470,111,SRX17721938,44_16S,Illumina MiSeq,SRP346777,PRJNA781615,SRS15251963,SAMN31036836,44_16S,Green turtle hatchling stomach sample,Bacteria,Deinococcota,Deinococci,Deinococcales,Deinococcaceae,Deinococcus,Deinococcus_sp.
JQ425934.1.1445,SRR21726043,0.000226566,331464093,470,111,SRX17721938,44_16S,Illumina MiSeq,SRP346777,PRJNA781615,SRS15251963,SAMN31036836,44_16S,Green turtle hatchling stomach sample,Bacteria,Proteobacteria,Alphaproteobacteria,Rhizobiales,Xanthobacteraceae,uncultured,uncultured_bacterium
KC442786.1.1447,SRR21726043,0.000226566,331464093,470,111,SRX17721938,44_16S,Illumina MiSeq,SRP346777,PRJNA781615,SRS15251963,SAMN31036836,44_16S,Green turtle hatchling stomach sample,Bacteria,Actinobacteriota,Rubrobacteria,Rubrobacterales,Rubrobacteriaceae,Rubrobacter,uncultured_actinobacterium
KF410367.1.1366,SRR21726043,0.000226566,331464093,470,111,SRX17721938,44_16S,Illumina MiSeq,SRP346777,PRJNA781615,SRS15251963,SAMN31036836,44_16S,Green turtle hatchling stomach sample,Bacteria,Actinobacteriota,Actinobacteria,Corynebacteriales,Tsukamurellaceae,Tsukamurella,Tsukamurella_spumae
MH745860.1.1200,SRR21726043,0.000226566,331464093,470,111,SRX17721938,44_16S,Illumina MiSeq,SRP346777,PRJNA781615,SRS15251963,SAMN31036836,44_16S,Green turtle hatchling stomach sample,Bacteria,Actinobacteriota,Actinobacteria,Corynebacteriales,Mycobacteriaceae,Mycobacterium,Mycobacterium_sp.
JN433182.1.1362,SRR21726020,0.000225931,305472186,499,108,SRX17721961,34_16S,Illumina MiSeq,SRP346777,PRJNA781615,SRS15251985,SAMN31036826,34_16S,Green turtle juvenile cloacal swab,Bacteria,Bdellovibrionota,Bdellovibrionia,Bacteriovoracales,Bacteriovoracaceae,Peredibacter,uncultured_organism
HQ857694.1.1484,SRR21726049,0.000224839,398448802,499,134,SRX17721932,38_16S,Illumina MiSeq,SRP346777,PRJNA781615,SRS15251956,SAMN31036830,38_16S,Green turtle juvenile cloacal swab,Bacteria,Actinobacteriota,Acidimicrobiia,Microtrichales,Ilumatobacteraceae,Ilumatobacter,uncultured_actinobacterium
CP027665.1700623.1702091,SRR21726023,0.000224352,340042833,498,113,SRX17721958,31_16S,Illumina MiSeq,SRP346777,PRJNA781615,SRS15251982,SAMN31036823,31_16S,Green turtle hatchling intestine sample,Bacteria,Proteobacteria,Alphaproteobacteria,Rhodobacterales,Rhodobacteraceae,Rhodobacteraceae,Thalassococcus_sp.
FPLS01054526.10.1507,SRR21726023,0.000224352,340042833,498,113,SRX17721958,31_16S,Illumina MiSeq,SRP346777,PRJNA781615,SRS15251982,SAMN31036823,31_16S,Green turtle hatchling intestine sample,Bacteria,Actinobacteriota,Actinobacteria,Propionibacteriales,Propionibacteriaceae,uncultured,metagenome
LN567929.1.1384,SRR21726023,0.000224352,340042833,498,113,SRX17721958,31_16S,Illumina MiSeq,SRP346777,PRJNA781615,SRS15251982,SAMN31036823,31_16S,Green turtle hatchling intestine sample,Bacteria,Actinobacteriota,Thermoleophilia,Gaiellales,uncultured,uncultured,uncultured_bacterium
KX097276.1.1481,SRR21726047,0.00022321,352120514,500,118,SRX17721934,40_16S,Illumina MiSeq,SRP346777,PRJNA781615,SRS15251958,SAMN31036832,40_16S,Green turtle juvenile esophageal swab,Bacteria,Bacteroidota,Bacteroidia,Flavobacteriales,Flavobacteriaceae,Lutibacter,uncultured_bacterium
KY770281.1.1343,SRR21726047,0.00022321,352120514,500,118,SRX17721934,40_16S,Illumina MiSeq,SRP346777,PRJNA781615,SRS15251958,SAMN31036832,40_16S,Green turtle juvenile esophageal swab,Bacteria,Proteobacteria,Alphaproteobacteria,Rhodobacterales,Rhodobacteraceae,Pelagibaca,Pelagibaca_sp.
CP016093.558681.560179,SRR21726029,0.000220972,383977850,499,131,SRX17721952,30_16S,Illumina MiSeq,SRP346777,PRJNA781615,SRS15251976,SAMN31036822,30_16S,Green turtle hatchling stomach sample,Bacteria,Proteobacteria,Alphaproteobacteria,NRL2,NRL2,NRL2,Rhizobiales_bacterium
JF820845.1.1442,SRR21726046,0.000220019,264019405,500,87,SRX17721935,41_16S,Illumina MiSeq,SRP346777,PRJNA781615,SRS15251959,SAMN31036833,41_16S,Green turtle juvenile cloacal swab,Bacteria,Bacteroidota,Bacteroidia,Flavobacteriales,Flavobacteriaceae,Winogradskyella,Winogradskyella_eckloniae
EU246808.1.1430,SRR21726049,0.000218922,398448802,499,134,SRX17721932,38_16S,Illumina MiSeq,SRP346777,PRJNA781615,SRS15251956,SAMN31036830,38_16S,Green turtle juvenile cloacal swab,Bacteria,Proteobacteria,Gammaproteobacteria,Granulosicoccales,Granulosicoccaceae,Granulosicoccus,uncultured_gamma
EF219048.1.1441,SRR21726043,0.000218753,331464093,470,111,SRX17721938,44_16S,Illumina MiSeq,SRP346777,PRJNA781615,SRS15251963,SAMN31036836,44_16S,Green turtle hatchling stomach sample,Bacteria,Proteobacteria,Alphaproteobacteria,Rhizobiales,Rhizobiaceae,Shinella,Rhizobiales_bacterium
EU289495.1.1483,SRR21726043,0.000218753,331464093,470,111,SRX17721938,44_16S,Illumina MiSeq,SRP346777,PRJNA781615,SRS15251963,SAMN31036836,44_16S,Green turtle hatchling stomach sample,Bacteria,Actinobacteriota,Actinobacteria,Micrococcales,Microbacteriaceae,Amnibacterium,uncultured_bacterium
JF769600.1.1503,SRR21726043,0.000218753,331464093,470,111,SRX17721938,44_16S,Illumina MiSeq,SRP346777,PRJNA781615,SRS15251963,SAMN31036836,44_16S,Green turtle hatchling stomach sample,Bacteria,Bdellovibrionota,Bdellovibrionia,Bdellovibrionales,Bdellovibrionaceae,Bdellovibrio,uncultured_bacterium
KF265351.1.1402,SRR21726043,0.000218753,331464093,470,111,SRX17721938,44_16S,Illumina MiSeq,SRP346777,PRJNA781615,SRS15251963,SAMN31036836,44_16S,Green turtle hatchling stomach sample,Bacteria,Firmicutes,Bacilli,Bacillales,Bacillaceae,Bacillus,Bacillus_filamentosus
MG890614.1.1417,SRR21726043,0.000218753,331464093,470,111,SRX17721938,44_16S,Illumina MiSeq,SRP346777,PRJNA781615,SRS15251963,SAMN31036836,44_16S,Green turtle hatchling stomach sample,Bacteria,Proteobacteria,Gammaproteobacteria,Cardiobacteriales,Wohlfahrtiimonadaceae,Wohlfahrtiimonas,Wohlfahrtiimonas_sp.
EF660748.1.1401,SRR21726045,0.000218086,293530160,484,103,SRX17721936,42_16S,Illumina MiSeq,SRP346777,PRJNA781615,SRS15251960,SAMN31036834,42_16S,Green turtle hatchling stomach sample,Bacteria,Actinobacteriota,Actinobacteria,Micrococcales,Micrococcaceae,Glutamicibacter,Glutamicibacter_soli
GU195653.1.1432,SRR21726051,0.000216715,345760543,484,123,SRX17721930,28_16S,Illumina MiSeq,SRP346777,PRJNA781615,SRS15251954,SAMN31036820,28_16S,Green turtle juvenile cloacal swab,Bacteria,Firmicutes,Clostridia,Lachnospirales,Lachnospiraceae,Lachnoclostridium,Clostridium_sp.
AB890122.1.1396,SRR21726023,0.000216616,340042833,498,113,SRX17721958,31_16S,Illumina MiSeq,SRP346777,PRJNA781615,SRS15251982,SAMN31036823,31_16S,Green turtle hatchling intestine sample,Bacteria,Proteobacteria,Gammaproteobacteria,Alteromonadales,Alteromonadaceae,Agaribacter,Agaribacter_marinus
FN822199.1.1357,SRR21726023,0.000216616,340042833,498,113,SRX17721958,31_16S,Illumina MiSeq,SRP346777,PRJNA781615,SRS15251982,SAMN31036823,31_16S,Green turtle hatchling intestine sample,Bacteria,Planctomycetota,Planctomycetes,Pirellulales,Pirellulaceae,Rubripirellula,uncultured_planctomycete
GU118057.1.1440,SRR21726023,0.000216616,340042833,498,113,SRX17721958,31_16S,Illumina MiSeq,SRP346777,PRJNA781615,SRS15251982,SAMN31036823,31_16S,Green turtle hatchling intestine sample,Bacteria,Actinobacteriota,Acidimicrobiia,Microtrichales,Microtrichaceae,Sva0996_marine_group,uncultured_bacterium
KU560488.1.1398,SRR21726023,0.000216616,340042833,498,113,SRX17721958,31_16S,Illumina MiSeq,SRP346777,PRJNA781615,SRS15251982,SAMN31036823,31_16S,Green turtle hatchling intestine sample,Bacteria,Bacteroidota,Bacteroidia,Flavobacteriales,Flavobacteriaceae,Flavobacteriaceae,Muricauda_sp.
KF786448.1.1390,SRR21726052,0.000215694,412561192,500,137,SRX17721929,27_16S,Illumina MiSeq,SRP346777,PRJNA781615,SRS15251953,SAMN31036819,27_16S,Green turtle juvenile esophageal swab,Bacteria,Bacteroidota,Bacteroidia,Flavobacteriales,Crocinitomicaceae,Fluviicola,uncultured_Flavobacteriales
KC634268.1.1226,SRR21726051,0.000213381,345760543,484,123,SRX17721930,28_16S,Illumina MiSeq,SRP346777,PRJNA781615,SRS15251954,SAMN31036820,28_16S,Green turtle juvenile cloacal swab,Bacteria,Proteobacteria,Alphaproteobacteria,Rhizobiales,Rhizobiaceae,Aquamicrobium,Aquamicrobium_defluvii
AATP01000002.612461.613920,SRR21726029,0.00021308,383977850,499,131,SRX17721952,30_16S,Illumina MiSeq,SRP346777,PRJNA781615,SRS15251976,SAMN31036822,30_16S,Green turtle hatchling stomach sample,Bacteria,Proteobacteria,Alphaproteobacteria,Rhizobiales,Rhizobiaceae,Fulvimarina,Fulvimarina_pelagi
CYSO01000012.97600.98866,SRR21726029,0.00021308,383977850,499,131,SRX17721952,30_16S,Illumina MiSeq,SRP346777,PRJNA781615,SRS15251976,SAMN31036822,30_16S,Green turtle hatchling stomach sample,Bacteria,Firmicutes,Clostridia,Clostridiales,Clostridiaceae,Clostridium_sensu_stricto_1,Clostridium_sp.
DQ269102.1.1292,SRR21726029,0.00021308,383977850,499,131,SRX17721952,30_16S,Illumina MiSeq,SRP346777,PRJNA781615,SRS15251976,SAMN31036822,30_16S,Green turtle hatchling stomach sample,Bacteria,Planctomycetota,Planctomycetes,Pirellulales,Pirellulaceae,Blastopirellula,uncultured_planctomycete
EU246802.1.1407,SRR21726029,0.00021308,383977850,499,131,SRX17721952,30_16S,Illumina MiSeq,SRP346777,PRJNA781615,SRS15251976,SAMN31036822,30_16S,Green turtle hatchling stomach sample,Bacteria,Planctomycetota,Planctomycetes,Pirellulales,Pirellulaceae,Rhodopirellula,uncultured_planctomycete
FPLP01003916.9.1333,SRR21726029,0.00021308,383977850,499,131,SRX17721952,30_16S,Illumina MiSeq,SRP346777,PRJNA781615,SRS15251976,SAMN31036822,30_16S,Green turtle hatchling stomach sample,Bacteria,Firmicutes,Clostridia,Oscillospirales,Ruminococcaceae,Ruminococcus,metagenome
JN596601.1.1409,SRR21726029,0.00021308,383977850,499,131,SRX17721952,30_16S,Illumina MiSeq,SRP346777,PRJNA781615,SRS15251976,SAMN31036822,30_16S,Green turtle hatchling stomach sample,Bacteria,Actinobacteriota,Acidimicrobiia,Microtrichales,Microtrichaceae,Sva0996_marine_group,uncultured_Acidimicrobiia
MG244284.1.1457,SRR21726029,0.00021308,383977850,499,131,SRX17721952,30_16S,Illumina MiSeq,SRP346777,PRJNA781615,SRS15251976,SAMN31036822,30_16S,Green turtle hatchling stomach sample,Bacteria,Proteobacteria,Gammaproteobacteria,Alteromonadales,Alteromonadaceae,uncultured,Alteromonas_sp.
KC000319.1.1289,SRR21726049,0.000213005,398448802,499,134,SRX17721932,38_16S,Illumina MiSeq,SRP346777,PRJNA781615,SRS15251956,SAMN31036830,38_16S,Green turtle juvenile cloacal swab,Bacteria,Proteobacteria,Alphaproteobacteria,Rhodobacterales,Rhodobacteraceae,Pseudaestuariivita,unidentified_marine
FJ644616.1.1358,SRR21726046,0.000212685,264019405,500,87,SRX17721935,41_16S,Illumina MiSeq,SRP346777,PRJNA781615,SRS15251959,SAMN31036833,41_16S,Green turtle juvenile cloacal swab,Bacteria,Bacteroidota,Bacteroidia,Flavobacteriales,Flavobacteriaceae,uncultured,uncultured_bacterium
EU735685.1.1504,SRR21726043,0.000210941,331464093,470,111,SRX17721938,44_16S,Illumina MiSeq,SRP346777,PRJNA781615,SRS15251963,SAMN31036836,44_16S,Green turtle hatchling stomach sample,Bacteria,Proteobacteria,Gammaproteobacteria,Oceanospirillales,Alcanivoracaceae1,Alcanivorax,uncultured_bacterium
HM438001.1.1471,SRR21726043,0.000210941,331464093,470,111,SRX17721938,44_16S,Illumina MiSeq,SRP346777,PRJNA781615,SRS15251963,SAMN31036836,44_16S,Green turtle hatchling stomach sample,Bacteria,Actinobacteriota,MB-A2-108,MB-A2-108,MB-A2-108,MB-A2-108,uncultured_actinobacterium
JF514259.1.1245,SRR21726043,0.000210941,331464093,470,111,SRX17721938,44_16S,Illumina MiSeq,SRP346777,PRJNA781615,SRS15251963,SAMN31036836,44_16S,Green turtle hatchling stomach sample,Bacteria,Proteobacteria,Alphaproteobacteria,Sphingomonadales,Sphingomonadaceae,uncultured,uncultured_bacterium
DQ269060.1.1469,SRR21726020,0.000210349,305472186,499,108,SRX17721961,34_16S,Illumina MiSeq,SRP346777,PRJNA781615,SRS15251985,SAMN31036826,34_16S,Green turtle juvenile cloacal swab,Bacteria,Actinobacteriota,Acidimicrobiia,Microtrichales,Microtrichaceae,uncultured,uncultured_bacterium
HE574854.1.1290,SRR21726019,0.000210195,338063986,499,119,SRX17721962,35_16S,Illumina MiSeq,SRP346777,PRJNA781615,SRS15251986,SAMN31036827,35_16S,Green turtle juvenile cloacal swab,Bacteria,Proteobacteria,Alphaproteobacteria,Rhodobacterales,Rhodobacteraceae,Rhodobacteraceae,uncultured_bacterium
KC509575.1.1325,SRR21726019,0.000210195,338063986,499,119,SRX17721962,35_16S,Illumina MiSeq,SRP346777,PRJNA781615,SRS15251986,SAMN31036827,35_16S,Green turtle juvenile cloacal swab,Bacteria,Firmicutes,Bacilli,Staphylococcales,Staphylococcaceae,Staphylococcus,halophilic_bacterium
KM203471.1.1200,SRR21726019,0.000210195,338063986,499,119,SRX17721962,35_16S,Illumina MiSeq,SRP346777,PRJNA781615,SRS15251986,SAMN31036827,35_16S,Green turtle juvenile cloacal swab,Bacteria,Proteobacteria,Gammaproteobacteria,Cellvibrionales,Halieaceae,Halieaceae,uncultured_bacterium
AB680451.1.1407,SRR21726051,0.000210047,345760543,484,123,SRX17721930,28_16S,Illumina MiSeq,SRP346777,PRJNA781615,SRS15251954,SAMN31036820,28_16S,Green turtle juvenile cloacal swab,Bacteria,Proteobacteria,Alphaproteobacteria,Rhizobiales,Devosiaceae,Devosia,Devosia_riboflavina
GQ243710.1.1414,SRR21726023,0.00020888,340042833,498,113,SRX17721958,31_16S,Illumina MiSeq,SRP346777,PRJNA781615,SRS15251982,SAMN31036823,31_16S,Green turtle hatchling intestine sample,Bacteria,Proteobacteria,Alphaproteobacteria,Rhodobacterales,Rhodobacteraceae,Roseivivax,bacterium_enrichment
GU118611.1.1445,SRR21726023,0.00020888,340042833,498,113,SRX17721958,31_16S,Illumina MiSeq,SRP346777,PRJNA781615,SRS15251982,SAMN31036823,31_16S,Green turtle hatchling intestine sample,Bacteria,Bacteroidota,Bacteroidia,Cytophagales,Amoebophilaceae,Candidatus_Amoebophilus,uncultured_bacterium
HF922368.1.1518,SRR21726023,0.00020888,340042833,498,113,SRX17721958,31_16S,Illumina MiSeq,SRP346777,PRJNA781615,SRS15251982,SAMN31036823,31_16S,Green turtle hatchling intestine sample,Bacteria,Desulfobacterota,Desulfobacteria,Desulfobacterales,Desulfosarcinaceae,Desulfosarcina,uncultured_bacterium
KF065398.1.1310,SRR21726023,0.00020888,340042833,498,113,SRX17721958,31_16S,Illumina MiSeq,SRP346777,PRJNA781615,SRS15251982,SAMN31036823,31_16S,Green turtle hatchling intestine sample,Bacteria,Actinobacteriota,Actinobacteria,Corynebacteriales,Corynebacteriaceae,Lawsonella,uncultured_bacterium
KX172312.1.1388,SRR21726023,0.00020888,340042833,498,113,SRX17721958,31_16S,Illumina MiSeq,SRP346777,PRJNA781615,SRS15251982,SAMN31036823,31_16S,Green turtle hatchling intestine sample,Bacteria,Proteobacteria,Alphaproteobacteria,Rhodobacterales,Rhodobacteraceae,Boseongicola,uncultured_bacterium
MH688777.1.1443,SRR21726023,0.00020888,340042833,498,113,SRX17721958,31_16S,Illumina MiSeq,SRP346777,PRJNA781615,SRS15251982,SAMN31036823,31_16S,Green turtle hatchling intestine sample,Bacteria,Proteobacteria,Alphaproteobacteria,Rhizobiales,Xanthobacteraceae,Bradyrhizobium,Bradyrhizobium_sp.
LN563911.1.1317,SRR21726040,0.000207611,377927131,499,134,SRX17721941,29_16S,Illumina MiSeq,SRP346777,PRJNA781615,SRS15251965,SAMN31036821,29_16S,Green turtle juvenile cloacal swab,Bacteria,Proteobacteria,Alphaproteobacteria,Rhizobiales,Devosiaceae,Devosia,uncultured_bacterium
JN977272.1.1543,SRR21726049,0.000207088,398448802,499,134,SRX17721932,38_16S,Illumina MiSeq,SRP346777,PRJNA781615,SRS15251956,SAMN31036830,38_16S,Green turtle juvenile cloacal swab,Bacteria,Acidobacteriota,Thermoanaerobaculia,Thermoanaerobaculales,Thermoanaerobaculaceae,Subgroup_10,uncultured_bacterium
KT877397.1.1477,SRR21726049,0.000207088,398448802,499,134,SRX17721932,38_16S,Illumina MiSeq,SRP346777,PRJNA781615,SRS15251956,SAMN31036830,38_16S,Green turtle juvenile cloacal swab,Bacteria,Myxococcota,Polyangia,Nannocystales,Nannocystaceae,uncultured,uncultured_proteobacterium
LN561156.1.1358,SRR21726022,0.000205423,341290243,500,113,SRX17721959,32_16S,Illumina MiSeq,SRP346777,PRJNA781615,SRS15251983,SAMN31036824,32_16S,Green turtle juvenile esophageal swab,Bacteria,Patescibacteria,Saccharimonadia,Saccharimonadales,Saccharimonadaceae,Saccharimonadaceae,uncultured_bacterium
HQ218715.1.1464,SRR21726046,0.000205351,264019405,500,87,SRX17721935,41_16S,Illumina MiSeq,SRP346777,PRJNA781615,SRS15251959,SAMN31036833,41_16S,Green turtle juvenile cloacal swab,Bacteria,Proteobacteria,Alphaproteobacteria,Paracaedibacterales,Paracaedibacteraceae,uncultured,uncultured_bacterium
GQ048016.1.1342,SRR21726029,0.000205188,383977850,499,131,SRX17721952,30_16S,Illumina MiSeq,SRP346777,PRJNA781615,SRS15251976,SAMN31036822,30_16S,Green turtle hatchling stomach sample,Bacteria,Actinobacteriota,Actinobacteria,Propionibacteriales,Nocardioidaceae,Marmoricola,uncultured_bacterium
HM799013.1.1452,SRR21726029,0.000205188,383977850,499,131,SRX17721952,30_16S,Illumina MiSeq,SRP346777,PRJNA781615,SRS15251976,SAMN31036822,30_16S,Green turtle hatchling stomach sample,Bacteria,Chloroflexi,Anaerolineae,Caldilineales,Caldilineaceae,uncultured,uncultured_Chloroflexi
KC669071.1.1499,SRR21726029,0.000205188,383977850,499,131,SRX17721952,30_16S,Illumina MiSeq,SRP346777,PRJNA781615,SRS15251976,SAMN31036822,30_16S,Green turtle hatchling stomach sample,Bacteria,Proteobacteria,Gammaproteobacteria,HOC36,HOC36,HOC36,uncultured_bacterium
LUNQ01000001.127190.128572,SRR21726029,0.000205188,383977850,499,131,SRX17721952,30_16S,Illumina MiSeq,SRP346777,PRJNA781615,SRS15251976,SAMN31036822,30_16S,Green turtle hatchling stomach sample,Bacteria,Proteobacteria,Alphaproteobacteria,Sphingomonadales,Sphingomonadaceae,Sphingomonas,Erythrobacter_sp.
MG889588.1.1461,SRR21726029,0.000205188,383977850,499,131,SRX17721952,30_16S,Illumina MiSeq,SRP346777,PRJNA781615,SRS15251976,SAMN31036822,30_16S,Green turtle hatchling stomach sample,Bacteria,Proteobacteria,Gammaproteobacteria,Oceanospirillales,Kangiellaceae,Kangiella,Kangiella_sp.
EU567043.1.1643,SRR21726043,0.000203128,331464093,470,111,SRX17721938,44_16S,Illumina MiSeq,SRP346777,PRJNA781615,SRS15251963,SAMN31036836,44_16S,Green turtle hatchling stomach sample,Bacteria,Firmicutes,Negativicutes,Veillonellales-Selenomonadales,Sporomusaceae,Pelosinus,uncultured_Pseudomonas
KC554906.1.1475,SRR21726043,0.000203128,331464093,470,111,SRX17721938,44_16S,Illumina MiSeq,SRP346777,PRJNA781615,SRS15251963,SAMN31036836,44_16S,Green turtle hatchling stomach sample,Bacteria,Actinobacteriota,Actinobacteria,Frankiales,Sporichthyaceae,uncultured,uncultured_bacterium
KF698727.1.1311,SRR21726043,0.000203128,331464093,470,111,SRX17721938,44_16S,Illumina MiSeq,SRP346777,PRJNA781615,SRS15251963,SAMN31036836,44_16S,Green turtle hatchling stomach sample,Bacteria,Proteobacteria,Alphaproteobacteria,Rhodobacterales,Rhodobacteraceae,Paracoccus,Paracoccus_zeaxanthinifaciens
AY327883.1.1471,SRR21726020,0.000202558,305472186,499,108,SRX17721961,34_16S,Illumina MiSeq,SRP346777,PRJNA781615,SRS15251985,SAMN31036826,34_16S,Green turtle juvenile cloacal swab,Bacteria,Bacteroidota,Bacteroidia,Flavobacteriales,Flavobacteriaceae,uncultured,uncultured_Bacteroidetes
JF167719.1.1326,SRR21726045,0.00020173,293530160,484,103,SRX17721936,42_16S,Illumina MiSeq,SRP346777,PRJNA781615,SRS15251960,SAMN31036834,42_16S,Green turtle hatchling stomach sample,Bacteria,Patescibacteria,Saccharimonadia,Saccharimonadales,Saccharimonadaceae,TM7a,uncultured_bacterium
KP064189.1.1522,SRR21726049,0.000201172,398448802,499,134,SRX17721932,38_16S,Illumina MiSeq,SRP346777,PRJNA781615,SRS15251956,SAMN31036830,38_16S,Green turtle juvenile cloacal swab,Bacteria,Proteobacteria,Gammaproteobacteria,Oceanospirillales,Kangiellaceae,Kangiella,Kangiella_chungangensis
CEQY01003175.2812.4335,SRR21726023,0.000201143,340042833,498,113,SRX17721958,31_16S,Illumina MiSeq,SRP346777,PRJNA781615,SRS15251982,SAMN31036823,31_16S,Green turtle hatchling intestine sample,Bacteria,Bdellovibrionota,Bdellovibrionia,Bdellovibrionales,Bdellovibrionaceae,Bdellovibrio,marine_metagenome
CP014040.3085947.3087508,SRR21726023,0.000201143,340042833,498,113,SRX17721958,31_16S,Illumina MiSeq,SRP346777,PRJNA781615,SRS15251982,SAMN31036823,31_16S,Green turtle hatchling intestine sample,Bacteria,Proteobacteria,Gammaproteobacteria,Vibrionales,Vibrionaceae,Vibrio,Vibrio_alginolyticus
KM203459.1.1200,SRR21726023,0.000201143,340042833,498,113,SRX17721958,31_16S,Illumina MiSeq,SRP346777,PRJNA781615,SRS15251982,SAMN31036823,31_16S,Green turtle hatchling intestine sample,Bacteria,Proteobacteria,Alphaproteobacteria,Caulobacterales,Hyphomonadaceae,uncultured,uncultured_bacterium
MG244284.1.1457,SRR21726023,0.000201143,340042833,498,113,SRX17721958,31_16S,Illumina MiSeq,SRP346777,PRJNA781615,SRS15251982,SAMN31036823,31_16S,Green turtle hatchling intestine sample,Bacteria,Proteobacteria,Gammaproteobacteria,Alteromonadales,Alteromonadaceae,uncultured,Alteromonas_sp.
HQ857694.1.1484,SRR21726019,0.000200186,338063986,499,119,SRX17721962,35_16S,Illumina MiSeq,SRP346777,PRJNA781615,SRS15251986,SAMN31036827,35_16S,Green turtle juvenile cloacal swab,Bacteria,Actinobacteriota,Acidimicrobiia,Microtrichales,Ilumatobacteraceae,Ilumatobacter,uncultured_actinobacterium
JN038255.1.1495,SRR21726019,0.000200186,338063986,499,119,SRX17721962,35_16S,Illumina MiSeq,SRP346777,PRJNA781615,SRS15251986,SAMN31036827,35_16S,Green turtle juvenile cloacal swab,Bacteria,Bacteroidota,Rhodothermia,Rhodothermales,Rhodothermaceae,Rubrivirga,uncultured_Bacteroidetes
KX173042.1.1456,SRR21726019,0.000200186,338063986,499,119,SRX17721962,35_16S,Illumina MiSeq,SRP346777,PRJNA781615,SRS15251986,SAMN31036827,35_16S,Green turtle juvenile cloacal swab,Bacteria,Proteobacteria,Gammaproteobacteria,Cellvibrionales,Spongiibacteraceae,BD1-7_clade,uncultured_bacterium
AB272325.1.1207,SRR21726040,0.000199626,377927131,499,134,SRX17721941,29_16S,Illumina MiSeq,SRP346777,PRJNA781615,SRS15251965,SAMN31036821,29_16S,Green turtle juvenile cloacal swab,Bacteria,Proteobacteria,Gammaproteobacteria,Burkholderiales,Alcaligenaceae,Alcaligenes,Alcaligenes_sp.
HG964474.1.1514,SRR21726040,0.000199626,377927131,499,134,SRX17721941,29_16S,Illumina MiSeq,SRP346777,PRJNA781615,SRS15251965,SAMN31036821,29_16S,Green turtle juvenile cloacal swab,Bacteria,Firmicutes,Bacilli,Paenibacillales,Paenibacillaceae,Paenibacillus,Paenibacillus_sp.
CEUG01005363.500.2039,SRR21726048,0.000199593,339853596,500,116,SRX17721933,39_16S,Illumina MiSeq,SRP346777,PRJNA781615,SRS15251957,SAMN31036831,39_16S,Green turtle juvenile esophageal swab,Bacteria,Desulfobacterota,Desulfuromonadia,PB19,PB19,PB19,marine_metagenome
HQ439517.1.1392,SRR21726046,0.000198017,264019405,500,87,SRX17721935,41_16S,Illumina MiSeq,SRP346777,PRJNA781615,SRS15251959,SAMN31036833,41_16S,Green turtle juvenile cloacal swab,Bacteria,Bacteroidota,Bacteroidia,Flavobacteriales,Flavobacteriaceae,Hyunsoonleella,Cytophaga_sp.
KU042973.1.1435,SRR21726046,0.000198017,264019405,500,87,SRX17721935,41_16S,Illumina MiSeq,SRP346777,PRJNA781615,SRS15251959,SAMN31036833,41_16S,Green turtle juvenile cloacal swab,Bacteria,Proteobacteria,Alphaproteobacteria,Rhodobacterales,Rhodobacteraceae,Rhodobacter,Sinirhodobacter_sp.
AB360343.1.1439,SRR21726029,0.000197296,383977850,499,131,SRX17721952,30_16S,Illumina MiSeq,SRP346777,PRJNA781615,SRS15251976,SAMN31036822,30_16S,Green turtle hatchling stomach sample,Bacteria,Actinobacteriota,Acidimicrobiia,Microtrichales,Ilumatobacteraceae,Ilumatobacter,Ilumatobacter_fluminis
JYMV01012758.1039.2521,SRR21726029,0.000197296,383977850,499,131,SRX17721952,30_16S,Illumina MiSeq,SRP346777,PRJNA781615,SRS15251976,SAMN31036822,30_16S,Green turtle hatchling stomach sample,Bacteria,WPS-2,WPS-2,WPS-2,WPS-2,WPS-2,hydrothermal_vent
AJ242579.1.1303,SRR21726051,0.000196711,345760543,484,123,SRX17721930,28_16S,Illumina MiSeq,SRP346777,PRJNA781615,SRS15251954,SAMN31036820,28_16S,Green turtle juvenile cloacal swab,Bacteria,Proteobacteria,Alphaproteobacteria,Rhizobiales,Rhizobiaceae,Ochrobactrum,Ochrobactrum_tritici
AB032514.1.1448,SRR21726043,0.000195316,331464093,470,111,SRX17721938,44_16S,Illumina MiSeq,SRP346777,PRJNA781615,SRS15251963,SAMN31036836,44_16S,Green turtle hatchling stomach sample,Bacteria,Bacteroidota,Bacteroidia,Flavobacteriales,Flavobacteriaceae,Meridianimaribacter,marine_bacterium
DQ125624.1.1448,SRR21726043,0.000195316,331464093,470,111,SRX17721938,44_16S,Illumina MiSeq,SRP346777,PRJNA781615,SRS15251963,SAMN31036836,44_16S,Green turtle hatchling stomach sample,Bacteria,Actinobacteriota,Actinobacteria,Micrococcales,AKAU3644,AKAU3644,uncultured_bacterium
GQ232741.1.1441,SRR21726043,0.000195316,331464093,470,111,SRX17721938,44_16S,Illumina MiSeq,SRP346777,PRJNA781615,SRS15251963,SAMN31036836,44_16S,Green turtle hatchling stomach sample,Bacteria,Bacteroidota,Bacteroidia,Flavobacteriales,Weeksellaceae,Moheibacter,Empedobacter_sp.
KF494642.1.1454,SRR21726043,0.000195316,331464093,470,111,SRX17721938,44_16S,Illumina MiSeq,SRP346777,PRJNA781615,SRS15251963,SAMN31036836,44_16S,Green turtle hatchling stomach sample,Bacteria,Proteobacteria,Alphaproteobacteria,Rhizobiales,Rhizobiales_Incertae_Sedis,Nordella,uncultured_bacterium
LN555011.1.1283,SRR21726043,0.000195316,331464093,470,111,SRX17721938,44_16S,Illumina MiSeq,SRP346777,PRJNA781615,SRS15251963,SAMN31036836,44_16S,Green turtle hatchling stomach sample,Bacteria,Proteobacteria,Alphaproteobacteria,Dongiales,Dongiaceae,Dongia,uncultured_Dongia
JQ194064.1.1337,SRR21726020,0.000194768,305472186,499,108,SRX17721961,34_16S,Illumina MiSeq,SRP346777,PRJNA781615,SRS15251985,SAMN31036826,34_16S,Green turtle juvenile cloacal swab,Bacteria,Campilobacterota,Campylobacteria,Campylobacterales,Campylobacteraceae,Campylobacter,uncultured_bacterium
GQ154966.1.1364,SRR21726045,0.000193552,293530160,484,103,SRX17721936,42_16S,Illumina MiSeq,SRP346777,PRJNA781615,SRS15251960,SAMN31036834,42_16S,Green turtle hatchling stomach sample,Bacteria,Proteobacteria,Gammaproteobacteria,Enterobacterales,Enterobacteriaceae,Citrobacter,uncultured_bacterium
AB619724.1.1397,SRR21726023,0.000193407,340042833,498,113,SRX17721958,31_16S,Illumina MiSeq,SRP346777,PRJNA781615,SRS15251982,SAMN31036823,31_16S,Green turtle hatchling intestine sample,Bacteria,Proteobacteria,Gammaproteobacteria,Alteromonadales,Idiomarinaceae,Idiomarina,Idiomarina_piscisalsi
DQ395651.1.1454,SRR21726023,0.000193407,340042833,498,113,SRX17721958,31_16S,Illumina MiSeq,SRP346777,PRJNA781615,SRS15251982,SAMN31036823,31_16S,Green turtle hatchling intestine sample,Bacteria,Proteobacteria,Alphaproteobacteria,Rhodobacterales,Rhodobacteraceae,Paracoccus,uncultured_organism
DQ482736.1.1447,SRR21726023,0.000193407,340042833,498,113,SRX17721958,31_16S,Illumina MiSeq,SRP346777,PRJNA781615,SRS15251982,SAMN31036823,31_16S,Green turtle hatchling intestine sample,Bacteria,Bacteroidota,Bacteroidia,Flavobacteriales,Flavobacteriaceae,Aureisphaera,uncultured_Bacteroidetes
EU464755.1.1364,SRR21726023,0.000193407,340042833,498,113,SRX17721958,31_16S,Illumina MiSeq,SRP346777,PRJNA781615,SRS15251982,SAMN31036823,31_16S,Green turtle hatchling intestine sample,Bacteria,Bacteroidota,Bacteroidia,Sphingobacteriales,Sphingobacteriaceae,Sphingobacterium,uncultured_bacterium
HM438176.1.1490,SRR21726023,0.000193407,340042833,498,113,SRX17721958,31_16S,Illumina MiSeq,SRP346777,PRJNA781615,SRS15251982,SAMN31036823,31_16S,Green turtle hatchling intestine sample,Bacteria,Acidobacteriota,Vicinamibacteria,Vicinamibacterales,uncultured,uncultured,uncultured_Acidobacteriaceae
JX984095.1.1224,SRR21726023,0.000193407,340042833,498,113,SRX17721958,31_16S,Illumina MiSeq,SRP346777,PRJNA781615,SRS15251982,SAMN31036823,31_16S,Green turtle hatchling intestine sample,Bacteria,Proteobacteria,Alphaproteobacteria,Rhodobacterales,Rhodobacteraceae,Yoonia-Loktanella,uncultured_bacterium
KC527533.1.1200,SRR21726023,0.000193407,340042833,498,113,SRX17721958,31_16S,Illumina MiSeq,SRP346777,PRJNA781615,SRS15251982,SAMN31036823,31_16S,Green turtle hatchling intestine sample,Bacteria,Proteobacteria,Alphaproteobacteria,Rhodobacterales,Rhodobacteraceae,Pseudoruegeria,uncultured_bacterium
KU845388.1.1363,SRR21726023,0.000193407,340042833,498,113,SRX17721958,31_16S,Illumina MiSeq,SRP346777,PRJNA781615,SRS15251982,SAMN31036823,31_16S,Green turtle hatchling intestine sample,Bacteria,Proteobacteria,Alphaproteobacteria,Rhodobacterales,Rhodobacteraceae,Paracoccus,Paracoccus_homiensis
KX755371.1.1214,SRR21726023,0.000193407,340042833,498,113,SRX17721958,31_16S,Illumina MiSeq,SRP346777,PRJNA781615,SRS15251982,SAMN31036823,31_16S,Green turtle hatchling intestine sample,Bacteria,Proteobacteria,Alphaproteobacteria,Rhodobacterales,Rhodobacteraceae,Roseovarius,Roseovarius_sp.
MF149919.1.1363,SRR21726023,0.000193407,340042833,498,113,SRX17721958,31_16S,Illumina MiSeq,SRP346777,PRJNA781615,SRS15251982,SAMN31036823,31_16S,Green turtle hatchling intestine sample,Bacteria,Proteobacteria,Gammaproteobacteria,Alteromonadales,Alteromonadaceae,Alteromonadaceae,Alteromonas_sp.
MG696182.1.1484,SRR21726023,0.000193407,340042833,498,113,SRX17721958,31_16S,Illumina MiSeq,SRP346777,PRJNA781615,SRS15251982,SAMN31036823,31_16S,Green turtle hatchling intestine sample,Bacteria,Proteobacteria,Gammaproteobacteria,Alteromonadales,Idiomarinaceae,Aliidiomarina,Aliidiomarina_sp.
AB600546.1.1470,SRR21726044,0.000191838,355385245,500,127,SRX17721937,43_16S,Illumina MiSeq,SRP346777,PRJNA781615,SRS15251961,SAMN31036835,43_16S,Green turtle hatchling intestine sample,Bacteria,Firmicutes,Clostridia,Clostridiales,Clostridiaceae,Clostridium_sensu_stricto_13,Clostridium_tunisiense
AF136269.1.1349,SRR21726045,0.000190826,293530160,484,103,SRX17721936,42_16S,Illumina MiSeq,SRP346777,PRJNA781615,SRS15251960,SAMN31036834,42_16S,Green turtle hatchling stomach sample,Bacteria,Proteobacteria,Gammaproteobacteria,Alteromonadales,Shewanellaceae,Shewanella,Shewanella_putrefaciens
JQ213708.1.1355,SRR21726022,0.00019075,341290243,500,113,SRX17721959,32_16S,Illumina MiSeq,SRP346777,PRJNA781615,SRS15251983,SAMN31036824,32_16S,Green turtle juvenile esophageal swab,Bacteria,Synergistota,Synergistia,Synergistales,Synergistaceae,Thermovirga,uncultured_bacterium
EU375071.1.1203,SRR21726046,0.000190683,264019405,500,87,SRX17721935,41_16S,Illumina MiSeq,SRP346777,PRJNA781615,SRS15251959,SAMN31036833,41_16S,Green turtle juvenile cloacal swab,Bacteria,Proteobacteria,Alphaproteobacteria,Rhodospirillales,uncultured,uncultured,uncultured_Sphingomonas
FJ394548.1.1357,SRR21726019,0.000190177,338063986,499,119,SRX17721962,35_16S,Illumina MiSeq,SRP346777,PRJNA781615,SRS15251986,SAMN31036827,35_16S,Green turtle juvenile cloacal swab,Bacteria,Proteobacteria,Alphaproteobacteria,Caulobacterales,Hyphomonadaceae,Fretibacter,Hyphomonadaceae_bacterium
FR714356.1.1343,SRR21726019,0.000190177,338063986,499,119,SRX17721962,35_16S,Illumina MiSeq,SRP346777,PRJNA781615,SRS15251986,SAMN31036827,35_16S,Green turtle juvenile cloacal swab,Bacteria,Planctomycetota,Planctomycetes,Pirellulales,Pirellulaceae,Pirellula,uncultured_planctomycete
JF421207.1.1489,SRR21726019,0.000190177,338063986,499,119,SRX17721962,35_16S,Illumina MiSeq,SRP346777,PRJNA781615,SRS15251986,SAMN31036827,35_16S,Green turtle juvenile cloacal swab,Bacteria,Actinobacteriota,Acidimicrobiia,Microtrichales,uncultured,uncultured,uncultured_actinobacterium
JN531158.1.1381,SRR21726019,0.000190177,338063986,499,119,SRX17721962,35_16S,Illumina MiSeq,SRP346777,PRJNA781615,SRS15251986,SAMN31036827,35_16S,Green turtle juvenile cloacal swab,Bacteria,Bacteroidota,Bacteroidia,Cytophagales,Cyclobacteriaceae,Ekhidna,uncultured_organism
KJ599868.1.1247,SRR21726019,0.000190177,338063986,499,119,SRX17721962,35_16S,Illumina MiSeq,SRP346777,PRJNA781615,SRS15251986,SAMN31036827,35_16S,Green turtle juvenile cloacal swab,Bacteria,Actinobacteriota,Actinobacteria,Micrococcales,Micrococcaceae,Kocuria,Kocuria_sp.
LN866642.1.1402,SRR21726019,0.000190177,338063986,499,119,SRX17721962,35_16S,Illumina MiSeq,SRP346777,PRJNA781615,SRS15251986,SAMN31036827,35_16S,Green turtle juvenile cloacal swab,Bacteria,Firmicutes,Bacilli,Bacillales,Planococcaceae,Jeotgalibacillus,Jeotgalibacillus_sp.
AM882558.1.1492,SRR21726029,0.000189404,383977850,499,131,SRX17721952,30_16S,Illumina MiSeq,SRP346777,PRJNA781615,SRS15251976,SAMN31036822,30_16S,Green turtle hatchling stomach sample,Bacteria,Proteobacteria,Gammaproteobacteria,Cellvibrionales,Halieaceae,Halioglobus,uncultured_gamma
JF107703.1.1347,SRR21726029,0.000189404,383977850,499,131,SRX17721952,30_16S,Illumina MiSeq,SRP346777,PRJNA781615,SRS15251976,SAMN31036822,30_16S,Green turtle hatchling stomach sample,Bacteria,Actinobacteriota,Actinobacteria,Micrococcales,Micrococcaceae,Kocuria,uncultured_bacterium
JN119131.1.1420,SRR21726029,0.000189404,383977850,499,131,SRX17721952,30_16S,Illumina MiSeq,SRP346777,PRJNA781615,SRS15251976,SAMN31036822,30_16S,Green turtle hatchling stomach sample,Bacteria,Chloroflexi,Anaerolineae,SBR1031,A4b,A4b,uncultured_marine
JN531158.1.1381,SRR21726029,0.000189404,383977850,499,131,SRX17721952,30_16S,Illumina MiSeq,SRP346777,PRJNA781615,SRS15251976,SAMN31036822,30_16S,Green turtle hatchling stomach sample,Bacteria,Bacteroidota,Bacteroidia,Cytophagales,Cyclobacteriaceae,Ekhidna,uncultured_organism
JQ818353.1.1244,SRR21726029,0.000189404,383977850,499,131,SRX17721952,30_16S,Illumina MiSeq,SRP346777,PRJNA781615,SRS15251976,SAMN31036822,30_16S,Green turtle hatchling stomach sample,Bacteria,Firmicutes,Bacilli,Exiguobacterales,Exiguobacteraceae,Exiguobacterium,Exiguobacterium_profundum
KC425496.1.1421,SRR21726049,0.000189338,398448802,499,134,SRX17721932,38_16S,Illumina MiSeq,SRP346777,PRJNA781615,SRS15251956,SAMN31036830,38_16S,Green turtle juvenile cloacal swab,Bacteria,Proteobacteria,Alphaproteobacteria,Rhodobacterales,Rhodobacteraceae,uncultured,uncultured_marine
KC554509.1.1520,SRR21726049,0.000189338,398448802,499,134,SRX17721932,38_16S,Illumina MiSeq,SRP346777,PRJNA781615,SRS15251956,SAMN31036830,38_16S,Green turtle juvenile cloacal swab,Bacteria,Actinobacteriota,Acidimicrobiia,Microtrichales,Microtrichales,Microtrichales,uncultured_bacterium
KU560308.1.1423,SRR21726049,0.000189338,398448802,499,134,SRX17721932,38_16S,Illumina MiSeq,SRP346777,PRJNA781615,SRS15251956,SAMN31036830,38_16S,Green turtle juvenile cloacal swab,Bacteria,Actinobacteriota,Actinobacteria,Micrococcales,Dermacoccaceae,Kytococcus,Kytococcus_sp.
AB619724.1.1397,SRR21726043,0.000187503,331464093,470,111,SRX17721938,44_16S,Illumina MiSeq,SRP346777,PRJNA781615,SRS15251963,SAMN31036836,44_16S,Green turtle hatchling stomach sample,Bacteria,Proteobacteria,Gammaproteobacteria,Alteromonadales,Idiomarinaceae,Idiomarina,Idiomarina_piscisalsi
AM697501.1.1437,SRR21726043,0.000187503,331464093,470,111,SRX17721938,44_16S,Illumina MiSeq,SRP346777,PRJNA781615,SRS15251963,SAMN31036836,44_16S,Green turtle hatchling stomach sample,Bacteria,Proteobacteria,Alphaproteobacteria,Rhizobiales,Beijerinckiaceae,Methylobacterium-Methylorubrum,uncultured_bacterium
HE654546.1.1469,SRR21726043,0.000187503,331464093,470,111,SRX17721938,44_16S,Illumina MiSeq,SRP346777,PRJNA781615,SRS15251963,SAMN31036836,44_16S,Green turtle hatchling stomach sample,Bacteria,Actinobacteriota,Actinobacteria,Frankiales,Geodermatophilaceae,Geodermatophilus,Geodermatophilus_normandii
HM262994.1.1360,SRR21726043,0.000187503,331464093,470,111,SRX17721938,44_16S,Illumina MiSeq,SRP346777,PRJNA781615,SRS15251963,SAMN31036836,44_16S,Green turtle hatchling stomach sample,Bacteria,Firmicutes,Bacilli,Paenibacillales,Paenibacillaceae,Ammoniphilus,uncultured_bacterium
JF117025.1.1305,SRR21726043,0.000187503,331464093,470,111,SRX17721938,44_16S,Illumina MiSeq,SRP346777,PRJNA781615,SRS15251963,SAMN31036836,44_16S,Green turtle hatchling stomach sample,Bacteria,Proteobacteria,Alphaproteobacteria,Rhizobiales,Beijerinckiaceae,1174-901-12,uncultured_bacterium
JN098519.1.1426,SRR21726043,0.000187503,331464093,470,111,SRX17721938,44_16S,Illumina MiSeq,SRP346777,PRJNA781615,SRS15251963,SAMN31036836,44_16S,Green turtle hatchling stomach sample,Bacteria,Actinobacteriota,Actinobacteria,Propionibacteriales,Nocardioidaceae,Nocardioides,Nocardia_sp.
KR559997.1.1477,SRR21726043,0.000187503,331464093,470,111,SRX17721938,44_16S,Illumina MiSeq,SRP346777,PRJNA781615,SRS15251963,SAMN31036836,44_16S,Green turtle hatchling stomach sample,Bacteria,Myxococcota,Polyangia,Haliangiales,Haliangiaceae,Haliangium,uncultured_bacterium
CP027665.1700623.1702091,SRR21726020,0.000186977,305472186,499,108,SRX17721961,34_16S,Illumina MiSeq,SRP346777,PRJNA781615,SRS15251985,SAMN31036826,34_16S,Green turtle juvenile cloacal swab,Bacteria,Proteobacteria,Alphaproteobacteria,Rhodobacterales,Rhodobacteraceae,Rhodobacteraceae,Thalassococcus_sp.
AB006760.1.1461,SRR21726023,0.000185671,340042833,498,113,SRX17721958,31_16S,Illumina MiSeq,SRP346777,PRJNA781615,SRS15251982,SAMN31036823,31_16S,Green turtle hatchling intestine sample,Bacteria,Proteobacteria,Gammaproteobacteria,Oceanospirillales,Oceanospirillaceae,Oceanospirillum,Oceanospirillum_beijerinckii
GU118277.1.1386,SRR21726023,0.000185671,340042833,498,113,SRX17721958,31_16S,Illumina MiSeq,SRP346777,PRJNA781615,SRS15251982,SAMN31036823,31_16S,Green turtle hatchling intestine sample,Bacteria,Proteobacteria,Alphaproteobacteria,Rhodobacterales,Rhodobacteraceae,Ruegeria,uncultured_bacterium
GU235306.1.1364,SRR21726023,0.000185671,340042833,498,113,SRX17721958,31_16S,Illumina MiSeq,SRP346777,PRJNA781615,SRS15251982,SAMN31036823,31_16S,Green turtle hatchling intestine sample,Bacteria,Bacteroidota,Bacteroidia,Cytophagales,Cyclobacteriaceae,Reichenbachiella,uncultured_marine
HQ190542.1.1502,SRR21726023,0.000185671,340042833,498,113,SRX17721958,31_16S,Illumina MiSeq,SRP346777,PRJNA781615,SRS15251982,SAMN31036823,31_16S,Green turtle hatchling intestine sample,Bacteria,Bacteroidota,Rhodothermia,Rhodothermales,Rhodothermaceae,uncultured,uncultured_bacterium
JQ197218.1.1323,SRR21726023,0.000185671,340042833,498,113,SRX17721958,31_16S,Illumina MiSeq,SRP346777,PRJNA781615,SRS15251982,SAMN31036823,31_16S,Green turtle hatchling intestine sample,Bacteria,Chloroflexi,KD4-96,KD4-96,KD4-96,KD4-96,uncultured_bacterium
KF268749.1.1394,SRR21726023,0.000185671,340042833,498,113,SRX17721958,31_16S,Illumina MiSeq,SRP346777,PRJNA781615,SRS15251982,SAMN31036823,31_16S,Green turtle hatchling intestine sample,Bacteria,Bacteroidota,Bacteroidia,Bacteroidales,Prolixibacteraceae,Draconibacterium,uncultured_bacterium
LM999900.1.1505,SRR21726023,0.000185671,340042833,498,113,SRX17721958,31_16S,Illumina MiSeq,SRP346777,PRJNA781615,SRS15251982,SAMN31036823,31_16S,Green turtle hatchling intestine sample,Bacteria,Bacteroidota,Bacteroidia,Bacteroidales,Marinifilaceae,Marinifilum,Balneicella_halophila
KC169763.1.1486,SRR21726049,0.000183421,398448802,499,134,SRX17721932,38_16S,Illumina MiSeq,SRP346777,PRJNA781615,SRS15251956,SAMN31036830,38_16S,Green turtle juvenile cloacal swab,Bacteria,Bacteroidota,Bacteroidia,Flavobacteriales,NS9_marine_group,NS9_marine_group,uncultured_Bacteroidetes
AB491819.1.1460,SRR21726029,0.000181513,383977850,499,131,SRX17721952,30_16S,Illumina MiSeq,SRP346777,PRJNA781615,SRS15251976,SAMN31036822,30_16S,Green turtle hatchling stomach sample,Bacteria,Proteobacteria,Alphaproteobacteria,Rhodobacterales,Rhodobacteraceae,Dinoroseobacter,uncultured_Alphaproteobacteria
AB617562.1.1418,SRR21726029,0.000181513,383977850,499,131,SRX17721952,30_16S,Illumina MiSeq,SRP346777,PRJNA781615,SRS15251976,SAMN31036822,30_16S,Green turtle hatchling stomach sample,Bacteria,Proteobacteria,Gammaproteobacteria,Alteromonadales,Pseudoalteromonadaceae,Pseudoalteromonas,Pseudoalteromonas_ruthenica
KX755371.1.1214,SRR21726029,0.000181513,383977850,499,131,SRX17721952,30_16S,Illumina MiSeq,SRP346777,PRJNA781615,SRS15251976,SAMN31036822,30_16S,Green turtle hatchling stomach sample,Bacteria,Proteobacteria,Alphaproteobacteria,Rhodobacterales,Rhodobacteraceae,Roseovarius,Roseovarius_sp.
AM945675.1.1325,SRR21726043,0.00017969,331464093,470,111,SRX17721938,44_16S,Illumina MiSeq,SRP346777,PRJNA781615,SRS15251963,SAMN31036836,44_16S,Green turtle hatchling stomach sample,Bacteria,Proteobacteria,Gammaproteobacteria,Oceanospirillales,Halomonadaceae,Halomonas,Halomonas_sp.
JX079082.1.1400,SRR21726043,0.00017969,331464093,470,111,SRX17721938,44_16S,Illumina MiSeq,SRP346777,PRJNA781615,SRS15251963,SAMN31036836,44_16S,Green turtle hatchling stomach sample,Bacteria,Proteobacteria,Alphaproteobacteria,Tistrellales,Geminicoccaceae,uncultured,uncultured_bacterium
JX526902.1.1441,SRR21726043,0.00017969,331464093,470,111,SRX17721938,44_16S,Illumina MiSeq,SRP346777,PRJNA781615,SRS15251963,SAMN31036836,44_16S,Green turtle hatchling stomach sample,Bacteria,Proteobacteria,Gammaproteobacteria,Oceanospirillales,Alcanivoracaceae1,Alcanivorax,uncultured_Alcanivorax
KJ806417.1.1229,SRR21726043,0.00017969,331464093,470,111,SRX17721938,44_16S,Illumina MiSeq,SRP346777,PRJNA781615,SRS15251963,SAMN31036836,44_16S,Green turtle hatchling stomach sample,Bacteria,Proteobacteria,Gammaproteobacteria,Pseudomonadales,Moraxellaceae,Acinetobacter,Acinetobacter_soli
KY363644.1.1308,SRR21726043,0.00017969,331464093,470,111,SRX17721938,44_16S,Illumina MiSeq,SRP346777,PRJNA781615,SRS15251963,SAMN31036836,44_16S,Green turtle hatchling stomach sample,Bacteria,Proteobacteria,Alphaproteobacteria,Rhodobacterales,Rhodobacteraceae,Sagittula,Donghicola_sp.
EU246821.1.1399,SRR21726020,0.000179186,305472186,499,108,SRX17721961,34_16S,Illumina MiSeq,SRP346777,PRJNA781615,SRS15251985,SAMN31036826,34_16S,Green turtle juvenile cloacal swab,Bacteria,Bacteroidota,Bacteroidia,Flavobacteriales,Crocinitomicaceae,Crocinitomix,uncultured_Bacteroidetes
JN488644.1.1366,SRR21726020,0.000179186,305472186,499,108,SRX17721961,34_16S,Illumina MiSeq,SRP346777,PRJNA781615,SRS15251985,SAMN31036826,34_16S,Green turtle juvenile cloacal swab,Bacteria,Proteobacteria,Alphaproteobacteria,Rhodobacterales,Rhodobacteraceae,Sagittula,uncultured_organism
KM203459.1.1200,SRR21726020,0.000179186,305472186,499,108,SRX17721961,34_16S,Illumina MiSeq,SRP346777,PRJNA781615,SRS15251985,SAMN31036826,34_16S,Green turtle juvenile cloacal swab,Bacteria,Proteobacteria,Alphaproteobacteria,Caulobacterales,Hyphomonadaceae,uncultured,uncultured_bacterium
EU474160.1.1412,SRR21726023,0.000177935,340042833,498,113,SRX17721958,31_16S,Illumina MiSeq,SRP346777,PRJNA781615,SRS15251982,SAMN31036823,31_16S,Green turtle hatchling intestine sample,Bacteria,Firmicutes,Bacilli,Erysipelotrichales,Erysipelotrichaceae,Holdemanella,uncultured_bacterium
JN431282.1.1433,SRR21726023,0.000177935,340042833,498,113,SRX17721958,31_16S,Illumina MiSeq,SRP346777,PRJNA781615,SRS15251982,SAMN31036823,31_16S,Green turtle hatchling intestine sample,Bacteria,Bacteroidota,Bacteroidia,Flavobacteriales,Cryomorphaceae,Cryomorpha,uncultured_organism
KX989278.1.1437,SRR21726023,0.000177935,340042833,498,113,SRX17721958,31_16S,Illumina MiSeq,SRP346777,PRJNA781615,SRS15251982,SAMN31036823,31_16S,Green turtle hatchling intestine sample,Bacteria,Proteobacteria,Gammaproteobacteria,Alteromonadales,Idiomarinaceae,Idiomarina,Idiomarina_sp.
EU885004.1.1429,SRR21726042,0.000177653,371802664,500,145,SRX17721939,45_16S,Illumina MiSeq,SRP346777,PRJNA781615,SRS15251962,SAMN31036837,45_16S,Green turtle hatchling intestine sample,Bacteria,Firmicutes,Clostridia,Peptostreptococcales-Tissierellales,Sedimentibacteraceae,Sedimentibacter,uncultured_bacterium
HQ857694.1.1484,SRR21726046,0.000176015,264019405,500,87,SRX17721935,41_16S,Illumina MiSeq,SRP346777,PRJNA781615,SRS15251959,SAMN31036833,41_16S,Green turtle juvenile cloacal swab,Bacteria,Actinobacteriota,Acidimicrobiia,Microtrichales,Ilumatobacteraceae,Ilumatobacter,uncultured_actinobacterium
AM930457.1.1449,SRR21726029,0.000173621,383977850,499,131,SRX17721952,30_16S,Illumina MiSeq,SRP346777,PRJNA781615,SRS15251976,SAMN31036822,30_16S,Green turtle hatchling stomach sample,Bacteria,Bacteroidota,Bacteroidia,Flavobacteriales,Flavobacteriaceae,Kordia,uncultured_Bacteroidetes
FN397670.1.1492,SRR21726029,0.000173621,383977850,499,131,SRX17721952,30_16S,Illumina MiSeq,SRP346777,PRJNA781615,SRS15251976,SAMN31036822,30_16S,Green turtle hatchling stomach sample,Bacteria,Actinobacteriota,Actinobacteria,Micrococcales,Intrasporangiaceae,Aquipuribacter,Aquipuribacter_nitratireducens
KX179987.1.1495,SRR21726029,0.000173621,383977850,499,131,SRX17721952,30_16S,Illumina MiSeq,SRP346777,PRJNA781615,SRS15251976,SAMN31036822,30_16S,Green turtle hatchling stomach sample,Bacteria,Proteobacteria,Gammaproteobacteria,Alteromonadales,Alteromonadaceae,Alteromonas,uncultured_Alteromonas
GU644357.1.1376,SRR21726052,0.000172555,412561192,500,137,SRX17721929,27_16S,Illumina MiSeq,SRP346777,PRJNA781615,SRS15251953,SAMN31036819,27_16S,Green turtle juvenile esophageal swab,Bacteria,Proteobacteria,Alphaproteobacteria,Sphingomonadales,Sphingomonadaceae,Erythrobacter,Erythrobacter_sp.
EU135297.1.1352,SRR21726043,0.000171878,331464093,470,111,SRX17721938,44_16S,Illumina MiSeq,SRP346777,PRJNA781615,SRS15251963,SAMN31036836,44_16S,Green turtle hatchling stomach sample,Bacteria,Planctomycetota,Phycisphaerae,Tepidisphaerales,WD2101_soil_group,WD2101_soil_group,uncultured_bacterium
HM438383.1.1391,SRR21726043,0.000171878,331464093,470,111,SRX17721938,44_16S,Illumina MiSeq,SRP346777,PRJNA781615,SRS15251963,SAMN31036836,44_16S,Green turtle hatchling stomach sample,Bacteria,Proteobacteria,Alphaproteobacteria,Sphingomonadales,Sphingomonadaceae,Sphingomonas,uncultured_Sphingomonadaceae
KU687332.1.1206,SRR21726045,0.000171743,293530160,484,103,SRX17721936,42_16S,Illumina MiSeq,SRP346777,PRJNA781615,SRS15251960,SAMN31036834,42_16S,Green turtle hatchling stomach sample,Bacteria,Proteobacteria,Gammaproteobacteria,Enterobacterales,Enterobacteriaceae,Enterobacter,Enterobacter_cloacae
AJFB01000674.247.1689,SRR21726040,0.000171679,377927131,499,134,SRX17721941,29_16S,Illumina MiSeq,SRP346777,PRJNA781615,SRS15251965,SAMN31036821,29_16S,Green turtle juvenile cloacal swab,Bacteria,Proteobacteria,Alphaproteobacteria,Rhodobacterales,Rhodobacteraceae,Paracoccus,Paracoccus_denitrificans
LN560930.1.1379,SRR21726040,0.000171679,377927131,499,134,SRX17721941,29_16S,Illumina MiSeq,SRP346777,PRJNA781615,SRS15251965,SAMN31036821,29_16S,Green turtle juvenile cloacal swab,Bacteria,Proteobacteria,Gammaproteobacteria,Pseudomonadales,Pseudomonadaceae,Pseudomonas,uncultured_bacterium
FJ497473.1.1448,SRR21726049,0.000171587,398448802,499,134,SRX17721932,38_16S,Illumina MiSeq,SRP346777,PRJNA781615,SRS15251956,SAMN31036830,38_16S,Green turtle juvenile cloacal swab,Bacteria,Bacteroidota,Bacteroidia,Bacteroidales,Prolixibacteraceae,Draconibacterium,uncultured_Bacteroidetes
HF922313.1.1503,SRR21726049,0.000171587,398448802,499,134,SRX17721932,38_16S,Illumina MiSeq,SRP346777,PRJNA781615,SRS15251956,SAMN31036830,38_16S,Green turtle juvenile cloacal swab,Bacteria,Actinobacteriota,Acidimicrobiia,Microtrichales,Microtrichaceae,IMCC26207,uncultured_bacterium
KF906719.1.1486,SRR21726049,0.000171587,398448802,499,134,SRX17721932,38_16S,Illumina MiSeq,SRP346777,PRJNA781615,SRS15251956,SAMN31036830,38_16S,Green turtle juvenile cloacal swab,Bacteria,Bacteroidota,Bacteroidia,Flavobacteriales,Flavobacteriaceae,Aquimarina,Aquimarina_atlantica
KR269608.1.1216,SRR21726049,0.000171587,398448802,499,134,SRX17721932,38_16S,Illumina MiSeq,SRP346777,PRJNA781615,SRS15251956,SAMN31036830,38_16S,Green turtle juvenile cloacal swab,Bacteria,Actinobacteriota,Acidimicrobiia,Microtrichales,Ilumatobacteraceae,uncultured,uncultured_actinobacterium
KT880258.1.1495,SRR21726049,0.000171587,398448802,499,134,SRX17721932,38_16S,Illumina MiSeq,SRP346777,PRJNA781615,SRS15251956,SAMN31036830,38_16S,Green turtle juvenile cloacal swab,Bacteria,Proteobacteria,Gammaproteobacteria,Cellvibrionales,Halieaceae,Parahaliea,uncultured_gamma
KY190890.1.1459,SRR21726049,0.000171587,398448802,499,134,SRX17721932,38_16S,Illumina MiSeq,SRP346777,PRJNA781615,SRS15251956,SAMN31036830,38_16S,Green turtle juvenile cloacal swab,Bacteria,Proteobacteria,Gammaproteobacteria,Arenicellales,Arenicellaceae,HTCC5015,uncultured_bacterium
HE574854.1.1290,SRR21726020,0.000171396,305472186,499,108,SRX17721961,34_16S,Illumina MiSeq,SRP346777,PRJNA781615,SRS15251985,SAMN31036826,34_16S,Green turtle juvenile cloacal swab,Bacteria,Proteobacteria,Alphaproteobacteria,Rhodobacterales,Rhodobacteraceae,Rhodobacteraceae,uncultured_bacterium
AONI01000015.1107796.1109261,SRR21726023,0.000170198,340042833,498,113,SRX17721958,31_16S,Illumina MiSeq,SRP346777,PRJNA781615,SRS15251982,SAMN31036823,31_16S,Green turtle hatchling intestine sample,Bacteria,Proteobacteria,Alphaproteobacteria,Rhodobacterales,Rhodobacteraceae,Litoreibacter,Litoreibacter_arenae
DQ071108.1.1477,SRR21726023,0.000170198,340042833,498,113,SRX17721958,31_16S,Illumina MiSeq,SRP346777,PRJNA781615,SRS15251982,SAMN31036823,31_16S,Green turtle hatchling intestine sample,Bacteria,Planctomycetota,BD7-11,BD7-11,BD7-11,BD7-11,uncultured_marine
FJ203198.1.1391,SRR21726023,0.000170198,340042833,498,113,SRX17721958,31_16S,Illumina MiSeq,SRP346777,PRJNA781615,SRS15251982,SAMN31036823,31_16S,Green turtle hatchling intestine sample,Bacteria,Planctomycetota,Planctomycetes,Pirellulales,Pirellulaceae,Pir4_lineage,uncultured_bacterium
JN409122.1.1409,SRR21726023,0.000170198,340042833,498,113,SRX17721958,31_16S,Illumina MiSeq,SRP346777,PRJNA781615,SRS15251982,SAMN31036823,31_16S,Green turtle hatchling intestine sample,Bacteria,Proteobacteria,Alphaproteobacteria,Sphingomonadales,Sphingomonadaceae,uncultured,uncultured_Alphaproteobacteria
AB487408.1.1350,SRR21726019,0.000170158,338063986,499,119,SRX17721962,35_16S,Illumina MiSeq,SRP346777,PRJNA781615,SRS15251986,SAMN31036827,35_16S,Green turtle juvenile cloacal swab,Bacteria,Firmicutes,Clostridia,Christensenellales,Christensenellaceae,Christensenellaceae_R-7_group,uncultured_bacterium
KX179987.1.1495,SRR21726019,0.000170158,338063986,499,119,SRX17721962,35_16S,Illumina MiSeq,SRP346777,PRJNA781615,SRS15251986,SAMN31036827,35_16S,Green turtle juvenile cloacal swab,Bacteria,Proteobacteria,Gammaproteobacteria,Alteromonadales,Alteromonadaceae,Alteromonas,uncultured_Alteromonas
AJFB01000674.247.1689,SRR21726051,0.000170038,345760543,484,123,SRX17721930,28_16S,Illumina MiSeq,SRP346777,PRJNA781615,SRS15251954,SAMN31036820,28_16S,Green turtle juvenile cloacal swab,Bacteria,Proteobacteria,Alphaproteobacteria,Rhodobacterales,Rhodobacteraceae,Paracoccus,Paracoccus_denitrificans
KU598747.1.1210,SRR21726051,0.000170038,345760543,484,123,SRX17721930,28_16S,Illumina MiSeq,SRP346777,PRJNA781615,SRS15251954,SAMN31036820,28_16S,Green turtle juvenile cloacal swab,Bacteria,Proteobacteria,Alphaproteobacteria,Rhizobiales,Rhizobiaceae,Ochrobactrum,Ochrobactrum_sp.
KT799837.1.1507,SRR21726046,0.000168681,264019405,500,87,SRX17721935,41_16S,Illumina MiSeq,SRP346777,PRJNA781615,SRS15251959,SAMN31036833,41_16S,Green turtle juvenile cloacal swab,Bacteria,Fusobacteriota,Fusobacteriia,Fusobacteriales,Fusobacteriaceae,Fusobacterium,Fusobacteriaceae_bacterium
AY423719.1.1445,SRR21726029,0.000165729,383977850,499,131,SRX17721952,30_16S,Illumina MiSeq,SRP346777,PRJNA781615,SRS15251976,SAMN31036822,30_16S,Green turtle hatchling stomach sample,Bacteria,Actinobacteriota,Actinobacteria,Propionibacteriales,Nocardioidaceae,Nocardioides,Nocardioides_aestuarii
FJ203007.1.1469,SRR21726029,0.000165729,383977850,499,131,SRX17721952,30_16S,Illumina MiSeq,SRP346777,PRJNA781615,SRS15251976,SAMN31036822,30_16S,Green turtle hatchling stomach sample,Bacteria,Proteobacteria,Gammaproteobacteria,Oceanospirillales,Hahellaceae,Hahella,uncultured_bacterium
KT880258.1.1495,SRR21726029,0.000165729,383977850,499,131,SRX17721952,30_16S,Illumina MiSeq,SRP346777,PRJNA781615,SRS15251976,SAMN31036822,30_16S,Green turtle hatchling stomach sample,Bacteria,Proteobacteria,Gammaproteobacteria,Cellvibrionales,Halieaceae,Parahaliea,uncultured_gamma
KX618642.1.1445,SRR21726029,0.000165729,383977850,499,131,SRX17721952,30_16S,Illumina MiSeq,SRP346777,PRJNA781615,SRS15251976,SAMN31036822,30_16S,Green turtle hatchling stomach sample,Bacteria,Bacteroidota,Bacteroidia,Flavobacteriales,Flavobacteriaceae,Seonamhaeicola,Seonamhaeicola_marinus
MH014964.1.1431,SRR21726029,0.000165729,383977850,499,131,SRX17721952,30_16S,Illumina MiSeq,SRP346777,PRJNA781615,SRS15251976,SAMN31036822,30_16S,Green turtle hatchling stomach sample,Bacteria,Proteobacteria,Alphaproteobacteria,Rhodobacterales,Rhodobacteraceae,Roseobacter_clade_Marinomonas_lineage,Maritimibacter_sp.
AB981838.1.1441,SRR21726049,0.000165671,398448802,499,134,SRX17721932,38_16S,Illumina MiSeq,SRP346777,PRJNA781615,SRS15251956,SAMN31036830,38_16S,Green turtle juvenile cloacal swab,Bacteria,Proteobacteria,Gammaproteobacteria,Nitrosococcales,Methylophagaceae,Marine_Methylotrophic_Group_3,uncultured_gamma
JN119131.1.1420,SRR21726049,0.000165671,398448802,499,134,SRX17721932,38_16S,Illumina MiSeq,SRP346777,PRJNA781615,SRS15251956,SAMN31036830,38_16S,Green turtle juvenile cloacal swab,Bacteria,Chloroflexi,Anaerolineae,SBR1031,A4b,A4b,uncultured_marine
KT880255.1.1496,SRR21726049,0.000165671,398448802,499,134,SRX17721932,38_16S,Illumina MiSeq,SRP346777,PRJNA781615,SRS15251956,SAMN31036830,38_16S,Green turtle juvenile cloacal swab,Bacteria,Proteobacteria,Gammaproteobacteria,Thiotrichales,Thiotrichaceae,uncultured,uncultured_gamma
CP000853.49919.51423,SRR21726043,0.000164065,331464093,470,111,SRX17721938,44_16S,Illumina MiSeq,SRP346777,PRJNA781615,SRS15251963,SAMN31036836,44_16S,Green turtle hatchling stomach sample,Bacteria,Firmicutes,Clostridia,Peptostreptococcales-Tissierellales,Peptostreptococcales-Tissierellales,Alkaliphilus,Alkaliphilus_oremlandii
EF153309.1.1385,SRR21726043,0.000164065,331464093,470,111,SRX17721938,44_16S,Illumina MiSeq,SRP346777,PRJNA781615,SRS15251963,SAMN31036836,44_16S,Green turtle hatchling stomach sample,Bacteria,Proteobacteria,Gammaproteobacteria,Enterobacterales,Morganellaceae,Providencia,uncultured_bacterium
HM068886.1.1511,SRR21726043,0.000164065,331464093,470,111,SRX17721938,44_16S,Illumina MiSeq,SRP346777,PRJNA781615,SRS15251963,SAMN31036836,44_16S,Green turtle hatchling stomach sample,Bacteria,Actinobacteriota,Actinobacteria,Micrococcales,Intrasporangiaceae,Serinicoccus,Serinicoccus_chungangensis
KJ540699.1.1461,SRR21726043,0.000164065,331464093,470,111,SRX17721938,44_16S,Illumina MiSeq,SRP346777,PRJNA781615,SRS15251963,SAMN31036836,44_16S,Green turtle hatchling stomach sample,Bacteria,Proteobacteria,Gammaproteobacteria,Burkholderiales,Nitrosomonadaceae,MND1,uncultured_beta
EU531805.1.1258,SRR21726040,0.000163694,377927131,499,134,SRX17721941,29_16S,Illumina MiSeq,SRP346777,PRJNA781615,SRS15251965,SAMN31036821,29_16S,Green turtle juvenile cloacal swab,Bacteria,Proteobacteria,Gammaproteobacteria,Pseudomonadales,Pseudomonadaceae,Pseudomonas,Pseudomonas_oleovorans
GU195653.1.1432,SRR21726040,0.000163694,377927131,499,134,SRX17721941,29_16S,Illumina MiSeq,SRP346777,PRJNA781615,SRS15251965,SAMN31036821,29_16S,Green turtle juvenile cloacal swab,Bacteria,Firmicutes,Clostridia,Lachnospirales,Lachnospiraceae,Lachnoclostridium,Clostridium_sp.
JN494200.1.1460,SRR21726020,0.000163605,305472186,499,108,SRX17721961,34_16S,Illumina MiSeq,SRP346777,PRJNA781615,SRS15251985,SAMN31036826,34_16S,Green turtle juvenile cloacal swab,Bacteria,Planctomycetota,Planctomycetes,Pirellulales,Pirellulaceae,Pirellula,uncultured_organism
AJ244799.1.1333,SRR21726023,0.000162462,340042833,498,113,SRX17721958,31_16S,Illumina MiSeq,SRP346777,PRJNA781615,SRS15251982,SAMN31036823,31_16S,Green turtle hatchling intestine sample,Bacteria,Actinobacteriota,Actinobacteria,Propionibacteriales,Propionibacteriaceae,uncultured,Gram-positive_bacterium
DQ532273.1.1445,SRR21726023,0.000162462,340042833,498,113,SRX17721958,31_16S,Illumina MiSeq,SRP346777,PRJNA781615,SRS15251982,SAMN31036823,31_16S,Green turtle hatchling intestine sample,Bacteria,Proteobacteria,Alphaproteobacteria,Rhizobiales,Beijerinckiaceae,uncultured,uncultured_bacterium
FJ937869.1.1375,SRR21726023,0.000162462,340042833,498,113,SRX17721958,31_16S,Illumina MiSeq,SRP346777,PRJNA781615,SRS15251982,SAMN31036823,31_16S,Green turtle hatchling intestine sample,Bacteria,Actinobacteriota,Actinobacteria,Propionibacteriales,Propionibacteriaceae,uncultured,uncultured_bacterium
JX095999.1.1410,SRR21726023,0.000162462,340042833,498,113,SRX17721958,31_16S,Illumina MiSeq,SRP346777,PRJNA781615,SRS15251982,SAMN31036823,31_16S,Green turtle hatchling intestine sample,Bacteria,Firmicutes,Bacilli,Lactobacillales,Lactobacillaceae,Lactobacillus,uncultured_bacterium
JX680695.1.1381,SRR21726023,0.000162462,340042833,498,113,SRX17721958,31_16S,Illumina MiSeq,SRP346777,PRJNA781615,SRS15251982,SAMN31036823,31_16S,Green turtle hatchling intestine sample,Bacteria,Proteobacteria,Gammaproteobacteria,Alteromonadales,Pseudoalteromonadaceae,Psychrosphaera,uncultured_bacterium
KF786874.1.1385,SRR21726023,0.000162462,340042833,498,113,SRX17721958,31_16S,Illumina MiSeq,SRP346777,PRJNA781615,SRS15251982,SAMN31036823,31_16S,Green turtle hatchling intestine sample,Bacteria,Bacteroidota,Bacteroidia,Flavobacteriales,Flavobacteriaceae,Pseudofulvibacter,uncultured_Flavobacteriales
KJ754674.1.1370,SRR21726023,0.000162462,340042833,498,113,SRX17721958,31_16S,Illumina MiSeq,SRP346777,PRJNA781615,SRS15251982,SAMN31036823,31_16S,Green turtle hatchling intestine sample,Bacteria,Bacteroidota,Bacteroidia,Flavobacteriales,Cryomorphaceae,Owenweeksia,uncultured_bacterium
JQ215733.1.1343,SRR21726022,0.000161404,341290243,500,113,SRX17721959,32_16S,Illumina MiSeq,SRP346777,PRJNA781615,SRS15251983,SAMN31036824,32_16S,Green turtle juvenile esophageal swab,Bacteria,Bacteroidota,Bacteroidia,Flavobacteriales,Weeksellaceae,Ornithobacterium,uncultured_bacterium
LN565045.1.1323,SRR21726022,0.000161404,341290243,500,113,SRX17721959,32_16S,Illumina MiSeq,SRP346777,PRJNA781615,SRS15251983,SAMN31036824,32_16S,Green turtle juvenile esophageal swab,Bacteria,Patescibacteria,Saccharimonadia,Saccharimonadales,Saccharimonadaceae,Candidatus_Saccharimonas,uncultured_bacterium
GU234911.1.1356,SRR21726046,0.000161347,264019405,500,87,SRX17721935,41_16S,Illumina MiSeq,SRP346777,PRJNA781615,SRS15251959,SAMN31036833,41_16S,Green turtle juvenile cloacal swab,Bacteria,Actinobacteriota,Acidimicrobiia,Microtrichales,Microtrichaceae,Sva0996_marine_group,uncultured_marine
KT799837.1.1507,SRR21726019,0.000160149,338063986,499,119,SRX17721962,35_16S,Illumina MiSeq,SRP346777,PRJNA781615,SRS15251986,SAMN31036827,35_16S,Green turtle juvenile cloacal swab,Bacteria,Fusobacteriota,Fusobacteriia,Fusobacteriales,Fusobacteriaceae,Fusobacterium,Fusobacteriaceae_bacterium
HG966617.2636555.2638022,SRR21726049,0.000159754,398448802,499,134,SRX17721932,38_16S,Illumina MiSeq,SRP346777,PRJNA781615,SRS15251956,SAMN31036830,38_16S,Green turtle juvenile cloacal swab,Bacteria,Proteobacteria,Alphaproteobacteria,Parvibaculales,Parvibaculaceae,Candidatus_Phaeomarinobacter,Candidatus_Phaeomarinobacter
JQ516316.1.1416,SRR21726049,0.000159754,398448802,499,134,SRX17721932,38_16S,Illumina MiSeq,SRP346777,PRJNA781615,SRS15251956,SAMN31036830,38_16S,Green turtle juvenile cloacal swab,Bacteria,Bacteroidota,Bacteroidia,Cytophagales,Cyclobacteriaceae,Fabibacter,uncultured_Flammeovirgaceae
HE966428.1.1546,SRR21726044,0.000159085,355385245,500,127,SRX17721937,43_16S,Illumina MiSeq,SRP346777,PRJNA781615,SRS15251961,SAMN31036835,43_16S,Green turtle hatchling intestine sample,Bacteria,Firmicutes,Negativicutes,Veillonellales-Selenomonadales,Sporomusaceae,Sporomusa,Sporomusa_sphaeroides
FR714356.1.1343,SRR21726029,0.000157837,383977850,499,131,SRX17721952,30_16S,Illumina MiSeq,SRP346777,PRJNA781615,SRS15251976,SAMN31036822,30_16S,Green turtle hatchling stomach sample,Bacteria,Planctomycetota,Planctomycetes,Pirellulales,Pirellulaceae,Pirellula,uncultured_planctomycete
JQ514559.1.1250,SRR21726051,0.000156702,345760543,484,123,SRX17721930,28_16S,Illumina MiSeq,SRP346777,PRJNA781615,SRS15251954,SAMN31036820,28_16S,Green turtle juvenile cloacal swab,Bacteria,Proteobacteria,Alphaproteobacteria,Rhizobiales,Rhizobiaceae,Rhizobiaceae,Ochrobactrum_sp.
KF963652.1.1331,SRR21726051,0.000156702,345760543,484,123,SRX17721930,28_16S,Illumina MiSeq,SRP346777,PRJNA781615,SRS15251954,SAMN31036820,28_16S,Green turtle juvenile cloacal swab,Bacteria,Proteobacteria,Alphaproteobacteria,Rhizobiales,Beijerinckiaceae,Bosea,uncultured_bacterium
FJ214364.1.1418,SRR21726043,0.000156252,331464093,470,111,SRX17721938,44_16S,Illumina MiSeq,SRP346777,PRJNA781615,SRS15251963,SAMN31036836,44_16S,Green turtle hatchling stomach sample,Bacteria,Actinobacteriota,Actinobacteria,Pseudonocardiales,Pseudonocardiaceae,Saccharopolyspora,Saccharopolyspora_tripterygii
JQ427502.1.1446,SRR21726043,0.000156252,331464093,470,111,SRX17721938,44_16S,Illumina MiSeq,SRP346777,PRJNA781615,SRS15251963,SAMN31036836,44_16S,Green turtle hatchling stomach sample,Bacteria,Proteobacteria,Alphaproteobacteria,Sphingomonadales,Sphingomonadaceae,Qipengyuania,uncultured_bacterium
LN560930.1.1379,SRR21726043,0.000156252,331464093,470,111,SRX17721938,44_16S,Illumina MiSeq,SRP346777,PRJNA781615,SRS15251963,SAMN31036836,44_16S,Green turtle hatchling stomach sample,Bacteria,Proteobacteria,Gammaproteobacteria,Pseudomonadales,Pseudomonadaceae,Pseudomonas,uncultured_bacterium
FJ203596.1.1446,SRR21726020,0.000155814,305472186,499,108,SRX17721961,34_16S,Illumina MiSeq,SRP346777,PRJNA781615,SRS15251985,SAMN31036826,34_16S,Green turtle juvenile cloacal swab,Bacteria,Bacteroidota,Bacteroidia,Cytophagales,Cyclobacteriaceae,uncultured,uncultured_bacterium
HM032006.1.1326,SRR21726020,0.000155814,305472186,499,108,SRX17721961,34_16S,Illumina MiSeq,SRP346777,PRJNA781615,SRS15251985,SAMN31036826,34_16S,Green turtle juvenile cloacal swab,Bacteria,Proteobacteria,Alphaproteobacteria,Rhodobacterales,Rhodobacteraceae,Thalassobius,Thalassobius_sp.
HQ218715.1.1464,SRR21726020,0.000155814,305472186,499,108,SRX17721961,34_16S,Illumina MiSeq,SRP346777,PRJNA781615,SRS15251985,SAMN31036826,34_16S,Green turtle juvenile cloacal swab,Bacteria,Proteobacteria,Alphaproteobacteria,Paracaedibacterales,Paracaedibacteraceae,uncultured,uncultured_bacterium
AB302370.1.1363,SRR21726023,0.000154726,340042833,498,113,SRX17721958,31_16S,Illumina MiSeq,SRP346777,PRJNA781615,SRS15251982,SAMN31036823,31_16S,Green turtle hatchling intestine sample,Bacteria,Proteobacteria,Alphaproteobacteria,Rhodobacterales,Rhodobacteraceae,Tropicibacter,Tropicibacter_naphthalenivorans
AB924513.1.1415,SRR21726023,0.000154726,340042833,498,113,SRX17721958,31_16S,Illumina MiSeq,SRP346777,PRJNA781615,SRS15251982,SAMN31036823,31_16S,Green turtle hatchling intestine sample,Bacteria,Bacteroidota,Bacteroidia,Flavobacteriales,Flavobacteriaceae,Wenyingzhuangia,Wenyingzhuangia_heitensis
DQ269090.1.1332,SRR21726023,0.000154726,340042833,498,113,SRX17721958,31_16S,Illumina MiSeq,SRP346777,PRJNA781615,SRS15251982,SAMN31036823,31_16S,Green turtle hatchling intestine sample,Bacteria,Proteobacteria,Alphaproteobacteria,Caulobacterales,Hyphomonadaceae,uncultured,uncultured_Alphaproteobacteria
FJ952772.1.1362,SRR21726023,0.000154726,340042833,498,113,SRX17721958,31_16S,Illumina MiSeq,SRP346777,PRJNA781615,SRS15251982,SAMN31036823,31_16S,Green turtle hatchling intestine sample,Bacteria,Proteobacteria,Gammaproteobacteria,Alteromonadales,Alteromonadaceae,Aestuariibacter,Alteromonadaceae_bacterium
JQ425934.1.1445,SRR21726023,0.000154726,340042833,498,113,SRX17721958,31_16S,Illumina MiSeq,SRP346777,PRJNA781615,SRS15251982,SAMN31036823,31_16S,Green turtle hatchling intestine sample,Bacteria,Proteobacteria,Alphaproteobacteria,Rhizobiales,Xanthobacteraceae,uncultured,uncultured_bacterium
JQ580068.1.1482,SRR21726023,0.000154726,340042833,498,113,SRX17721958,31_16S,Illumina MiSeq,SRP346777,PRJNA781615,SRS15251982,SAMN31036823,31_16S,Green turtle hatchling intestine sample,Bacteria,Bacteroidota,Bacteroidia,Flavobacteriales,Schleiferiaceae,Schleiferia,uncultured_Bacteroidetes
JQ800894.1.1531,SRR21726023,0.000154726,340042833,498,113,SRX17721958,31_16S,Illumina MiSeq,SRP346777,PRJNA781615,SRS15251982,SAMN31036823,31_16S,Green turtle hatchling intestine sample,Bacteria,Gemmatimonadota,BD2-11_terrestrial_group,BD2-11_terrestrial_group,BD2-11_terrestrial_group,BD2-11_terrestrial_group,uncultured_bacterium
JX226794.1.1458,SRR21726023,0.000154726,340042833,498,113,SRX17721958,31_16S,Illumina MiSeq,SRP346777,PRJNA781615,SRS15251982,SAMN31036823,31_16S,Green turtle hatchling intestine sample,Bacteria,Proteobacteria,Alphaproteobacteria,Caedibacterales,Caedibacteraceae,uncultured,uncultured_bacterium
KX170881.1.1398,SRR21726023,0.000154726,340042833,498,113,SRX17721958,31_16S,Illumina MiSeq,SRP346777,PRJNA781615,SRS15251982,SAMN31036823,31_16S,Green turtle hatchling intestine sample,Bacteria,Planctomycetota,Planctomycetes,Pirellulales,Pirellulaceae,Pir4_lineage,uncultured_planctomycete
EU583725.1.1445,SRR21726046,0.000154013,264019405,500,87,SRX17721935,41_16S,Illumina MiSeq,SRP346777,PRJNA781615,SRS15251959,SAMN31036833,41_16S,Green turtle juvenile cloacal swab,Bacteria,Proteobacteria,Gammaproteobacteria,Alteromonadales,Alteromonadaceae,Alteromonas,Alteromonas_halophila
KM203459.1.1200,SRR21726046,0.000154013,264019405,500,87,SRX17721935,41_16S,Illumina MiSeq,SRP346777,PRJNA781615,SRS15251959,SAMN31036833,41_16S,Green turtle juvenile cloacal swab,Bacteria,Proteobacteria,Alphaproteobacteria,Caulobacterales,Hyphomonadaceae,uncultured,uncultured_bacterium
JN479117.1.1347,SRR21726049,0.000153837,398448802,499,134,SRX17721932,38_16S,Illumina MiSeq,SRP346777,PRJNA781615,SRS15251956,SAMN31036830,38_16S,Green turtle juvenile cloacal swab,Bacteria,Proteobacteria,Alphaproteobacteria,Rickettsiales,SM2D12,SM2D12,uncultured_organism
KU042973.1.1435,SRR21726049,0.000153837,398448802,499,134,SRX17721932,38_16S,Illumina MiSeq,SRP346777,PRJNA781615,SRS15251956,SAMN31036830,38_16S,Green turtle juvenile cloacal swab,Bacteria,Proteobacteria,Alphaproteobacteria,Rhodobacterales,Rhodobacteraceae,Rhodobacter,Sinirhodobacter_sp.
JQ580228.1.1500,SRR21726019,0.00015014,338063986,499,119,SRX17721962,35_16S,Illumina MiSeq,SRP346777,PRJNA781615,SRS15251986,SAMN31036827,35_16S,Green turtle juvenile cloacal swab,Bacteria,Myxococcota,Polyangia,Nannocystales,Nannocystaceae,Nannocystis,uncultured_delta
CP018097.1127439.1128857,SRR21726029,0.000149945,383977850,499,131,SRX17721952,30_16S,Illumina MiSeq,SRP346777,PRJNA781615,SRS15251976,SAMN31036822,30_16S,Green turtle hatchling stomach sample,Bacteria,Proteobacteria,Alphaproteobacteria,Sphingomonadales,Sphingomonadaceae,Erythrobacter,Erythrobacter_gangjinensis
DQ800082.1.1285,SRR21726029,0.000149945,383977850,499,131,SRX17721952,30_16S,Illumina MiSeq,SRP346777,PRJNA781615,SRS15251976,SAMN31036822,30_16S,Green turtle hatchling stomach sample,Bacteria,Firmicutes,Clostridia,Oscillospirales,Oscillospiraceae,NK4A214_group,uncultured_bacterium
HM771670.1.1546,SRR21726029,0.000149945,383977850,499,131,SRX17721952,30_16S,Illumina MiSeq,SRP346777,PRJNA781615,SRS15251976,SAMN31036822,30_16S,Green turtle hatchling stomach sample,Bacteria,Firmicutes,Bacilli,Bacillales,Bacillaceae,Bacillus,Bacillus_sp.
JQ716266.1.1485,SRR21726029,0.000149945,383977850,499,131,SRX17721952,30_16S,Illumina MiSeq,SRP346777,PRJNA781615,SRS15251976,SAMN31036822,30_16S,Green turtle hatchling stomach sample,Bacteria,Bacteroidota,Bacteroidia,Cytophagales,Cyclobacteriaceae,Marinoscillum,uncultured_bacterium
JX235673.1.1449,SRR21726029,0.000149945,383977850,499,131,SRX17721952,30_16S,Illumina MiSeq,SRP346777,PRJNA781615,SRS15251976,SAMN31036822,30_16S,Green turtle hatchling stomach sample,Bacteria,Proteobacteria,Alphaproteobacteria,Sphingomonadales,Sphingomonadaceae,Altererythrobacter,Erythrobacter_sp.
KC545300.1.1507,SRR21726029,0.000149945,383977850,499,131,SRX17721952,30_16S,Illumina MiSeq,SRP346777,PRJNA781615,SRS15251976,SAMN31036822,30_16S,Green turtle hatchling stomach sample,Bacteria,Bacteroidota,Bacteroidia,Flavobacteriales,Flavobacteriaceae,Aquimarina,Aquimarina_sp.
KY770084.1.1369,SRR21726029,0.000149945,383977850,499,131,SRX17721952,30_16S,Illumina MiSeq,SRP346777,PRJNA781615,SRS15251976,SAMN31036822,30_16S,Green turtle hatchling stomach sample,Bacteria,Proteobacteria,Alphaproteobacteria,Caulobacterales,Hyphomonadaceae,Hyphomonas,Hyphomonas_sp.
JQ212400.1.1328,SRR21726047,0.000148807,352120514,500,118,SRX17721934,40_16S,Illumina MiSeq,SRP346777,PRJNA781615,SRS15251958,SAMN31036832,40_16S,Green turtle juvenile esophageal swab,Bacteria,Patescibacteria,Gracilibacteria,Absconditabacteriales_(SR1),Absconditabacteriales_(SR1),Absconditabacteriales_(SR1),uncultured_bacterium
CP019698.2687552.2689173,SRR21726043,0.00014844,331464093,470,111,SRX17721938,44_16S,Illumina MiSeq,SRP346777,PRJNA781615,SRS15251963,SAMN31036836,44_16S,Green turtle hatchling stomach sample,Bacteria,Firmicutes,Desulfotomaculia,Desulfotomaculales,Desulfotomaculales,Desulfotomaculum,Desulfotomaculum_ferrireducens
GU257946.1.1354,SRR21726043,0.00014844,331464093,470,111,SRX17721938,44_16S,Illumina MiSeq,SRP346777,PRJNA781615,SRS15251963,SAMN31036836,44_16S,Green turtle hatchling stomach sample,Bacteria,Proteobacteria,Alphaproteobacteria,Rhodobacterales,Rhodobacteraceae,Cereibacter,Cereibacter_changlensis
HQ120146.1.1510,SRR21726043,0.00014844,331464093,470,111,SRX17721938,44_16S,Illumina MiSeq,SRP346777,PRJNA781615,SRS15251963,SAMN31036836,44_16S,Green turtle hatchling stomach sample,Bacteria,Proteobacteria,Gammaproteobacteria,Burkholderiales,Nitrosomonadaceae,MND1,uncultured_bacterium
KC255345.1.1448,SRR21726043,0.00014844,331464093,470,111,SRX17721938,44_16S,Illumina MiSeq,SRP346777,PRJNA781615,SRS15251963,SAMN31036836,44_16S,Green turtle hatchling stomach sample,Bacteria,Proteobacteria,Alphaproteobacteria,Rhizobiales,A0839,A0839,uncultured_bacterium
MG244284.1.1457,SRR21726043,0.00014844,331464093,470,111,SRX17721938,44_16S,Illumina MiSeq,SRP346777,PRJNA781615,SRS15251963,SAMN31036836,44_16S,Green turtle hatchling stomach sample,Bacteria,Proteobacteria,Gammaproteobacteria,Alteromonadales,Alteromonadaceae,uncultured,Alteromonas_sp.
KC238355.1.1521,SRR21726020,0.000148023,305472186,499,108,SRX17721961,34_16S,Illumina MiSeq,SRP346777,PRJNA781615,SRS15251985,SAMN31036826,34_16S,Green turtle juvenile cloacal swab,Bacteria,Myxococcota,Polyangia,Polyangiales,Sandaracinaceae,uncultured,uncultured_bacterium
KF786448.1.1390,SRR21726020,0.000148023,305472186,499,108,SRX17721961,34_16S,Illumina MiSeq,SRP346777,PRJNA781615,SRS15251985,SAMN31036826,34_16S,Green turtle juvenile cloacal swab,Bacteria,Bacteroidota,Bacteroidia,Flavobacteriales,Crocinitomicaceae,Fluviicola,uncultured_Flavobacteriales
AY654808.1.1376,SRR21726023,0.000146989,340042833,498,113,SRX17721958,31_16S,Illumina MiSeq,SRP346777,PRJNA781615,SRS15251982,SAMN31036823,31_16S,Green turtle hatchling intestine sample,Bacteria,Proteobacteria,Alphaproteobacteria,Rhodobacterales,Rhodobacteraceae,Yoonia-Loktanella,mucus_bacterium
FJ457294.1.1371,SRR21726023,0.000146989,340042833,498,113,SRX17721958,31_16S,Illumina MiSeq,SRP346777,PRJNA781615,SRS15251982,SAMN31036823,31_16S,Green turtle hatchling intestine sample,Bacteria,Proteobacteria,Gammaproteobacteria,Oceanospirillales,Halomonadaceae,Cobetia,Cobetia_sp.
KY770281.1.1343,SRR21726023,0.000146989,340042833,498,113,SRX17721958,31_16S,Illumina MiSeq,SRP346777,PRJNA781615,SRS15251982,SAMN31036823,31_16S,Green turtle hatchling intestine sample,Bacteria,Proteobacteria,Alphaproteobacteria,Rhodobacterales,Rhodobacteraceae,Pelagibaca,Pelagibaca_sp.
MG001992.1.1226,SRR21726023,0.000146989,340042833,498,113,SRX17721958,31_16S,Illumina MiSeq,SRP346777,PRJNA781615,SRS15251982,SAMN31036823,31_16S,Green turtle hatchling intestine sample,Bacteria,Bacteroidota,Bacteroidia,Flavobacteriales,Flavobacteriaceae,Actibacter,uncultured_bacterium
MSMP01000073.291.1788,SRR21726023,0.000146989,340042833,498,113,SRX17721958,31_16S,Illumina MiSeq,SRP346777,PRJNA781615,SRS15251982,SAMN31036823,31_16S,Green turtle hatchling intestine sample,Bacteria,Bacteroidota,Bacteroidia,Flavobacteriales,Flavobacteriaceae,Tenacibaculum,Tenacibaculum_sp.
JQ579738.1.1501,SRR21726022,0.000146731,341290243,500,113,SRX17721959,32_16S,Illumina MiSeq,SRP346777,PRJNA781615,SRS15251983,SAMN31036824,32_16S,Green turtle juvenile esophageal swab,Bacteria,Proteobacteria,Gammaproteobacteria,Thiotrichales,Thiotrichaceae,Cocleimonas,uncultured_gamma
AB557547.1.1477,SRR21726046,0.000146679,264019405,500,87,SRX17721935,41_16S,Illumina MiSeq,SRP346777,PRJNA781615,SRS15251959,SAMN31036833,41_16S,Green turtle juvenile cloacal swab,Bacteria,Bacteroidota,Bacteroidia,Flavobacteriales,Flavobacteriaceae,Flavobacteriaceae,Aureicoccus_marinus
JN082691.1.1515,SRR21726029,0.000142053,383977850,499,131,SRX17721952,30_16S,Illumina MiSeq,SRP346777,PRJNA781615,SRS15251976,SAMN31036822,30_16S,Green turtle hatchling stomach sample,Bacteria,Actinobacteriota,Actinobacteria,Corynebacteriales,Corynebacteriaceae,Corynebacterium,uncultured_Corynebacterium
KC009924.1.1486,SRR21726029,0.000142053,383977850,499,131,SRX17721952,30_16S,Illumina MiSeq,SRP346777,PRJNA781615,SRS15251976,SAMN31036822,30_16S,Green turtle hatchling stomach sample,Bacteria,Proteobacteria,Gammaproteobacteria,Cellvibrionales,Porticoccaceae,Porticoccus,uncultured_Porticoccus
KJ754658.1.1344,SRR21726029,0.000142053,383977850,499,131,SRX17721952,30_16S,Illumina MiSeq,SRP346777,PRJNA781615,SRS15251976,SAMN31036822,30_16S,Green turtle hatchling stomach sample,Bacteria,Proteobacteria,Alphaproteobacteria,Rhodobacterales,Rhodobacteraceae,Nautella,uncultured_bacterium
MG309417.1.1435,SRR21726029,0.000142053,383977850,499,131,SRX17721952,30_16S,Illumina MiSeq,SRP346777,PRJNA781615,SRS15251976,SAMN31036822,30_16S,Green turtle hatchling stomach sample,Bacteria,Proteobacteria,Gammaproteobacteria,Pseudomonadales,Moraxellaceae,Psychrobacter,Psychrobacter_sp.
AB083432.1.1484,SRR21726049,0.000142003,398448802,499,134,SRX17721932,38_16S,Illumina MiSeq,SRP346777,PRJNA781615,SRS15251956,SAMN31036830,38_16S,Green turtle juvenile cloacal swab,Bacteria,Myxococcota,Polyangia,Nannocystales,Nannocystaceae,Plesiocystis,Plesiocystis_pacifica
JN119154.1.1384,SRR21726049,0.000142003,398448802,499,134,SRX17721932,38_16S,Illumina MiSeq,SRP346777,PRJNA781615,SRS15251956,SAMN31036830,38_16S,Green turtle juvenile cloacal swab,Bacteria,Proteobacteria,Alphaproteobacteria,Rhodobacterales,Rhodobacteraceae,Tropicimonas,uncultured_marine
JN432932.1.1378,SRR21726049,0.000142003,398448802,499,134,SRX17721932,38_16S,Illumina MiSeq,SRP346777,PRJNA781615,SRS15251956,SAMN31036830,38_16S,Green turtle juvenile cloacal swab,Bacteria,Deinococcota,Deinococci,Deinococcales,Trueperaceae,Truepera,uncultured_organism
KM203459.1.1200,SRR21726049,0.000142003,398448802,499,134,SRX17721932,38_16S,Illumina MiSeq,SRP346777,PRJNA781615,SRS15251956,SAMN31036830,38_16S,Green turtle juvenile cloacal swab,Bacteria,Proteobacteria,Alphaproteobacteria,Caulobacterales,Hyphomonadaceae,uncultured,uncultured_bacterium
DQ537530.1.1278,SRR21726043,0.000140627,331464093,470,111,SRX17721938,44_16S,Illumina MiSeq,SRP346777,PRJNA781615,SRS15251963,SAMN31036836,44_16S,Green turtle hatchling stomach sample,Bacteria,Proteobacteria,Alphaproteobacteria,Rhizobiales,uncultured,uncultured,uncultured_bacterium
HQ405622.1.1428,SRR21726043,0.000140627,331464093,470,111,SRX17721938,44_16S,Illumina MiSeq,SRP346777,PRJNA781615,SRS15251963,SAMN31036836,44_16S,Green turtle hatchling stomach sample,Bacteria,Proteobacteria,Alphaproteobacteria,Rhodobacterales,Rhodobacteraceae,uncultured,bacterium_enrichment
KX576552.1.1394,SRR21726043,0.000140627,331464093,470,111,SRX17721938,44_16S,Illumina MiSeq,SRP346777,PRJNA781615,SRS15251963,SAMN31036836,44_16S,Green turtle hatchling stomach sample,Bacteria,Proteobacteria,Alphaproteobacteria,Rhizobiales,Beijerinckiaceae,Microvirga,Microvirga_ossetica
KY655405.1.1219,SRR21726043,0.000140627,331464093,470,111,SRX17721938,44_16S,Illumina MiSeq,SRP346777,PRJNA781615,SRS15251963,SAMN31036836,44_16S,Green turtle hatchling stomach sample,Bacteria,Proteobacteria,Gammaproteobacteria,Alteromonadales,Pseudoalteromonadaceae,Pseudoalteromonas,Pseudoalteromonas_sp.
LT600520.1.1354,SRR21726043,0.000140627,331464093,470,111,SRX17721938,44_16S,Illumina MiSeq,SRP346777,PRJNA781615,SRS15251963,SAMN31036836,44_16S,Green turtle hatchling stomach sample,Bacteria,Proteobacteria,Gammaproteobacteria,Alteromonadales,Idiomarinaceae,Idiomarina,Idiomarina_fontislapidosi
JX529503.1.1440,SRR21726020,0.000140233,305472186,499,108,SRX17721961,34_16S,Illumina MiSeq,SRP346777,PRJNA781615,SRS15251985,SAMN31036826,34_16S,Green turtle juvenile cloacal swab,Bacteria,Proteobacteria,Gammaproteobacteria,Cellvibrionales,Spongiibacteraceae,BD1-7_clade,uncultured_gamma
GU118611.1.1445,SRR21726019,0.00014013,338063986,499,119,SRX17721962,35_16S,Illumina MiSeq,SRP346777,PRJNA781615,SRS15251986,SAMN31036827,35_16S,Green turtle juvenile cloacal swab,Bacteria,Bacteroidota,Bacteroidia,Cytophagales,Amoebophilaceae,Candidatus_Amoebophilus,uncultured_bacterium
JQ579738.1.1501,SRR21726047,0.000139506,352120514,500,118,SRX17721934,40_16S,Illumina MiSeq,SRP346777,PRJNA781615,SRS15251958,SAMN31036832,40_16S,Green turtle juvenile esophageal swab,Bacteria,Proteobacteria,Gammaproteobacteria,Thiotrichales,Thiotrichaceae,Cocleimonas,uncultured_gamma
AM945658.1.1318,SRR21726046,0.000139345,264019405,500,87,SRX17721935,41_16S,Illumina MiSeq,SRP346777,PRJNA781615,SRS15251959,SAMN31036833,41_16S,Green turtle juvenile cloacal swab,Bacteria,Proteobacteria,Gammaproteobacteria,Oceanospirillales,Alcanivoracaceae1,Alcanivorax,Alcanivorax_sp.
JN885197.1.1384,SRR21726046,0.000139345,264019405,500,87,SRX17721935,41_16S,Illumina MiSeq,SRP346777,PRJNA781615,SRS15251959,SAMN31036833,41_16S,Green turtle juvenile cloacal swab,Bacteria,Proteobacteria,Alphaproteobacteria,Rhodobacterales,Rhodobacteraceae,Yoonia-Loktanella,Yoonia_litorea
KR857645.1.1479,SRR21726046,0.000139345,264019405,500,87,SRX17721935,41_16S,Illumina MiSeq,SRP346777,PRJNA781615,SRS15251959,SAMN31036833,41_16S,Green turtle juvenile cloacal swab,Bacteria,Bacteroidota,Bacteroidia,Flavobacteriales,Crocinitomicaceae,Crocinitomix,uncultured_bacterium
EU188146.1.1493,SRR21726023,0.000139253,340042833,498,113,SRX17721958,31_16S,Illumina MiSeq,SRP346777,PRJNA781615,SRS15251982,SAMN31036823,31_16S,Green turtle hatchling intestine sample,Bacteria,Proteobacteria,Gammaproteobacteria,Alteromonadales,Alteromonadaceae,Catenovulum,uncultured_marine
KU578632.1.1379,SRR21726023,0.000139253,340042833,498,113,SRX17721958,31_16S,Illumina MiSeq,SRP346777,PRJNA781615,SRS15251982,SAMN31036823,31_16S,Green turtle hatchling intestine sample,Bacteria,Bacteroidota,Bacteroidia,Flavobacteriales,Flavobacteriaceae,NS4_marine_group,uncultured_bacterium
AB973384.1.1269,SRR21726051,0.000136697,345760543,484,123,SRX17721930,28_16S,Illumina MiSeq,SRP346777,PRJNA781615,SRS15251954,SAMN31036820,28_16S,Green turtle juvenile cloacal swab,Bacteria,Firmicutes,Clostridia,Clostridiales,Clostridiaceae,Clostridium_sensu_stricto_13,Clostridium_sp.
JN450754.1.1276,SRR21726049,0.000136087,398448802,499,134,SRX17721932,38_16S,Illumina MiSeq,SRP346777,PRJNA781615,SRS15251956,SAMN31036830,38_16S,Green turtle juvenile cloacal swab,Bacteria,Planctomycetota,Planctomycetes,Pirellulales,Pirellulaceae,Rhodopirellula,uncultured_organism
KF786448.1.1390,SRR21726049,0.000136087,398448802,499,134,SRX17721932,38_16S,Illumina MiSeq,SRP346777,PRJNA781615,SRS15251956,SAMN31036830,38_16S,Green turtle juvenile cloacal swab,Bacteria,Bacteroidota,Bacteroidia,Flavobacteriales,Crocinitomicaceae,Fluviicola,uncultured_Flavobacteriales
GQ416769.1.1465,SRR21726040,0.000135746,377927131,499,134,SRX17721941,29_16S,Illumina MiSeq,SRP346777,PRJNA781615,SRS15251965,SAMN31036821,29_16S,Green turtle juvenile cloacal swab,Bacteria,Proteobacteria,Gammaproteobacteria,Enterobacterales,Enterobacteriaceae,Citrobacter,uncultured_Enterobacter
JF412238.1.1442,SRR21726021,0.000134812,345478090,500,115,SRX17721960,33_16S,Illumina MiSeq,SRP346777,PRJNA781615,SRS15251984,SAMN31036825,33_16S,Green turtle juvenile esophageal swab,Bacteria,Proteobacteria,Gammaproteobacteria,Vibrionales,Vibrionaceae,Aliivibrio,Aliivibrio_logei
AB681556.1.1385,SRR21726029,0.000134161,383977850,499,131,SRX17721952,30_16S,Illumina MiSeq,SRP346777,PRJNA781615,SRS15251976,SAMN31036822,30_16S,Green turtle hatchling stomach sample,Bacteria,Proteobacteria,Alphaproteobacteria,Rhodobacterales,Rhodobacteraceae,Paracoccus,Paracoccus_sp.
FJ203198.1.1391,SRR21726029,0.000134161,383977850,499,131,SRX17721952,30_16S,Illumina MiSeq,SRP346777,PRJNA781615,SRS15251976,SAMN31036822,30_16S,Green turtle hatchling stomach sample,Bacteria,Planctomycetota,Planctomycetes,Pirellulales,Pirellulaceae,Pir4_lineage,uncultured_bacterium
JF166678.1.1342,SRR21726029,0.000134161,383977850,499,131,SRX17721952,30_16S,Illumina MiSeq,SRP346777,PRJNA781615,SRS15251976,SAMN31036822,30_16S,Green turtle hatchling stomach sample,Bacteria,Actinobacteriota,Actinobacteria,Kineosporiales,Kineosporiaceae,Quadrisphaera,uncultured_bacterium
JN637779.1.1426,SRR21726029,0.000134161,383977850,499,131,SRX17721952,30_16S,Illumina MiSeq,SRP346777,PRJNA781615,SRS15251976,SAMN31036822,30_16S,Green turtle hatchling stomach sample,Bacteria,Proteobacteria,Alphaproteobacteria,Rhodobacterales,Rhodobacteraceae,Loktanella,uncultured_marine
JQ427490.1.1476,SRR21726029,0.000134161,383977850,499,131,SRX17721952,30_16S,Illumina MiSeq,SRP346777,PRJNA781615,SRS15251976,SAMN31036822,30_16S,Green turtle hatchling stomach sample,Bacteria,Actinobacteriota,Actinobacteria,Euzebyales,Euzebyaceae,uncultured,uncultured_bacterium
JX391739.1.1499,SRR21726029,0.000134161,383977850,499,131,SRX17721952,30_16S,Illumina MiSeq,SRP346777,PRJNA781615,SRS15251976,SAMN31036822,30_16S,Green turtle hatchling stomach sample,Bacteria,Proteobacteria,Gammaproteobacteria,Burkholderiales,Methylophilaceae,Methylotenera,uncultured_bacterium
LN563816.1.1378,SRR21726029,0.000134161,383977850,499,131,SRX17721952,30_16S,Illumina MiSeq,SRP346777,PRJNA781615,SRS15251976,SAMN31036822,30_16S,Green turtle hatchling stomach sample,Bacteria,Actinobacteriota,Thermoleophilia,Solirubrobacterales,67-14,67-14,uncultured_bacterium
AB272325.1.1207,SRR21726045,0.000133578,293530160,484,103,SRX17721936,42_16S,Illumina MiSeq,SRP346777,PRJNA781615,SRS15251960,SAMN31036834,42_16S,Green turtle hatchling stomach sample,Bacteria,Proteobacteria,Gammaproteobacteria,Burkholderiales,Alcaligenaceae,Alcaligenes,Alcaligenes_sp.
JF833868.1.1512,SRR21726043,0.000132815,331464093,470,111,SRX17721938,44_16S,Illumina MiSeq,SRP346777,PRJNA781615,SRS15251963,SAMN31036836,44_16S,Green turtle hatchling stomach sample,Bacteria,Actinobacteriota,Thermoleophilia,Gaiellales,uncultured,uncultured,uncultured_Conexibacter
JQ407984.1.1320,SRR21726043,0.000132815,331464093,470,111,SRX17721938,44_16S,Illumina MiSeq,SRP346777,PRJNA781615,SRS15251963,SAMN31036836,44_16S,Green turtle hatchling stomach sample,Bacteria,Chloroflexi,Chloroflexia,Thermomicrobiales,JG30-KF-CM45,JG30-KF-CM45,uncultured_bacterium
KF100425.1.1329,SRR21726043,0.000132815,331464093,470,111,SRX17721938,44_16S,Illumina MiSeq,SRP346777,PRJNA781615,SRS15251963,SAMN31036836,44_16S,Green turtle hatchling stomach sample,Bacteria,Firmicutes,Clostridia,Peptostreptococcales-Tissierellales,Peptostreptococcales-Tissierellales,Anaerococcus,uncultured_bacterium
KM979145.1.1393,SRR21726043,0.000132815,331464093,470,111,SRX17721938,44_16S,Illumina MiSeq,SRP346777,PRJNA781615,SRS15251963,SAMN31036836,44_16S,Green turtle hatchling stomach sample,Bacteria,Proteobacteria,Gammaproteobacteria,Oceanospirillales,Nitrincolaceae,Marinobacterium,Marinobacterium_sp.
JX015543.1.1515,SRR21726020,0.000132442,305472186,499,108,SRX17721961,34_16S,Illumina MiSeq,SRP346777,PRJNA781615,SRS15251985,SAMN31036826,34_16S,Green turtle juvenile cloacal swab,Bacteria,Bdellovibrionota,Bdellovibrionia,Bacteriovoracales,Bacteriovoracaceae,Peredibacter,uncultured_bacterium
GU234951.1.1387,SRR21726022,0.000132058,341290243,500,113,SRX17721959,32_16S,Illumina MiSeq,SRP346777,PRJNA781615,SRS15251983,SAMN31036824,32_16S,Green turtle juvenile esophageal swab,Bacteria,Bdellovibrionota,Bdellovibrionia,Bacteriovoracales,Bacteriovoracaceae,Peredibacter,uncultured_marine
EU289803.1.1334,SRR21726040,0.000131753,377927131,499,134,SRX17721941,29_16S,Illumina MiSeq,SRP346777,PRJNA781615,SRS15251965,SAMN31036821,29_16S,Green turtle juvenile cloacal swab,Bacteria,Proteobacteria,Alphaproteobacteria,Rhodobacterales,Rhodobacteraceae,Gemmobacter,Gemmobacter_nanjingensis
KC634268.1.1226,SRR21726040,0.000131753,377927131,499,134,SRX17721941,29_16S,Illumina MiSeq,SRP346777,PRJNA781615,SRS15251965,SAMN31036821,29_16S,Green turtle juvenile cloacal swab,Bacteria,Proteobacteria,Alphaproteobacteria,Rhizobiales,Rhizobiaceae,Aquamicrobium,Aquamicrobium_defluvii
AB795493.1.1355,SRR21726023,0.000131517,340042833,498,113,SRX17721958,31_16S,Illumina MiSeq,SRP346777,PRJNA781615,SRS15251982,SAMN31036823,31_16S,Green turtle hatchling intestine sample,Bacteria,Bacteroidota,Kapabacteria,Kapabacteriales,Kapabacteriales,Kapabacteriales,uncultured_bacterium
FPLP01003916.9.1333,SRR21726023,0.000131517,340042833,498,113,SRX17721958,31_16S,Illumina MiSeq,SRP346777,PRJNA781615,SRS15251982,SAMN31036823,31_16S,Green turtle hatchling intestine sample,Bacteria,Firmicutes,Clostridia,Oscillospirales,Ruminococcaceae,Ruminococcus,metagenome
GU201986.1.1485,SRR21726023,0.000131517,340042833,498,113,SRX17721958,31_16S,Illumina MiSeq,SRP346777,PRJNA781615,SRS15251982,SAMN31036823,31_16S,Green turtle hatchling intestine sample,Bacteria,Bacteroidota,Bacteroidia,Flavobacteriales,Weeksellaceae,uncultured,uncultured_bacterium
JF151695.1.1357,SRR21726023,0.000131517,340042833,498,113,SRX17721958,31_16S,Illumina MiSeq,SRP346777,PRJNA781615,SRS15251982,SAMN31036823,31_16S,Green turtle hatchling intestine sample,Bacteria,Firmicutes,Bacilli,Lactobacillales,Aerococcaceae,Aerococcus,uncultured_bacterium
JN591869.1.1500,SRR21726023,0.000131517,340042833,498,113,SRX17721958,31_16S,Illumina MiSeq,SRP346777,PRJNA781615,SRS15251982,SAMN31036823,31_16S,Green turtle hatchling intestine sample,Bacteria,Bdellovibrionota,Oligoflexia,Oligoflexales,uncultured,uncultured,uncultured_proteobacterium
JX240950.1.1416,SRR21726023,0.000131517,340042833,498,113,SRX17721958,31_16S,Illumina MiSeq,SRP346777,PRJNA781615,SRS15251982,SAMN31036823,31_16S,Green turtle hatchling intestine sample,Bacteria,Proteobacteria,Alphaproteobacteria,Rhodobacterales,Rhodobacteraceae,uncultured,uncultured_Alphaproteobacteria
Y14595.1.1448,SRR21726023,0.000131517,340042833,498,113,SRX17721958,31_16S,Illumina MiSeq,SRP346777,PRJNA781615,SRS15251982,SAMN31036823,31_16S,Green turtle hatchling intestine sample,Bacteria,Actinobacteriota,Actinobacteria,Micrococcales,Intrasporangiaceae,Tetrasphaera,Tetrasphaera_veronensis
EU775615.1.1257,SRR21726045,0.000130852,293530160,484,103,SRX17721936,42_16S,Illumina MiSeq,SRP346777,PRJNA781615,SRS15251960,SAMN31036834,42_16S,Green turtle hatchling stomach sample,Bacteria,Firmicutes,Clostridia,Peptostreptococcales-Tissierellales,Peptostreptococcaceae,Romboutsia,uncultured_bacterium
KM347966.1.1440,SRR21726047,0.000130206,352120514,500,118,SRX17721934,40_16S,Illumina MiSeq,SRP346777,PRJNA781615,SRS15251958,SAMN31036832,40_16S,Green turtle juvenile esophageal swab,Bacteria,Proteobacteria,Alphaproteobacteria,Rhodobacterales,Rhodobacteraceae,Roseovarius,Roseovarius_antarcticus
KP261821.1.1393,SRR21726047,0.000130206,352120514,500,118,SRX17721934,40_16S,Illumina MiSeq,SRP346777,PRJNA781615,SRS15251958,SAMN31036832,40_16S,Green turtle juvenile esophageal swab,Bacteria,Proteobacteria,Alphaproteobacteria,Rhodobacterales,Rhodobacteraceae,Aliiroseovarius,Pseudoroseovarius_zhejiangensis
JF272132.1.1423,SRR21726049,0.00013017,398448802,499,134,SRX17721932,38_16S,Illumina MiSeq,SRP346777,PRJNA781615,SRS15251956,SAMN31036830,38_16S,Green turtle juvenile cloacal swab,Bacteria,Proteobacteria,Alphaproteobacteria,Rhodobacterales,Rhodobacteraceae,Lentibacter,uncultured_bacterium
FJ425610.1.1390,SRR21726019,0.000130121,338063986,499,119,SRX17721962,35_16S,Illumina MiSeq,SRP346777,PRJNA781615,SRS15251986,SAMN31036827,35_16S,Green turtle juvenile cloacal swab,Bacteria,Bdellovibrionota,Bdellovibrionia,Bdellovibrionales,Bdellovibrionaceae,OM27_clade,uncultured_proteobacterium
JX878996.1.1453,SRR21726019,0.000130121,338063986,499,119,SRX17721962,35_16S,Illumina MiSeq,SRP346777,PRJNA781615,SRS15251986,SAMN31036827,35_16S,Green turtle juvenile cloacal swab,Bacteria,Proteobacteria,Gammaproteobacteria,Cellvibrionales,Cellvibrionaceae,Agaribacterium,uncultured_bacterium
KF037597.1.1521,SRR21726019,0.000130121,338063986,499,119,SRX17721962,35_16S,Illumina MiSeq,SRP346777,PRJNA781615,SRS15251986,SAMN31036827,35_16S,Green turtle juvenile cloacal swab,Bacteria,Acidobacteriota,Vicinamibacteria,Vicinamibacterales,Vicinamibacteraceae,Luteitalea,uncultured_bacterium
KR995237.1.1321,SRR21726019,0.000130121,338063986,499,119,SRX17721962,35_16S,Illumina MiSeq,SRP346777,PRJNA781615,SRS15251986,SAMN31036827,35_16S,Green turtle juvenile cloacal swab,Bacteria,Actinobacteriota,Actinobacteria,Corynebacteriales,Mycobacteriaceae,Mycobacterium,Mycobacterium_fortuitum
FJ497473.1.1448,SRR21726029,0.00012627,383977850,499,131,SRX17721952,30_16S,Illumina MiSeq,SRP346777,PRJNA781615,SRS15251976,SAMN31036822,30_16S,Green turtle hatchling stomach sample,Bacteria,Bacteroidota,Bacteroidia,Bacteroidales,Prolixibacteraceae,Draconibacterium,uncultured_Bacteroidetes
KY655353.1.1207,SRR21726029,0.00012627,383977850,499,131,SRX17721952,30_16S,Illumina MiSeq,SRP346777,PRJNA781615,SRS15251976,SAMN31036822,30_16S,Green turtle hatchling stomach sample,Bacteria,Proteobacteria,Gammaproteobacteria,Alteromonadales,Alteromonadaceae,Alteromonas,Alteromonas_sp.
CU919030.1.1332,SRR21726043,0.000125002,331464093,470,111,SRX17721938,44_16S,Illumina MiSeq,SRP346777,PRJNA781615,SRS15251963,SAMN31036836,44_16S,Green turtle hatchling stomach sample,Bacteria,Synergistota,Synergistia,Synergistales,Synergistaceae,uncultured,uncultured_bacterium
FJ479133.1.1444,SRR21726043,0.000125002,331464093,470,111,SRX17721938,44_16S,Illumina MiSeq,SRP346777,PRJNA781615,SRS15251963,SAMN31036836,44_16S,Green turtle hatchling stomach sample,Bacteria,Proteobacteria,Alphaproteobacteria,Rhizobiales,Hyphomicrobiaceae,Pedomicrobium,uncultured_bacterium
JX079376.1.1541,SRR21726043,0.000125002,331464093,470,111,SRX17721938,44_16S,Illumina MiSeq,SRP346777,PRJNA781615,SRS15251963,SAMN31036836,44_16S,Green turtle hatchling stomach sample,Bacteria,Actinobacteriota,Thermoleophilia,Solirubrobacterales,67-14,67-14,uncultured_Solirubrobacter
JYMV01012758.1039.2521,SRR21726043,0.000125002,331464093,470,111,SRX17721938,44_16S,Illumina MiSeq,SRP346777,PRJNA781615,SRS15251963,SAMN31036836,44_16S,Green turtle hatchling stomach sample,Bacteria,WPS-2,WPS-2,WPS-2,WPS-2,WPS-2,hydrothermal_vent
KM650561.1.1446,SRR21726043,0.000125002,331464093,470,111,SRX17721938,44_16S,Illumina MiSeq,SRP346777,PRJNA781615,SRS15251963,SAMN31036836,44_16S,Green turtle hatchling stomach sample,Bacteria,Bacteroidota,Bacteroidia,Flavobacteriales,Flavobacteriaceae,Flavobacterium,uncultured_Bacteroidetes
KT905796.1.1513,SRR21726043,0.000125002,331464093,470,111,SRX17721938,44_16S,Illumina MiSeq,SRP346777,PRJNA781615,SRS15251963,SAMN31036836,44_16S,Green turtle hatchling stomach sample,Bacteria,Actinobacteriota,Actinobacteria,Euzebyales,Euzebyaceae,Euzebya,uncultured_bacterium
FJ203061.1.1444,SRR21726020,0.000124651,305472186,499,108,SRX17721961,34_16S,Illumina MiSeq,SRP346777,PRJNA781615,SRS15251985,SAMN31036826,34_16S,Green turtle juvenile cloacal swab,Bacteria,Bacteroidota,Bacteroidia,Flavobacteriales,NS7_marine_group,NS7_marine_group,uncultured_bacterium
CP019437.43309.44781,SRR21726049,0.000124253,398448802,499,134,SRX17721932,38_16S,Illumina MiSeq,SRP346777,PRJNA781615,SRS15251956,SAMN31036830,38_16S,Green turtle juvenile cloacal swab,Bacteria,Proteobacteria,Alphaproteobacteria,Rhodobacterales,Rhodobacteraceae,Thioclava,Thioclava_nitratireducens
JN885197.1.1384,SRR21726049,0.000124253,398448802,499,134,SRX17721932,38_16S,Illumina MiSeq,SRP346777,PRJNA781615,SRS15251956,SAMN31036830,38_16S,Green turtle juvenile cloacal swab,Bacteria,Proteobacteria,Alphaproteobacteria,Rhodobacterales,Rhodobacteraceae,Yoonia-Loktanella,Yoonia_litorea
AB377289.1.1455,SRR21726023,0.000123781,340042833,498,113,SRX17721958,31_16S,Illumina MiSeq,SRP346777,PRJNA781615,SRS15251982,SAMN31036823,31_16S,Green turtle hatchling intestine sample,Bacteria,Actinobacteriota,Actinobacteria,Corynebacteriales,Dietziaceae,Dietzia,Dietzia_timorensis
FJ203426.1.1443,SRR21726023,0.000123781,340042833,498,113,SRX17721958,31_16S,Illumina MiSeq,SRP346777,PRJNA781615,SRS15251982,SAMN31036823,31_16S,Green turtle hatchling intestine sample,Bacteria,Bacteroidota,Bacteroidia,Flavobacteriales,Flavobacteriaceae,Gilvibacter,uncultured_bacterium
FJ516825.1.1517,SRR21726023,0.000123781,340042833,498,113,SRX17721958,31_16S,Illumina MiSeq,SRP346777,PRJNA781615,SRS15251982,SAMN31036823,31_16S,Green turtle hatchling intestine sample,Bacteria,NB1-j,NB1-j,NB1-j,NB1-j,NB1-j,uncultured_delta
FR687484.1.1510,SRR21726023,0.000123781,340042833,498,113,SRX17721958,31_16S,Illumina MiSeq,SRP346777,PRJNA781615,SRS15251982,SAMN31036823,31_16S,Green turtle hatchling intestine sample,Bacteria,Firmicutes,Bacilli,Alicyclobacillales,Alicyclobacillaceae,Tumebacillus,uncultured_bacterium
JN535091.1.1463,SRR21726023,0.000123781,340042833,498,113,SRX17721958,31_16S,Illumina MiSeq,SRP346777,PRJNA781615,SRS15251982,SAMN31036823,31_16S,Green turtle hatchling intestine sample,Bacteria,Proteobacteria,Gammaproteobacteria,Gammaproteobacteria_Incertae_Sedis,Unknown_Family,uncultured,uncultured_organism
JQ215886.1.1380,SRR21726023,0.000123781,340042833,498,113,SRX17721958,31_16S,Illumina MiSeq,SRP346777,PRJNA781615,SRS15251982,SAMN31036823,31_16S,Green turtle hatchling intestine sample,Bacteria,Desulfobacterota,Desulfuromonadia,Bradymonadales,Bradymonadales,Bradymonadales,uncultured_bacterium
KC527459.1.1244,SRR21726023,0.000123781,340042833,498,113,SRX17721958,31_16S,Illumina MiSeq,SRP346777,PRJNA781615,SRS15251982,SAMN31036823,31_16S,Green turtle hatchling intestine sample,Bacteria,Proteobacteria,Gammaproteobacteria,Vibrionales,Vibrionaceae,Vibrio,uncultured_bacterium
KF146513.1.1433,SRR21726023,0.000123781,340042833,498,113,SRX17721958,31_16S,Illumina MiSeq,SRP346777,PRJNA781615,SRS15251982,SAMN31036823,31_16S,Green turtle hatchling intestine sample,Bacteria,Proteobacteria,Alphaproteobacteria,Rhodobacterales,Rhodobacteraceae,Thioclava,Thioclava_pacifica
KF741414.1.1494,SRR21726023,0.000123781,340042833,498,113,SRX17721958,31_16S,Illumina MiSeq,SRP346777,PRJNA781615,SRS15251982,SAMN31036823,31_16S,Green turtle hatchling intestine sample,Bacteria,Proteobacteria,Gammaproteobacteria,Cellvibrionales,Cellvibrionaceae,Cellvibrionaceae,uncultured_bacterium
KP159347.1.1466,SRR21726023,0.000123781,340042833,498,113,SRX17721958,31_16S,Illumina MiSeq,SRP346777,PRJNA781615,SRS15251982,SAMN31036823,31_16S,Green turtle hatchling intestine sample,Bacteria,Firmicutes,Bacilli,Bacillales,Bacillaceae,Salimicrobium,Salimicrobium_sp.
KT952707.1.1510,SRR21726023,0.000123781,340042833,498,113,SRX17721958,31_16S,Illumina MiSeq,SRP346777,PRJNA781615,SRS15251982,SAMN31036823,31_16S,Green turtle hatchling intestine sample,Bacteria,Desulfobacterota,Desulfobulbia,Desulfobulbales,Desulfocapsaceae,[Desulfobacterium]_catecholicum_group,uncultured_bacterium
KY190821.1.1456,SRR21726023,0.000123781,340042833,498,113,SRX17721958,31_16S,Illumina MiSeq,SRP346777,PRJNA781615,SRS15251982,SAMN31036823,31_16S,Green turtle hatchling intestine sample,Bacteria,Proteobacteria,Gammaproteobacteria,Cellvibrionales,Halieaceae,Marimicrobium,uncultured_bacterium
KY397883.1.1434,SRR21726023,0.000123781,340042833,498,113,SRX17721958,31_16S,Illumina MiSeq,SRP346777,PRJNA781615,SRS15251982,SAMN31036823,31_16S,Green turtle hatchling intestine sample,Bacteria,Bacteroidota,Bacteroidia,Flavobacteriales,Flavobacteriaceae,Nonlabens,Nonlabens_sp.
MG009002.1.1267,SRR21726023,0.000123781,340042833,498,113,SRX17721958,31_16S,Illumina MiSeq,SRP346777,PRJNA781615,SRS15251982,SAMN31036823,31_16S,Green turtle hatchling intestine sample,Bacteria,Actinobacteriota,Actinobacteria,Streptomycetales,Streptomycetaceae,Streptomyces,Streptomyces_sanglieri
MF928231.1.1340,SRR21726045,0.000122674,293530160,484,103,SRX17721936,42_16S,Illumina MiSeq,SRP346777,PRJNA781615,SRS15251960,SAMN31036834,42_16S,Green turtle hatchling stomach sample,Bacteria,Proteobacteria,Gammaproteobacteria,Alteromonadales,Shewanellaceae,Shewanella,Shewanella_indica
EU463727.1.1387,SRR21726019,0.000120112,338063986,499,119,SRX17721962,35_16S,Illumina MiSeq,SRP346777,PRJNA781615,SRS15251986,SAMN31036827,35_16S,Green turtle juvenile cloacal swab,Bacteria,Firmicutes,Clostridia,Lachnospirales,Lachnospiraceae,Lachnospiraceae_AC2044_group,uncultured_bacterium
CP015731.514883.516452,SRR21726048,0.000119756,339853596,500,116,SRX17721933,39_16S,Illumina MiSeq,SRP346777,PRJNA781615,SRS15251957,SAMN31036831,39_16S,Green turtle juvenile esophageal swab,Bacteria,Firmicutes,Bacilli,Exiguobacterales,Exiguobacteraceae,Exiguobacterium,Exiguobacterium_sp.
EU246821.1.1399,SRR21726048,0.000119756,339853596,500,116,SRX17721933,39_16S,Illumina MiSeq,SRP346777,PRJNA781615,SRS15251957,SAMN31036831,39_16S,Green turtle juvenile esophageal swab,Bacteria,Bacteroidota,Bacteroidia,Flavobacteriales,Crocinitomicaceae,Crocinitomix,uncultured_Bacteroidetes
JQ216807.1.1285,SRR21726048,0.000119756,339853596,500,116,SRX17721933,39_16S,Illumina MiSeq,SRP346777,PRJNA781615,SRS15251957,SAMN31036831,39_16S,Green turtle juvenile esophageal swab,Bacteria,Proteobacteria,Alphaproteobacteria,Rhodobacterales,Rhodobacteraceae,Maritimibacter,uncultured_bacterium
KF786519.1.1376,SRR21726048,0.000119756,339853596,500,116,SRX17721933,39_16S,Illumina MiSeq,SRP346777,PRJNA781615,SRS15251957,SAMN31036831,39_16S,Green turtle juvenile esophageal swab,Bacteria,Myxococcota,Polyangia,Nannocystales,Nannocystaceae,uncultured,uncultured_delta
AM295256.1.1418,SRR21726029,0.000118378,383977850,499,131,SRX17721952,30_16S,Illumina MiSeq,SRP346777,PRJNA781615,SRS15251976,SAMN31036822,30_16S,Green turtle hatchling stomach sample,Bacteria,Bacteroidota,Bacteroidia,Chitinophagales,Saprospiraceae,Lewinella,Lewinella_persica
AM889174.1.1509,SRR21726029,0.000118378,383977850,499,131,SRX17721952,30_16S,Illumina MiSeq,SRP346777,PRJNA781615,SRS15251976,SAMN31036822,30_16S,Green turtle hatchling stomach sample,Bacteria,Proteobacteria,Gammaproteobacteria,Gammaproteobacteria_Incertae_Sedis,Unknown_Family,uncultured,uncultured_bacterium
EU237340.1.1347,SRR21726029,0.000118378,383977850,499,131,SRX17721952,30_16S,Illumina MiSeq,SRP346777,PRJNA781615,SRS15251976,SAMN31036822,30_16S,Green turtle hatchling stomach sample,Bacteria,Actinobacteriota,Acidimicrobiia,Actinomarinales,Actinomarinaceae,Candidatus_Actinomarina,uncultured_bacterium
FJ792184.1.1379,SRR21726029,0.000118378,383977850,499,131,SRX17721952,30_16S,Illumina MiSeq,SRP346777,PRJNA781615,SRS15251976,SAMN31036822,30_16S,Green turtle hatchling stomach sample,Bacteria,Bacteroidota,Bacteroidia,Flavobacteriales,Flavobacteriaceae,Muricauda,uncultured_bacterium
JN494200.1.1460,SRR21726029,0.000118378,383977850,499,131,SRX17721952,30_16S,Illumina MiSeq,SRP346777,PRJNA781615,SRS15251976,SAMN31036822,30_16S,Green turtle hatchling stomach sample,Bacteria,Planctomycetota,Planctomycetes,Pirellulales,Pirellulaceae,Pirellula,uncultured_organism
JX843650.1.1480,SRR21726029,0.000118378,383977850,499,131,SRX17721952,30_16S,Illumina MiSeq,SRP346777,PRJNA781615,SRS15251976,SAMN31036822,30_16S,Green turtle hatchling stomach sample,Bacteria,Firmicutes,Clostridia,Peptostreptococcales-Tissierellales,Anaerovoracaceae,S5-A14a,uncultured_bacterium
KC545280.1.1519,SRR21726029,0.000118378,383977850,499,131,SRX17721952,30_16S,Illumina MiSeq,SRP346777,PRJNA781615,SRS15251976,SAMN31036822,30_16S,Green turtle hatchling stomach sample,Bacteria,Bacteroidota,Bacteroidia,Flavobacteriales,Flavobacteriaceae,Hyunsoonleella,Jejuia_sp.
KF786519.1.1376,SRR21726029,0.000118378,383977850,499,131,SRX17721952,30_16S,Illumina MiSeq,SRP346777,PRJNA781615,SRS15251976,SAMN31036822,30_16S,Green turtle hatchling stomach sample,Bacteria,Myxococcota,Polyangia,Nannocystales,Nannocystaceae,uncultured,uncultured_delta
LN563937.1.1320,SRR21726029,0.000118378,383977850,499,131,SRX17721952,30_16S,Illumina MiSeq,SRP346777,PRJNA781615,SRS15251976,SAMN31036822,30_16S,Green turtle hatchling stomach sample,Bacteria,Proteobacteria,Alphaproteobacteria,Sphingomonadales,Sphingomonadaceae,Novosphingobium,uncultured_bacterium
JN531099.1.1318,SRR21726049,0.000118336,398448802,499,134,SRX17721932,38_16S,Illumina MiSeq,SRP346777,PRJNA781615,SRS15251956,SAMN31036830,38_16S,Green turtle juvenile cloacal swab,Bacteria,Bacteroidota,Bacteroidia,Flavobacteriales,Flavobacteriaceae,Winogradskyella,uncultured_organism
GU117926.1.1383,SRR21726046,0.000117343,264019405,500,87,SRX17721935,41_16S,Illumina MiSeq,SRP346777,PRJNA781615,SRS15251959,SAMN31036833,41_16S,Green turtle juvenile cloacal swab,Bacteria,Proteobacteria,Alphaproteobacteria,Rhodobacterales,Rhodobacteraceae,Tateyamaria,uncultured_bacterium
JF421207.1.1489,SRR21726046,0.000117343,264019405,500,87,SRX17721935,41_16S,Illumina MiSeq,SRP346777,PRJNA781615,SRS15251959,SAMN31036833,41_16S,Green turtle juvenile cloacal swab,Bacteria,Actinobacteriota,Acidimicrobiia,Microtrichales,uncultured,uncultured,uncultured_actinobacterium
AM945658.1.1318,SRR21726043,0.000117189,331464093,470,111,SRX17721938,44_16S,Illumina MiSeq,SRP346777,PRJNA781615,SRS15251963,SAMN31036836,44_16S,Green turtle hatchling stomach sample,Bacteria,Proteobacteria,Gammaproteobacteria,Oceanospirillales,Alcanivoracaceae1,Alcanivorax,Alcanivorax_sp.
HF922313.1.1503,SRR21726043,0.000117189,331464093,470,111,SRX17721938,44_16S,Illumina MiSeq,SRP346777,PRJNA781615,SRS15251963,SAMN31036836,44_16S,Green turtle hatchling stomach sample,Bacteria,Actinobacteriota,Acidimicrobiia,Microtrichales,Microtrichaceae,IMCC26207,uncultured_bacterium
HQ396971.1.1493,SRR21726043,0.000117189,331464093,470,111,SRX17721938,44_16S,Illumina MiSeq,SRP346777,PRJNA781615,SRS15251963,SAMN31036836,44_16S,Green turtle hatchling stomach sample,Bacteria,Bacteroidota,Bacteroidia,Flavobacteriales,Flavobacteriaceae,Gramella,uncultured_Gramella
JQ337710.1.1408,SRR21726043,0.000117189,331464093,470,111,SRX17721938,44_16S,Illumina MiSeq,SRP346777,PRJNA781615,SRS15251963,SAMN31036836,44_16S,Green turtle hatchling stomach sample,Bacteria,Sumerlaeota,Sumerlaeia,Sumerlaeales,Sumerlaeaceae,Sumerlaea,uncultured_bacterium
MH283852.1.1381,SRR21726043,0.000117189,331464093,470,111,SRX17721938,44_16S,Illumina MiSeq,SRP346777,PRJNA781615,SRS15251963,SAMN31036836,44_16S,Green turtle hatchling stomach sample,Bacteria,Proteobacteria,Alphaproteobacteria,Rhizobiales,Stappiaceae,Labrenzia,Labrenzia_alexandrii
AB735546.1.1462,SRR21726020,0.000116861,305472186,499,108,SRX17721961,34_16S,Illumina MiSeq,SRP346777,PRJNA781615,SRS15251985,SAMN31036826,34_16S,Green turtle juvenile cloacal swab,Bacteria,Proteobacteria,Gammaproteobacteria,Salinisphaerales,Salinisphaeraceae,Salinisphaera,Salinisphaera_japonica
CETR01020241.2.1319,SRR21726020,0.000116861,305472186,499,108,SRX17721961,34_16S,Illumina MiSeq,SRP346777,PRJNA781615,SRS15251985,SAMN31036826,34_16S,Green turtle juvenile cloacal swab,Bacteria,Myxococcota,Polyangia,Polyangiales,Sandaracinaceae,uncultured,marine_metagenome
CP014596.1111801.1113267,SRR21726020,0.000116861,305472186,499,108,SRX17721961,34_16S,Illumina MiSeq,SRP346777,PRJNA781615,SRS15251985,SAMN31036826,34_16S,Green turtle juvenile cloacal swab,Bacteria,Proteobacteria,Alphaproteobacteria,Rhodobacterales,Rhodobacteraceae,Yangia,Yangia_sp.
DQ269081.1.1377,SRR21726020,0.000116861,305472186,499,108,SRX17721961,34_16S,Illumina MiSeq,SRP346777,PRJNA781615,SRS15251985,SAMN31036826,34_16S,Green turtle juvenile cloacal swab,Bacteria,Actinobacteriota,Acidimicrobiia,Microtrichales,Microtrichaceae,Sva0996_marine_group,uncultured_actinobacterium
FJ203198.1.1391,SRR21726020,0.000116861,305472186,499,108,SRX17721961,34_16S,Illumina MiSeq,SRP346777,PRJNA781615,SRS15251985,SAMN31036826,34_16S,Green turtle juvenile cloacal swab,Bacteria,Planctomycetota,Planctomycetes,Pirellulales,Pirellulaceae,Pir4_lineage,uncultured_bacterium
JN531158.1.1381,SRR21726020,0.000116861,305472186,499,108,SRX17721961,34_16S,Illumina MiSeq,SRP346777,PRJNA781615,SRS15251985,SAMN31036826,34_16S,Green turtle juvenile cloacal swab,Bacteria,Bacteroidota,Bacteroidia,Cytophagales,Cyclobacteriaceae,Ekhidna,uncultured_organism
KT799837.1.1507,SRR21726020,0.000116861,305472186,499,108,SRX17721961,34_16S,Illumina MiSeq,SRP346777,PRJNA781615,SRS15251985,SAMN31036826,34_16S,Green turtle juvenile cloacal swab,Bacteria,Fusobacteriota,Fusobacteriia,Fusobacteriales,Fusobacteriaceae,Fusobacterium,Fusobacteriaceae_bacterium
KT989776.1.1285,SRR21726020,0.000116861,305472186,499,108,SRX17721961,34_16S,Illumina MiSeq,SRP346777,PRJNA781615,SRS15251985,SAMN31036826,34_16S,Green turtle juvenile cloacal swab,Bacteria,Proteobacteria,Gammaproteobacteria,Oceanospirillales,Halomonadaceae,Chromohalobacter,Chromohalobacter_salexigens
DQ984552.1.1433,SRR21726023,0.000116044,340042833,498,113,SRX17721958,31_16S,Illumina MiSeq,SRP346777,PRJNA781615,SRS15251982,SAMN31036823,31_16S,Green turtle hatchling intestine sample,Bacteria,Acidobacteriota,Acidobacteriae,Bryobacterales,Bryobacteraceae,Bryobacter,uncultured_bacterium
EU600204.1.1507,SRR21726023,0.000116044,340042833,498,113,SRX17721958,31_16S,Illumina MiSeq,SRP346777,PRJNA781615,SRS15251982,SAMN31036823,31_16S,Green turtle hatchling intestine sample,Bacteria,Proteobacteria,Gammaproteobacteria,Alteromonadales,Idiomarinaceae,Idiomarina,Pseudidiomarina_donghaiensis
EU937754.1.1432,SRR21726023,0.000116044,340042833,498,113,SRX17721958,31_16S,Illumina MiSeq,SRP346777,PRJNA781615,SRS15251982,SAMN31036823,31_16S,Green turtle hatchling intestine sample,Bacteria,Proteobacteria,Gammaproteobacteria,Oceanospirillales,Halomonadaceae,Salinicola,Haererehalobacter_sp.
JN532946.1.1412,SRR21726023,0.000116044,340042833,498,113,SRX17721958,31_16S,Illumina MiSeq,SRP346777,PRJNA781615,SRS15251982,SAMN31036823,31_16S,Green turtle hatchling intestine sample,Bacteria,Proteobacteria,Alphaproteobacteria,Rhodobacterales,Rhodobacteraceae,Roseovarius,uncultured_organism
JX529120.1.1423,SRR21726023,0.000116044,340042833,498,113,SRX17721958,31_16S,Illumina MiSeq,SRP346777,PRJNA781615,SRS15251982,SAMN31036823,31_16S,Green turtle hatchling intestine sample,Bacteria,Bacteroidota,Bacteroidia,Flavobacteriales,Crocinitomicaceae,Crocinitomix,uncultured_Crocinitomix
KC872791.1.1339,SRR21726023,0.000116044,340042833,498,113,SRX17721958,31_16S,Illumina MiSeq,SRP346777,PRJNA781615,SRS15251982,SAMN31036823,31_16S,Green turtle hatchling intestine sample,Bacteria,Proteobacteria,Alphaproteobacteria,Rhodospirillales,AEGEAN-169_marine_group,AEGEAN-169_marine_group,uncultured_bacterium
KF385496.1.1389,SRR21726023,0.000116044,340042833,498,113,SRX17721958,31_16S,Illumina MiSeq,SRP346777,PRJNA781615,SRS15251982,SAMN31036823,31_16S,Green turtle hatchling intestine sample,Bacteria,Bacteroidota,Bacteroidia,Chitinophagales,Saprospiraceae,Lewinella,Lewinella_maritima
LT996923.1.1446,SRR21726045,0.000114495,293530160,484,103,SRX17721936,42_16S,Illumina MiSeq,SRP346777,PRJNA781615,SRS15251960,SAMN31036834,42_16S,Green turtle hatchling stomach sample,Bacteria,Actinobacteriota,Actinobacteria,Micrococcales,Micrococcaceae,Glutamicibacter,Glutamicibacter_mysorens
JF703534.1.1429,SRR21726051,0.000113359,345760543,484,123,SRX17721930,28_16S,Illumina MiSeq,SRP346777,PRJNA781615,SRS15251954,SAMN31036820,28_16S,Green turtle juvenile cloacal swab,Bacteria,Planctomycetota,Planctomycetes,Pirellulales,Pirellulaceae,Pirellula,uncultured_Planctomycetaceae
AB795493.1.1355,SRR21726049,0.000112419,398448802,499,134,SRX17721932,38_16S,Illumina MiSeq,SRP346777,PRJNA781615,SRS15251956,SAMN31036830,38_16S,Green turtle juvenile cloacal swab,Bacteria,Bacteroidota,Kapabacteria,Kapabacteriales,Kapabacteriales,Kapabacteriales,uncultured_bacterium
KP410680.1.1399,SRR21726049,0.000112419,398448802,499,134,SRX17721932,38_16S,Illumina MiSeq,SRP346777,PRJNA781615,SRS15251956,SAMN31036830,38_16S,Green turtle juvenile cloacal swab,Bacteria,Proteobacteria,Alphaproteobacteria,Rhodobacterales,Rhodobacteraceae,Roseovarius,Ruegeria_sp.
JQ958859.1.1271,SRR21726045,0.000111769,293530160,484,103,SRX17721936,42_16S,Illumina MiSeq,SRP346777,PRJNA781615,SRS15251960,SAMN31036834,42_16S,Green turtle hatchling stomach sample,Bacteria,Actinobacteriota,Actinobacteria,Micrococcales,Microbacteriaceae,Microbacterium,Microbacterium_esteraromaticum
FJ792184.1.1379,SRR21726047,0.000111605,352120514,500,118,SRX17721934,40_16S,Illumina MiSeq,SRP346777,PRJNA781615,SRS15251958,SAMN31036832,40_16S,Green turtle juvenile esophageal swab,Bacteria,Bacteroidota,Bacteroidia,Flavobacteriales,Flavobacteriaceae,Muricauda,uncultured_bacterium
AB212806.1.1456,SRR21726029,0.000110486,383977850,499,131,SRX17721952,30_16S,Illumina MiSeq,SRP346777,PRJNA781615,SRS15251976,SAMN31036822,30_16S,Green turtle hatchling stomach sample,Bacteria,Proteobacteria,Gammaproteobacteria,Cellvibrionales,Halieaceae,OM60(NOR5)_clade,gamma_proteobacterium
AY193154.1.1445,SRR21726029,0.000110486,383977850,499,131,SRX17721952,30_16S,Illumina MiSeq,SRP346777,PRJNA781615,SRS15251976,SAMN31036822,30_16S,Green turtle hatchling stomach sample,Bacteria,Bacteroidota,Bacteroidia,Chitinophagales,Saprospiraceae,Lewinella,uncultured_Bacteroidetes
JQ215733.1.1343,SRR21726029,0.000110486,383977850,499,131,SRX17721952,30_16S,Illumina MiSeq,SRP346777,PRJNA781615,SRS15251976,SAMN31036822,30_16S,Green turtle hatchling stomach sample,Bacteria,Bacteroidota,Bacteroidia,Flavobacteriales,Weeksellaceae,Ornithobacterium,uncultured_bacterium
KF318254.1.1394,SRR21726029,0.000110486,383977850,499,131,SRX17721952,30_16S,Illumina MiSeq,SRP346777,PRJNA781615,SRS15251976,SAMN31036822,30_16S,Green turtle hatchling stomach sample,Bacteria,Firmicutes,Clostridia,Oscillospirales,Ruminococcaceae,Fournierella,uncultured_Firmicutes
KF786448.1.1390,SRR21726029,0.000110486,383977850,499,131,SRX17721952,30_16S,Illumina MiSeq,SRP346777,PRJNA781615,SRS15251976,SAMN31036822,30_16S,Green turtle hatchling stomach sample,Bacteria,Bacteroidota,Bacteroidia,Flavobacteriales,Crocinitomicaceae,Fluviicola,uncultured_Flavobacteriales
KT799837.1.1507,SRR21726029,0.000110486,383977850,499,131,SRX17721952,30_16S,Illumina MiSeq,SRP346777,PRJNA781615,SRS15251976,SAMN31036822,30_16S,Green turtle hatchling stomach sample,Bacteria,Fusobacteriota,Fusobacteriia,Fusobacteriales,Fusobacteriaceae,Fusobacterium,Fusobacteriaceae_bacterium
KY053180.1.1383,SRR21726029,0.000110486,383977850,499,131,SRX17721952,30_16S,Illumina MiSeq,SRP346777,PRJNA781615,SRS15251976,SAMN31036822,30_16S,Green turtle hatchling stomach sample,Bacteria,Bacteroidota,Bacteroidia,Flavobacteriales,Flavobacteriaceae,Mangrovimonas,Bacteroidetes_bacterium
AB550799.1.1473,SRR21726019,0.000110102,338063986,499,119,SRX17721962,35_16S,Illumina MiSeq,SRP346777,PRJNA781615,SRS15251986,SAMN31036827,35_16S,Green turtle juvenile cloacal swab,Bacteria,Actinobacteriota,Actinobacteria,Micrococcales,Dermatophilaceae,Piscicoccus,Piscicoccus_intestinalis
FJ203007.1.1469,SRR21726019,0.000110102,338063986,499,119,SRX17721962,35_16S,Illumina MiSeq,SRP346777,PRJNA781615,SRS15251986,SAMN31036827,35_16S,Green turtle juvenile cloacal swab,Bacteria,Proteobacteria,Gammaproteobacteria,Oceanospirillales,Hahellaceae,Hahella,uncultured_bacterium
KF179792.1.1442,SRR21726019,0.000110102,338063986,499,119,SRX17721962,35_16S,Illumina MiSeq,SRP346777,PRJNA781615,SRS15251986,SAMN31036827,35_16S,Green turtle juvenile cloacal swab,Bacteria,Bacteroidota,Bacteroidia,Cytophagales,Cyclobacteriaceae,Fabibacter,uncultured_bacterium
KM250919.1.1431,SRR21726019,0.000110102,338063986,499,119,SRX17721962,35_16S,Illumina MiSeq,SRP346777,PRJNA781615,SRS15251986,SAMN31036827,35_16S,Green turtle juvenile cloacal swab,Bacteria,Firmicutes,Clostridia,Oscillospirales,Ruminococcaceae,Ruminococcus,uncultured_bacterium
KT952677.1.1495,SRR21726019,0.000110102,338063986,499,119,SRX17721962,35_16S,Illumina MiSeq,SRP346777,PRJNA781615,SRS15251986,SAMN31036827,35_16S,Green turtle juvenile cloacal swab,Bacteria,Planctomycetota,Planctomycetes,Pirellulales,Pirellulaceae,Rhodopirellula,uncultured_bacterium
LC177380.1.1315,SRR21726019,0.000110102,338063986,499,119,SRX17721962,35_16S,Illumina MiSeq,SRP346777,PRJNA781615,SRS15251986,SAMN31036827,35_16S,Green turtle juvenile cloacal swab,Bacteria,Proteobacteria,Alphaproteobacteria,Rhodobacterales,Rhodobacteraceae,Marinovum,Marinovum_faecis
DQ298279.1.1381,SRR21726051,0.000110025,345760543,484,123,SRX17721930,28_16S,Illumina MiSeq,SRP346777,PRJNA781615,SRS15251954,SAMN31036820,28_16S,Green turtle juvenile cloacal swab,Bacteria,Actinobacteriota,Actinobacteria,Propionibacteriales,Nocardioidaceae,Nocardioides,uncultured_bacterium
HQ427425.1.1254,SRR21726051,0.000110025,345760543,484,123,SRX17721930,28_16S,Illumina MiSeq,SRP346777,PRJNA781615,SRS15251954,SAMN31036820,28_16S,Green turtle juvenile cloacal swab,Bacteria,Proteobacteria,Alphaproteobacteria,Rhizobiales,Rhizobiaceae,Nitratireductor,Nitratireductor_sp.
JF272132.1.1423,SRR21726046,0.000110009,264019405,500,87,SRX17721935,41_16S,Illumina MiSeq,SRP346777,PRJNA781615,SRS15251959,SAMN31036833,41_16S,Green turtle juvenile cloacal swab,Bacteria,Proteobacteria,Alphaproteobacteria,Rhodobacterales,Rhodobacteraceae,Lentibacter,uncultured_bacterium
JN539359.1.1458,SRR21726046,0.000110009,264019405,500,87,SRX17721935,41_16S,Illumina MiSeq,SRP346777,PRJNA781615,SRS15251959,SAMN31036833,41_16S,Green turtle juvenile cloacal swab,Bacteria,Planctomycetota,Planctomycetes,Pirellulales,Pirellulaceae,Blastopirellula,uncultured_organism
DQ915607.1.1309,SRR21726043,0.000109377,331464093,470,111,SRX17721938,44_16S,Illumina MiSeq,SRP346777,PRJNA781615,SRS15251963,SAMN31036836,44_16S,Green turtle hatchling stomach sample,Bacteria,Proteobacteria,Alphaproteobacteria,Rhodobacterales,Rhodobacteraceae,Leisingera,Leisingera_methylohalidivorans
JF893466.1.1483,SRR21726043,0.000109377,331464093,470,111,SRX17721938,44_16S,Illumina MiSeq,SRP346777,PRJNA781615,SRS15251963,SAMN31036836,44_16S,Green turtle hatchling stomach sample,Bacteria,Firmicutes,Bacilli,Bacillales,Planococcaceae,Domibacillus,Domibacillus_enclensis
JQ183103.1.1519,SRR21726043,0.000109377,331464093,470,111,SRX17721938,44_16S,Illumina MiSeq,SRP346777,PRJNA781615,SRS15251963,SAMN31036836,44_16S,Green turtle hatchling stomach sample,Bacteria,Firmicutes,Bacilli,Bacillales,Bacillaceae,Bacillus,uncultured_Bacillus
EF092186.1.1389,SRR21726020,0.00010907,305472186,499,108,SRX17721961,34_16S,Illumina MiSeq,SRP346777,PRJNA781615,SRS15251985,SAMN31036826,34_16S,Green turtle juvenile cloacal swab,Bacteria,Bacteroidota,Bacteroidia,Flavobacteriales,Flavobacteriaceae,Muricauda,uncultured_Flavobacteriaceae
HQ439504.1.1411,SRR21726020,0.00010907,305472186,499,108,SRX17721961,34_16S,Illumina MiSeq,SRP346777,PRJNA781615,SRS15251985,SAMN31036826,34_16S,Green turtle juvenile cloacal swab,Bacteria,Proteobacteria,Gammaproteobacteria,Alteromonadales,Colwelliaceae,Thalassotalea,Thalassotalea_agarivorans
JX529120.1.1423,SRR21726020,0.00010907,305472186,499,108,SRX17721961,34_16S,Illumina MiSeq,SRP346777,PRJNA781615,SRS15251985,SAMN31036826,34_16S,Green turtle juvenile cloacal swab,Bacteria,Bacteroidota,Bacteroidia,Flavobacteriales,Crocinitomicaceae,Crocinitomix,uncultured_Crocinitomix
AB265181.1.1425,SRR21726023,0.000108308,340042833,498,113,SRX17721958,31_16S,Illumina MiSeq,SRP346777,PRJNA781615,SRS15251982,SAMN31036823,31_16S,Green turtle hatchling intestine sample,Bacteria,Bacteroidota,Bacteroidia,Flavobacteriales,Flavobacteriaceae,Mesoflavibacter,Mesoflavibacter_zeaxanthinifaciens
AY162086.1.1387,SRR21726023,0.000108308,340042833,498,113,SRX17721958,31_16S,Illumina MiSeq,SRP346777,PRJNA781615,SRS15251982,SAMN31036823,31_16S,Green turtle hatchling intestine sample,Bacteria,Proteobacteria,Gammaproteobacteria,Oceanospirillales,Kangiellaceae,Pleionea,gamma_proteobacterium
FR872933.1.1495,SRR21726023,0.000108308,340042833,498,113,SRX17721958,31_16S,Illumina MiSeq,SRP346777,PRJNA781615,SRS15251982,SAMN31036823,31_16S,Green turtle hatchling intestine sample,Bacteria,Firmicutes,Clostridia,Peptostreptococcales-Tissierellales,Peptostreptococcales-Tissierellales,Clostridiisalibacter,Clostridium_sp.
HM327894.1.1373,SRR21726023,0.000108308,340042833,498,113,SRX17721958,31_16S,Illumina MiSeq,SRP346777,PRJNA781615,SRS15251982,SAMN31036823,31_16S,Green turtle hatchling intestine sample,Bacteria,Firmicutes,Bacilli,Staphylococcales,Staphylococcaceae,Salinicoccus,uncultured_bacterium
KF786604.1.1394,SRR21726023,0.000108308,340042833,498,113,SRX17721958,31_16S,Illumina MiSeq,SRP346777,PRJNA781615,SRS15251982,SAMN31036823,31_16S,Green turtle hatchling intestine sample,Bacteria,Proteobacteria,Gammaproteobacteria,SAR86_clade,SAR86_clade,SAR86_clade,uncultured_gamma
KT952676.1.1499,SRR21726023,0.000108308,340042833,498,113,SRX17721958,31_16S,Illumina MiSeq,SRP346777,PRJNA781615,SRS15251982,SAMN31036823,31_16S,Green turtle hatchling intestine sample,Bacteria,Proteobacteria,Gammaproteobacteria,KI89A_clade,KI89A_clade,KI89A_clade,uncultured_bacterium
KY770084.1.1369,SRR21726023,0.000108308,340042833,498,113,SRX17721958,31_16S,Illumina MiSeq,SRP346777,PRJNA781615,SRS15251982,SAMN31036823,31_16S,Green turtle hatchling intestine sample,Bacteria,Proteobacteria,Alphaproteobacteria,Caulobacterales,Hyphomonadaceae,Hyphomonas,Hyphomonas_sp.
DQ298787.1.1519,SRR21726051,0.00010669,345760543,484,123,SRX17721930,28_16S,Illumina MiSeq,SRP346777,PRJNA781615,SRS15251954,SAMN31036820,28_16S,Green turtle juvenile cloacal swab,Bacteria,Bacteroidota,Bacteroidia,Chitinophagales,Chitinophagaceae,Chitinophaga,bacterium_14C13
JF167719.1.1326,SRR21726051,0.00010669,345760543,484,123,SRX17721930,28_16S,Illumina MiSeq,SRP346777,PRJNA781615,SRS15251954,SAMN31036820,28_16S,Green turtle juvenile cloacal swab,Bacteria,Patescibacteria,Saccharimonadia,Saccharimonadales,Saccharimonadaceae,TM7a,uncultured_bacterium
JQ197218.1.1323,SRR21726049,0.000106503,398448802,499,134,SRX17721932,38_16S,Illumina MiSeq,SRP346777,PRJNA781615,SRS15251956,SAMN31036830,38_16S,Green turtle juvenile cloacal swab,Bacteria,Chloroflexi,KD4-96,KD4-96,KD4-96,KD4-96,uncultured_bacterium
EF515367.1.1415,SRR21726051,0.000103356,345760543,484,123,SRX17721930,28_16S,Illumina MiSeq,SRP346777,PRJNA781615,SRS15251954,SAMN31036820,28_16S,Green turtle juvenile cloacal swab,Bacteria,Proteobacteria,Gammaproteobacteria,Xanthomonadales,Xanthomonadaceae,Stenotrophomonas,uncultured_bacterium
EF562272.1.1261,SRR21726051,0.000103356,345760543,484,123,SRX17721930,28_16S,Illumina MiSeq,SRP346777,PRJNA781615,SRS15251954,SAMN31036820,28_16S,Green turtle juvenile cloacal swab,Bacteria,Proteobacteria,Gammaproteobacteria,Xanthomonadales,Xanthomonadaceae,Stenotrophomonas,uncultured_Stenotrophomonas
HQ340609.1.1457,SRR21726051,0.000103356,345760543,484,123,SRX17721930,28_16S,Illumina MiSeq,SRP346777,PRJNA781615,SRS15251954,SAMN31036820,28_16S,Green turtle juvenile cloacal swab,Bacteria,Proteobacteria,Gammaproteobacteria,Alteromonadales,Alteromonadaceae,Salinimonas,Salinimonas_lutimaris
AM889174.1.1509,SRR21726046,0.000102675,264019405,500,87,SRX17721935,41_16S,Illumina MiSeq,SRP346777,PRJNA781615,SRS15251959,SAMN31036833,41_16S,Green turtle juvenile cloacal swab,Bacteria,Proteobacteria,Gammaproteobacteria,Gammaproteobacteria_Incertae_Sedis,Unknown_Family,uncultured,uncultured_bacterium
JN433182.1.1362,SRR21726046,0.000102675,264019405,500,87,SRX17721935,41_16S,Illumina MiSeq,SRP346777,PRJNA781615,SRS15251959,SAMN31036833,41_16S,Green turtle juvenile cloacal swab,Bacteria,Bdellovibrionota,Bdellovibrionia,Bacteriovoracales,Bacteriovoracaceae,Peredibacter,uncultured_organism
JN713388.1.1536,SRR21726046,0.000102675,264019405,500,87,SRX17721935,41_16S,Illumina MiSeq,SRP346777,PRJNA781615,SRS15251959,SAMN31036833,41_16S,Green turtle juvenile cloacal swab,Bacteria,Proteobacteria,Gammaproteobacteria,Xanthomonadales,Xanthomonadaceae,Luteimonas,Stenotrophomonas_sp.
JQ665365.1.1211,SRR21726046,0.000102675,264019405,500,87,SRX17721935,41_16S,Illumina MiSeq,SRP346777,PRJNA781615,SRS15251959,SAMN31036833,41_16S,Green turtle juvenile cloacal swab,Bacteria,Proteobacteria,Gammaproteobacteria,Vibrionales,Vibrionaceae,Vibrio,Vibrio_owensii
KF786448.1.1390,SRR21726046,0.000102675,264019405,500,87,SRX17721935,41_16S,Illumina MiSeq,SRP346777,PRJNA781615,SRS15251959,SAMN31036833,41_16S,Green turtle juvenile cloacal swab,Bacteria,Bacteroidota,Bacteroidia,Flavobacteriales,Crocinitomicaceae,Fluviicola,uncultured_Flavobacteriales
KU533822.1.1490,SRR21726046,0.000102675,264019405,500,87,SRX17721935,41_16S,Illumina MiSeq,SRP346777,PRJNA781615,SRS15251959,SAMN31036833,41_16S,Green turtle juvenile cloacal swab,Bacteria,Bacteroidota,Bacteroidia,Bacteroidales,Bacteroidaceae,Bacteroides,Bacteroides_sp.4SWWS3-28
JN437273.1.1347,SRR21726029,0.000102594,383977850,499,131,SRX17721952,30_16S,Illumina MiSeq,SRP346777,PRJNA781615,SRS15251976,SAMN31036822,30_16S,Green turtle hatchling stomach sample,Bacteria,Chloroflexi,Anaerolineae,SBR1031,A4b,A4b,uncultured_organism
JN536545.1.1251,SRR21726029,0.000102594,383977850,499,131,SRX17721952,30_16S,Illumina MiSeq,SRP346777,PRJNA781615,SRS15251976,SAMN31036822,30_16S,Green turtle hatchling stomach sample,Bacteria,Myxococcota,Polyangia,Polyangiales,Sandaracinaceae,Sandaracinus,uncultured_organism
KJ566304.1.1424,SRR21726029,0.000102594,383977850,499,131,SRX17721952,30_16S,Illumina MiSeq,SRP346777,PRJNA781615,SRS15251976,SAMN31036822,30_16S,Green turtle hatchling stomach sample,Bacteria,Proteobacteria,Alphaproteobacteria,Parvibaculales,PS1_clade,PS1_clade,uncultured_Alphaproteobacteria
KM058086.1.1493,SRR21726029,0.000102594,383977850,499,131,SRX17721952,30_16S,Illumina MiSeq,SRP346777,PRJNA781615,SRS15251976,SAMN31036822,30_16S,Green turtle hatchling stomach sample,Bacteria,Bacteroidota,Bacteroidia,Flavobacteriales,Flavobacteriaceae,Aquimarina,Aquimarina_penaei
KP272156.1.1387,SRR21726029,0.000102594,383977850,499,131,SRX17721952,30_16S,Illumina MiSeq,SRP346777,PRJNA781615,SRS15251976,SAMN31036822,30_16S,Green turtle hatchling stomach sample,Bacteria,Proteobacteria,Alphaproteobacteria,Rhodobacterales,Rhodobacteraceae,Celeribacter,Celeribacter_naphthalenivorans
KX932756.1.1354,SRR21726029,0.000102594,383977850,499,131,SRX17721952,30_16S,Illumina MiSeq,SRP346777,PRJNA781615,SRS15251976,SAMN31036822,30_16S,Green turtle hatchling stomach sample,Bacteria,Patescibacteria,Gracilibacteria,Absconditabacteriales_(SR1),Absconditabacteriales_(SR1),Absconditabacteriales_(SR1),uncultured_marine
JQ210574.1.1350,SRR21726047,0.000102305,352120514,500,118,SRX17721934,40_16S,Illumina MiSeq,SRP346777,PRJNA781615,SRS15251958,SAMN31036832,40_16S,Green turtle juvenile esophageal swab,Bacteria,Firmicutes,Clostridia,Lachnospirales,Lachnospiraceae,uncultured,uncultured_bacterium
KP313827.1.1410,SRR21726047,0.000102305,352120514,500,118,SRX17721934,40_16S,Illumina MiSeq,SRP346777,PRJNA781615,SRS15251958,SAMN31036832,40_16S,Green turtle juvenile esophageal swab,Bacteria,Bacteroidota,Bacteroidia,Flavobacteriales,Flavobacteriaceae,Tenacibaculum,Tenacibaculum_holothuriorum
GU644357.1.1376,SRR21726043,0.000101564,331464093,470,111,SRX17721938,44_16S,Illumina MiSeq,SRP346777,PRJNA781615,SRS15251963,SAMN31036836,44_16S,Green turtle hatchling stomach sample,Bacteria,Proteobacteria,Alphaproteobacteria,Sphingomonadales,Sphingomonadaceae,Erythrobacter,Erythrobacter_sp.
HE974802.1.1527,SRR21726043,0.000101564,331464093,470,111,SRX17721938,44_16S,Illumina MiSeq,SRP346777,PRJNA781615,SRS15251963,SAMN31036836,44_16S,Green turtle hatchling stomach sample,Bacteria,Methylomirabilota,Methylomirabilia,Rokubacteriales,Rokubacteriales,Rokubacteriales,uncultured_bacterium
HM319538.1.1344,SRR21726043,0.000101564,331464093,470,111,SRX17721938,44_16S,Illumina MiSeq,SRP346777,PRJNA781615,SRS15251963,SAMN31036836,44_16S,Green turtle hatchling stomach sample,Bacteria,Actinobacteriota,Acidimicrobiia,Microtrichales,Ilumatobacteraceae,uncultured,uncultured_bacterium
MG738338.1.1306,SRR21726043,0.000101564,331464093,470,111,SRX17721938,44_16S,Illumina MiSeq,SRP346777,PRJNA781615,SRS15251963,SAMN31036836,44_16S,Green turtle hatchling stomach sample,Bacteria,Proteobacteria,Gammaproteobacteria,Pseudomonadales,Moraxellaceae,Acinetobacter,Acinetobacter_septicus
JQ404489.1.1350,SRR21726042,0.000101516,371802664,500,145,SRX17721939,45_16S,Illumina MiSeq,SRP346777,PRJNA781615,SRS15251962,SAMN31036837,45_16S,Green turtle hatchling intestine sample,Bacteria,Bacteroidota,Bacteroidia,Flavobacteriales,Weeksellaceae,Chryseobacterium,Chryseobacterium_sp.
X98407.1.1476,SRR21726042,0.000101516,371802664,500,145,SRX17721939,45_16S,Illumina MiSeq,SRP346777,PRJNA781615,SRS15251962,SAMN31036837,45_16S,Green turtle hatchling intestine sample,Bacteria,Firmicutes,Desulfotomaculia,Desulfotomaculales,Desulfotomaculales,Desulfotomaculum,Desulfotomaculum_aeronauticum
AB557547.1.1477,SRR21726020,0.000101279,305472186,499,108,SRX17721961,34_16S,Illumina MiSeq,SRP346777,PRJNA781615,SRS15251985,SAMN31036826,34_16S,Green turtle juvenile cloacal swab,Bacteria,Bacteroidota,Bacteroidia,Flavobacteriales,Flavobacteriaceae,Flavobacteriaceae,Aureicoccus_marinus
EF516266.1.1384,SRR21726020,0.000101279,305472186,499,108,SRX17721961,34_16S,Illumina MiSeq,SRP346777,PRJNA781615,SRS15251985,SAMN31036826,34_16S,Green turtle juvenile cloacal swab,Bacteria,Patescibacteria,Saccharimonadia,Saccharimonadales,WWH38,WWH38,uncultured_bacterium
KJ923772.3.1214,SRR21726020,0.000101279,305472186,499,108,SRX17721961,34_16S,Illumina MiSeq,SRP346777,PRJNA781615,SRS15251985,SAMN31036826,34_16S,Green turtle juvenile cloacal swab,Bacteria,Proteobacteria,Gammaproteobacteria,Pseudomonadales,Pseudomonadaceae,Pseudomonas,Pseudomonas_stutzeri
EF562573.1.1498,SRR21726021,0.000101109,345478090,500,115,SRX17721960,33_16S,Illumina MiSeq,SRP346777,PRJNA781615,SRS15251984,SAMN31036825,33_16S,Green turtle juvenile esophageal swab,Bacteria,Proteobacteria,Gammaproteobacteria,Burkholderiales,Methylophilaceae,Methylotenera,uncultured_beta
GU118611.1.1445,SRR21726049,0.000100586,398448802,499,134,SRX17721932,38_16S,Illumina MiSeq,SRP346777,PRJNA781615,SRS15251956,SAMN31036830,38_16S,Green turtle juvenile cloacal swab,Bacteria,Bacteroidota,Bacteroidia,Cytophagales,Amoebophilaceae,Candidatus_Amoebophilus,uncultured_bacterium
JQ516350.1.1411,SRR21726049,0.000100586,398448802,499,134,SRX17721932,38_16S,Illumina MiSeq,SRP346777,PRJNA781615,SRS15251956,SAMN31036830,38_16S,Green turtle juvenile cloacal swab,Bacteria,Chloroflexi,Anaerolineae,Caldilineales,Caldilineaceae,uncultured,uncultured_Caldilinea
KM203547.1.1200,SRR21726049,0.000100586,398448802,499,134,SRX17721932,38_16S,Illumina MiSeq,SRP346777,PRJNA781615,SRS15251956,SAMN31036830,38_16S,Green turtle juvenile cloacal swab,Bacteria,Proteobacteria,Alphaproteobacteria,Micavibrionales,uncultured,uncultured,uncultured_bacterium
LUNQ01000001.127190.128572,SRR21726049,0.000100586,398448802,499,134,SRX17721932,38_16S,Illumina MiSeq,SRP346777,PRJNA781615,SRS15251956,SAMN31036830,38_16S,Green turtle juvenile cloacal swab,Bacteria,Proteobacteria,Alphaproteobacteria,Sphingomonadales,Sphingomonadaceae,Sphingomonas,Erythrobacter_sp.
FJ202771.1.1476,SRR21726023,0.000100572,340042833,498,113,SRX17721958,31_16S,Illumina MiSeq,SRP346777,PRJNA781615,SRS15251982,SAMN31036823,31_16S,Green turtle hatchling intestine sample,Bacteria,Proteobacteria,Gammaproteobacteria,Cellvibrionales,Cellvibrionaceae,Pseudoteredinibacter,uncultured_bacterium
KR528480.1.1446,SRR21726023,0.000100572,340042833,498,113,SRX17721958,31_16S,Illumina MiSeq,SRP346777,PRJNA781615,SRS15251982,SAMN31036823,31_16S,Green turtle hatchling intestine sample,Bacteria,Bacteroidota,Bacteroidia,Flavobacteriales,Flavobacteriaceae,Hyunsoonleella,Hyunsoonleella_rubra
CETR01020241.2.1319,SRR21726019,0.000100093,338063986,499,119,SRX17721962,35_16S,Illumina MiSeq,SRP346777,PRJNA781615,SRS15251986,SAMN31036827,35_16S,Green turtle juvenile cloacal swab,Bacteria,Myxococcota,Polyangia,Polyangiales,Sandaracinaceae,uncultured,marine_metagenome
HQ326351.1.1455,SRR21726019,0.000100093,338063986,499,119,SRX17721962,35_16S,Illumina MiSeq,SRP346777,PRJNA781615,SRS15251986,SAMN31036827,35_16S,Green turtle juvenile cloacal swab,Bacteria,Proteobacteria,Alphaproteobacteria,Micavibrionales,Micavibrionaceae,uncultured,uncultured_bacterium
JQ214916.1.1301,SRR21726019,0.000100093,338063986,499,119,SRX17721962,35_16S,Illumina MiSeq,SRP346777,PRJNA781615,SRS15251986,SAMN31036827,35_16S,Green turtle juvenile cloacal swab,Bacteria,Patescibacteria,Saccharimonadia,Saccharimonadales,Saccharimonadales,Saccharimonadales,uncultured_bacterium
KC425496.1.1421,SRR21726019,0.000100093,338063986,499,119,SRX17721962,35_16S,Illumina MiSeq,SRP346777,PRJNA781615,SRS15251986,SAMN31036827,35_16S,Green turtle juvenile cloacal swab,Bacteria,Proteobacteria,Alphaproteobacteria,Rhodobacterales,Rhodobacteraceae,uncultured,uncultured_marine
KC631570.1.1516,SRR21726019,0.000100093,338063986,499,119,SRX17721962,35_16S,Illumina MiSeq,SRP346777,PRJNA781615,SRS15251986,SAMN31036827,35_16S,Green turtle juvenile cloacal swab,Bacteria,Proteobacteria,Gammaproteobacteria,Burkholderiales,Burkholderiaceae,Limnobacter,uncultured_bacterium
KX058464.1.1327,SRR21726019,0.000100093,338063986,499,119,SRX17721962,35_16S,Illumina MiSeq,SRP346777,PRJNA781615,SRS15251986,SAMN31036827,35_16S,Green turtle juvenile cloacal swab,Bacteria,Proteobacteria,Gammaproteobacteria,Alteromonadales,Idiomarinaceae,Idiomarina,Idiomarina_baltica
JF769600.1.1503,SRR21726050,9.79E-05,328771667,500,110,SRX17721931,37_16S,Illumina MiSeq,SRP346777,PRJNA781615,SRS15251955,SAMN31036829,37_16S,Green turtle juvenile esophageal swab,Bacteria,Bdellovibrionota,Bdellovibrionia,Bdellovibrionales,Bdellovibrionaceae,Bdellovibrio,uncultured_bacterium
DQ200982.1.1406,SRR21726029,9.47E-05,383977850,499,131,SRX17721952,30_16S,Illumina MiSeq,SRP346777,PRJNA781615,SRS15251976,SAMN31036822,30_16S,Green turtle hatchling stomach sample,Bacteria,Actinobacteriota,Actinobacteria,Kineosporiales,Kineosporiaceae,Pseudokineococcus,Pseudokineococcus_marinus
EF123537.1.1488,SRR21726029,9.47E-05,383977850,499,131,SRX17721952,30_16S,Illumina MiSeq,SRP346777,PRJNA781615,SRS15251976,SAMN31036822,30_16S,Green turtle hatchling stomach sample,Bacteria,Bacteroidota,Bacteroidia,Flavobacteriales,Flavobacteriaceae,Muricauda,uncultured_Bacteroidetes
JN535091.1.1463,SRR21726029,9.47E-05,383977850,499,131,SRX17721952,30_16S,Illumina MiSeq,SRP346777,PRJNA781615,SRS15251976,SAMN31036822,30_16S,Green turtle hatchling stomach sample,Bacteria,Proteobacteria,Gammaproteobacteria,Gammaproteobacteria_Incertae_Sedis,Unknown_Family,uncultured,uncultured_organism
KC260589.1.1366,SRR21726029,9.47E-05,383977850,499,131,SRX17721952,30_16S,Illumina MiSeq,SRP346777,PRJNA781615,SRS15251976,SAMN31036822,30_16S,Green turtle hatchling stomach sample,Bacteria,Bacteroidota,Bacteroidia,Bacteroidales,Marinifilaceae,Marinifilum,uncultured_bacterium
KF698727.1.1311,SRR21726029,9.47E-05,383977850,499,131,SRX17721952,30_16S,Illumina MiSeq,SRP346777,PRJNA781615,SRS15251976,SAMN31036822,30_16S,Green turtle hatchling stomach sample,Bacteria,Proteobacteria,Alphaproteobacteria,Rhodobacterales,Rhodobacteraceae,Paracoccus,Paracoccus_zeaxanthinifaciens
KR906469.1.1434,SRR21726029,9.47E-05,383977850,499,131,SRX17721952,30_16S,Illumina MiSeq,SRP346777,PRJNA781615,SRS15251976,SAMN31036822,30_16S,Green turtle hatchling stomach sample,Bacteria,Actinobacteriota,Actinobacteria,Micrococcales,Dermabacteraceae,Brachybacterium,Brachybacterium_sp.
KU560308.1.1423,SRR21726029,9.47E-05,383977850,499,131,SRX17721952,30_16S,Illumina MiSeq,SRP346777,PRJNA781615,SRS15251976,SAMN31036822,30_16S,Green turtle hatchling stomach sample,Bacteria,Actinobacteriota,Actinobacteria,Micrococcales,Dermacoccaceae,Kytococcus,Kytococcus_sp.
LYPF02000038.3636.5137,SRR21726029,9.47E-05,383977850,499,131,SRX17721952,30_16S,Illumina MiSeq,SRP346777,PRJNA781615,SRS15251976,SAMN31036822,30_16S,Green turtle hatchling stomach sample,Bacteria,Bacteroidota,Bacteroidia,Flavobacteriales,Crocinitomicaceae,Crocinitomix,Crocinitomix_sp.
MG001992.1.1226,SRR21726029,9.47E-05,383977850,499,131,SRX17721952,30_16S,Illumina MiSeq,SRP346777,PRJNA781615,SRS15251976,SAMN31036822,30_16S,Green turtle hatchling stomach sample,Bacteria,Bacteroidota,Bacteroidia,Flavobacteriales,Flavobacteriaceae,Actibacter,uncultured_bacterium
MG996631.1.1363,SRR21726029,9.47E-05,383977850,499,131,SRX17721952,30_16S,Illumina MiSeq,SRP346777,PRJNA781615,SRS15251976,SAMN31036822,30_16S,Green turtle hatchling stomach sample,Bacteria,Proteobacteria,Alphaproteobacteria,Rhodobacterales,Rhodobacteraceae,Rhodobacteraceae,Sulfitobacter_sp.
DQ289934.1.1387,SRR21726049,9.47E-05,398448802,499,134,SRX17721932,38_16S,Illumina MiSeq,SRP346777,PRJNA781615,SRS15251956,SAMN31036830,38_16S,Green turtle juvenile cloacal swab,Bacteria,Bacteroidota,Bacteroidia,Cytophagales,Amoebophilaceae,Candidatus_Amoebophilus,uncultured_Bacteroidetes
HM299603.1.1366,SRR21726049,9.47E-05,398448802,499,134,SRX17721932,38_16S,Illumina MiSeq,SRP346777,PRJNA781615,SRS15251956,SAMN31036830,38_16S,Green turtle juvenile cloacal swab,Bacteria,Actinobacteriota,Thermoleophilia,Solirubrobacterales,Solirubrobacteraceae,Conexibacter,uncultured_bacterium
JX391813.1.1482,SRR21726049,9.47E-05,398448802,499,134,SRX17721932,38_16S,Illumina MiSeq,SRP346777,PRJNA781615,SRS15251956,SAMN31036830,38_16S,Green turtle juvenile cloacal swab,Bacteria,Bacteroidota,Bacteroidia,Flavobacteriales,Cryomorphaceae,Vicingus,uncultured_bacterium
KF786604.1.1394,SRR21726049,9.47E-05,398448802,499,134,SRX17721932,38_16S,Illumina MiSeq,SRP346777,PRJNA781615,SRS15251956,SAMN31036830,38_16S,Green turtle juvenile cloacal swab,Bacteria,Proteobacteria,Gammaproteobacteria,SAR86_clade,SAR86_clade,SAR86_clade,uncultured_gamma
AB219359.1.1486,SRR21726043,9.38E-05,331464093,470,111,SRX17721938,44_16S,Illumina MiSeq,SRP346777,PRJNA781615,SRS15251963,SAMN31036836,44_16S,Green turtle hatchling stomach sample,Bacteria,Proteobacteria,Alphaproteobacteria,Sphingomonadales,Sphingomonadaceae,Altererythrobacter,Sphingomonas_sp.
GQ065789.1.1338,SRR21726043,9.38E-05,331464093,470,111,SRX17721938,44_16S,Illumina MiSeq,SRP346777,PRJNA781615,SRS15251963,SAMN31036836,44_16S,Green turtle hatchling stomach sample,Bacteria,Actinobacteriota,Actinobacteria,Pseudonocardiales,Pseudonocardiaceae,Pseudonocardia,uncultured_bacterium
HQ397555.1.1525,SRR21726043,9.38E-05,331464093,470,111,SRX17721938,44_16S,Illumina MiSeq,SRP346777,PRJNA781615,SRS15251963,SAMN31036836,44_16S,Green turtle hatchling stomach sample,Bacteria,Acidobacteriota,Blastocatellia,Pyrinomonadales,Pyrinomonadaceae,RB41,uncultured_bacterium
HQ748139.1.1401,SRR21726043,9.38E-05,331464093,470,111,SRX17721938,44_16S,Illumina MiSeq,SRP346777,PRJNA781615,SRS15251963,SAMN31036836,44_16S,Green turtle hatchling stomach sample,Bacteria,Proteobacteria,Alphaproteobacteria,Sphingomonadales,Sphingomonadaceae,Sphingomonas,uncultured_organism
KY015065.1.1384,SRR21726043,9.38E-05,331464093,470,111,SRX17721938,44_16S,Illumina MiSeq,SRP346777,PRJNA781615,SRS15251963,SAMN31036836,44_16S,Green turtle hatchling stomach sample,Bacteria,Actinobacteriota,Actinobacteria,Pseudonocardiales,Pseudonocardiaceae,Actinomycetospora,Actinomycetospora_sp.
AM882568.1.1500,SRR21726020,9.35E-05,305472186,499,108,SRX17721961,34_16S,Illumina MiSeq,SRP346777,PRJNA781615,SRS15251985,SAMN31036826,34_16S,Green turtle juvenile cloacal swab,Bacteria,Proteobacteria,Gammaproteobacteria,Steroidobacterales,Woeseiaceae,Woeseia,uncultured_gamma
HQ326351.1.1455,SRR21726020,9.35E-05,305472186,499,108,SRX17721961,34_16S,Illumina MiSeq,SRP346777,PRJNA781615,SRS15251985,SAMN31036826,34_16S,Green turtle juvenile cloacal swab,Bacteria,Proteobacteria,Alphaproteobacteria,Micavibrionales,Micavibrionaceae,uncultured,uncultured_bacterium
JQ516376.1.1432,SRR21726020,9.35E-05,305472186,499,108,SRX17721961,34_16S,Illumina MiSeq,SRP346777,PRJNA781615,SRS15251985,SAMN31036826,34_16S,Green turtle juvenile cloacal swab,Bacteria,Verrucomicrobiota,Verrucomicrobiae,Methylacidiphilales,Methylacidiphilaceae,uncultured,uncultured_Verrucomicrobiaceae
JYMV01012758.1039.2521,SRR21726020,9.35E-05,305472186,499,108,SRX17721961,34_16S,Illumina MiSeq,SRP346777,PRJNA781615,SRS15251985,SAMN31036826,34_16S,Green turtle juvenile cloacal swab,Bacteria,WPS-2,WPS-2,WPS-2,WPS-2,WPS-2,hydrothermal_vent
JF769600.1.1503,SRR21726047,9.30E-05,352120514,500,118,SRX17721934,40_16S,Illumina MiSeq,SRP346777,PRJNA781615,SRS15251958,SAMN31036832,40_16S,Green turtle juvenile esophageal swab,Bacteria,Bdellovibrionota,Bdellovibrionia,Bdellovibrionales,Bdellovibrionaceae,Bdellovibrio,uncultured_bacterium
AAOE01000034.30.1556,SRR21726023,9.28E-05,340042833,498,113,SRX17721958,31_16S,Illumina MiSeq,SRP346777,PRJNA781615,SRS15251982,SAMN31036823,31_16S,Green turtle hatchling intestine sample,Bacteria,Proteobacteria,Gammaproteobacteria,Oceanospirillales,Saccharospirillaceae,Reinekea,Reinekea_blandensis
DQ395628.1.1482,SRR21726023,9.28E-05,340042833,498,113,SRX17721958,31_16S,Illumina MiSeq,SRP346777,PRJNA781615,SRS15251982,SAMN31036823,31_16S,Green turtle hatchling intestine sample,Bacteria,Proteobacteria,Alphaproteobacteria,Sphingomonadales,Sphingomonadaceae,Altererythrobacter,uncultured_organism
DQ530480.1.1446,SRR21726023,9.28E-05,340042833,498,113,SRX17721958,31_16S,Illumina MiSeq,SRP346777,PRJNA781615,SRS15251982,SAMN31036823,31_16S,Green turtle hatchling intestine sample,Bacteria,Proteobacteria,Gammaproteobacteria,Alteromonadales,Psychromonadaceae,Psychromonas,Psychromonas_sp.
FJ744994.1.1371,SRR21726023,9.28E-05,340042833,498,113,SRX17721958,31_16S,Illumina MiSeq,SRP346777,PRJNA781615,SRS15251982,SAMN31036823,31_16S,Green turtle hatchling intestine sample,Bacteria,Proteobacteria,Gammaproteobacteria,Cellvibrionales,Halieaceae,Luminiphilus,uncultured_gamma
HQ696456.1.1455,SRR21726023,9.28E-05,340042833,498,113,SRX17721958,31_16S,Illumina MiSeq,SRP346777,PRJNA781615,SRS15251982,SAMN31036823,31_16S,Green turtle hatchling intestine sample,Bacteria,Firmicutes,Bacilli,Staphylococcales,Staphylococcaceae,Auricoccus-Abyssicoccus,Macrococcus_brunensis
JF344046.1.1504,SRR21726023,9.28E-05,340042833,498,113,SRX17721958,31_16S,Illumina MiSeq,SRP346777,PRJNA781615,SRS15251982,SAMN31036823,31_16S,Green turtle hatchling intestine sample,Bacteria,Myxococcota,Polyangia,Polyangiales,Sandaracinaceae,uncultured,uncultured_delta
DQ644007.1.1450,SRR21726040,9.18E-05,377927131,499,134,SRX17721941,29_16S,Illumina MiSeq,SRP346777,PRJNA781615,SRS15251965,SAMN31036821,29_16S,Green turtle juvenile cloacal swab,Bacteria,Proteobacteria,Alphaproteobacteria,Rhizobiales,Stappiaceae,Stappia,uncultured_Alphaproteobacteria
KX002007.1.1200,SRR21726040,9.18E-05,377927131,499,134,SRX17721941,29_16S,Illumina MiSeq,SRP346777,PRJNA781615,SRS15251965,SAMN31036821,29_16S,Green turtle juvenile cloacal swab,Bacteria,Firmicutes,Bacilli,Brevibacillales,Brevibacillaceae,Brevibacillus,Brevibacillus_parabrevis
DQ800247.1.1387,SRR21726019,9.01E-05,338063986,499,119,SRX17721962,35_16S,Illumina MiSeq,SRP346777,PRJNA781615,SRS15251986,SAMN31036827,35_16S,Green turtle juvenile cloacal swab,Bacteria,Firmicutes,Clostridia,Oscillospirales,Butyricicoccaceae,Butyricicoccus,uncultured_bacterium
GQ348595.1.1307,SRR21726019,9.01E-05,338063986,499,119,SRX17721962,35_16S,Illumina MiSeq,SRP346777,PRJNA781615,SRS15251986,SAMN31036827,35_16S,Green turtle juvenile cloacal swab,Bacteria,Proteobacteria,Alphaproteobacteria,Rhodobacterales,Rhodobacteraceae,Profundibacterium,uncultured_Alphaproteobacteria
HM445202.1.1362,SRR21726019,9.01E-05,338063986,499,119,SRX17721962,35_16S,Illumina MiSeq,SRP346777,PRJNA781615,SRS15251986,SAMN31036827,35_16S,Green turtle juvenile cloacal swab,Bacteria,Proteobacteria,Gammaproteobacteria,Steroidobacterales,Steroidobacteraceae,Steroidobacter,uncultured_bacterium
JN119131.1.1420,SRR21726019,9.01E-05,338063986,499,119,SRX17721962,35_16S,Illumina MiSeq,SRP346777,PRJNA781615,SRS15251986,SAMN31036827,35_16S,Green turtle juvenile cloacal swab,Bacteria,Chloroflexi,Anaerolineae,SBR1031,A4b,A4b,uncultured_marine
JYMV01012758.1039.2521,SRR21726019,9.01E-05,338063986,499,119,SRX17721962,35_16S,Illumina MiSeq,SRP346777,PRJNA781615,SRS15251986,SAMN31036827,35_16S,Green turtle juvenile cloacal swab,Bacteria,WPS-2,WPS-2,WPS-2,WPS-2,WPS-2,hydrothermal_vent
KT880258.1.1495,SRR21726019,9.01E-05,338063986,499,119,SRX17721962,35_16S,Illumina MiSeq,SRP346777,PRJNA781615,SRS15251986,SAMN31036827,35_16S,Green turtle juvenile cloacal swab,Bacteria,Proteobacteria,Gammaproteobacteria,Cellvibrionales,Halieaceae,Parahaliea,uncultured_gamma
KY053180.1.1383,SRR21726019,9.01E-05,338063986,499,119,SRX17721962,35_16S,Illumina MiSeq,SRP346777,PRJNA781615,SRS15251986,SAMN31036827,35_16S,Green turtle juvenile cloacal swab,Bacteria,Bacteroidota,Bacteroidia,Flavobacteriales,Flavobacteriaceae,Mangrovimonas,Bacteroidetes_bacterium
FJ562179.1.1230,SRR21726051,9.00E-05,345760543,484,123,SRX17721930,28_16S,Illumina MiSeq,SRP346777,PRJNA781615,SRS15251954,SAMN31036820,28_16S,Green turtle juvenile cloacal swab,Bacteria,Proteobacteria,Gammaproteobacteria,Pseudomonadales,Moraxellaceae,Acinetobacter,uncultured_bacterium
KC669071.1.1499,SRR21726049,8.88E-05,398448802,499,134,SRX17721932,38_16S,Illumina MiSeq,SRP346777,PRJNA781615,SRS15251956,SAMN31036830,38_16S,Green turtle juvenile cloacal swab,Bacteria,Proteobacteria,Gammaproteobacteria,HOC36,HOC36,HOC36,uncultured_bacterium
KP261821.1.1393,SRR21726022,8.80E-05,341290243,500,113,SRX17721959,32_16S,Illumina MiSeq,SRP346777,PRJNA781615,SRS15251983,SAMN31036824,32_16S,Green turtle juvenile esophageal swab,Bacteria,Proteobacteria,Alphaproteobacteria,Rhodobacterales,Rhodobacteraceae,Aliiroseovarius,Pseudoroseovarius_zhejiangensis
HQ845450.1.1439,SRR21726046,8.80E-05,264019405,500,87,SRX17721935,41_16S,Illumina MiSeq,SRP346777,PRJNA781615,SRS15251959,SAMN31036833,41_16S,Green turtle juvenile cloacal swab,Bacteria,Planctomycetota,Planctomycetes,Pirellulales,Pirellulaceae,Blastopirellula,Mariniblastus_fucicola
KP410674.1.1384,SRR21726046,8.80E-05,264019405,500,87,SRX17721935,41_16S,Illumina MiSeq,SRP346777,PRJNA781615,SRS15251959,SAMN31036833,41_16S,Green turtle juvenile cloacal swab,Bacteria,Proteobacteria,Alphaproteobacteria,Rhodobacterales,Rhodobacteraceae,Actibacterium,Boseongicola_sp.
KY655353.1.1207,SRR21726046,8.80E-05,264019405,500,87,SRX17721935,41_16S,Illumina MiSeq,SRP346777,PRJNA781615,SRS15251959,SAMN31036833,41_16S,Green turtle juvenile cloacal swab,Bacteria,Proteobacteria,Gammaproteobacteria,Alteromonadales,Alteromonadaceae,Alteromonas,Alteromonas_sp.
AJ272469.1.1208,SRR21726045,8.72E-05,293530160,484,103,SRX17721936,42_16S,Illumina MiSeq,SRP346777,PRJNA781615,SRS15251960,SAMN31036834,42_16S,Green turtle hatchling stomach sample,Bacteria,Actinobacteriota,Actinobacteria,Corynebacteriales,Nocardiaceae,Rhodococcus,Rhodococcus_hoagii
AB845176.1.1440,SRR21726029,8.68E-05,383977850,499,131,SRX17721952,30_16S,Illumina MiSeq,SRP346777,PRJNA781615,SRS15251976,SAMN31036822,30_16S,Green turtle hatchling stomach sample,Bacteria,Planctomycetota,Phycisphaerae,Phycisphaerales,Phycisphaeraceae,Algisphaera,Algisphaera_agarilytica
AJ633996.1.1301,SRR21726029,8.68E-05,383977850,499,131,SRX17721952,30_16S,Illumina MiSeq,SRP346777,PRJNA781615,SRS15251976,SAMN31036822,30_16S,Green turtle hatchling stomach sample,Bacteria,Proteobacteria,Alphaproteobacteria,Rhodobacterales,Rhodobacteraceae,Ruegeria,uncultured_Alphaproteobacteria
FJ203051.1.1447,SRR21726029,8.68E-05,383977850,499,131,SRX17721952,30_16S,Illumina MiSeq,SRP346777,PRJNA781615,SRS15251976,SAMN31036822,30_16S,Green turtle hatchling stomach sample,Bacteria,Actinobacteriota,Acidimicrobiia,Actinomarinales,uncultured,uncultured,uncultured_bacterium
FJ203277.1.1418,SRR21726029,8.68E-05,383977850,499,131,SRX17721952,30_16S,Illumina MiSeq,SRP346777,PRJNA781615,SRS15251976,SAMN31036822,30_16S,Green turtle hatchling stomach sample,Bacteria,Planctomycetota,Planctomycetes,Planctomycetales,Rubinisphaeraceae,uncultured,uncultured_bacterium
JQ665360.1.1280,SRR21726029,8.68E-05,383977850,499,131,SRX17721952,30_16S,Illumina MiSeq,SRP346777,PRJNA781615,SRS15251976,SAMN31036822,30_16S,Green turtle hatchling stomach sample,Bacteria,Proteobacteria,Gammaproteobacteria,Vibrionales,Vibrionaceae,Vibrio,Vibrio_nigripulchritudo
KY655405.1.1219,SRR21726029,8.68E-05,383977850,499,131,SRX17721952,30_16S,Illumina MiSeq,SRP346777,PRJNA781615,SRS15251976,SAMN31036822,30_16S,Green turtle hatchling stomach sample,Bacteria,Proteobacteria,Gammaproteobacteria,Alteromonadales,Pseudoalteromonadaceae,Pseudoalteromonas,Pseudoalteromonas_sp.
LN680867.1.1500,SRR21726029,8.68E-05,383977850,499,131,SRX17721952,30_16S,Illumina MiSeq,SRP346777,PRJNA781615,SRS15251976,SAMN31036822,30_16S,Green turtle hatchling stomach sample,Bacteria,Actinobacteriota,Actinobacteria,Frankiales,Geodermatophilaceae,Blastococcus,Blastococcus_sp.
MG563767.1.1423,SRR21726029,8.68E-05,383977850,499,131,SRX17721952,30_16S,Illumina MiSeq,SRP346777,PRJNA781615,SRS15251976,SAMN31036822,30_16S,Green turtle hatchling stomach sample,Bacteria,Bacteroidota,Bacteroidia,Flavobacteriales,Flavobacteriaceae,Muricauda,Muricauda_iocasae
MG996656.1.1442,SRR21726029,8.68E-05,383977850,499,131,SRX17721952,30_16S,Illumina MiSeq,SRP346777,PRJNA781615,SRS15251976,SAMN31036822,30_16S,Green turtle hatchling stomach sample,Bacteria,Proteobacteria,Gammaproteobacteria,Oceanospirillales,Nitrincolaceae,Marinobacterium,Neptuniibacter_sp.
AY574575.1.1449,SRR21726051,8.67E-05,345760543,484,123,SRX17721930,28_16S,Illumina MiSeq,SRP346777,PRJNA781615,SRS15251954,SAMN31036820,28_16S,Green turtle juvenile cloacal swab,Bacteria,Actinobacteriota,Actinobacteria,Micrococcales,Micrococcaceae,Nesterenkonia,Nesterenkonia_aethiopica
FJ478992.1.1517,SRR21726043,8.59E-05,331464093,470,111,SRX17721938,44_16S,Illumina MiSeq,SRP346777,PRJNA781615,SRS15251963,SAMN31036836,44_16S,Green turtle hatchling stomach sample,Bacteria,Gemmatimonadota,S0134_terrestrial_group,S0134_terrestrial_group,S0134_terrestrial_group,S0134_terrestrial_group,uncultured_bacterium
KC577168.1.1339,SRR21726043,8.59E-05,331464093,470,111,SRX17721938,44_16S,Illumina MiSeq,SRP346777,PRJNA781615,SRS15251963,SAMN31036836,44_16S,Green turtle hatchling stomach sample,Bacteria,Actinobacteriota,Actinobacteria,Streptosporangiales,Thermomonosporaceae,Actinomadura,Actinomadura_fulvescens
KF740336.1.1433,SRR21726043,8.59E-05,331464093,470,111,SRX17721938,44_16S,Illumina MiSeq,SRP346777,PRJNA781615,SRS15251963,SAMN31036836,44_16S,Green turtle hatchling stomach sample,Bacteria,Proteobacteria,Gammaproteobacteria,Burkholderiales,Oxalobacteraceae,Duganella,Duganella_sp.
KT583751.1.1467,SRR21726043,8.59E-05,331464093,470,111,SRX17721938,44_16S,Illumina MiSeq,SRP346777,PRJNA781615,SRS15251963,SAMN31036836,44_16S,Green turtle hatchling stomach sample,Bacteria,Proteobacteria,Gammaproteobacteria,Xanthomonadales,Xanthomonadaceae,Lysobacter,Lysobacter_aestuarii
AB035558.1.1490,SRR21726020,8.57E-05,305472186,499,108,SRX17721961,34_16S,Illumina MiSeq,SRP346777,PRJNA781615,SRS15251985,SAMN31036826,34_16S,Green turtle juvenile cloacal swab,Bacteria,Proteobacteria,Gammaproteobacteria,Alteromonadales,Alteromonadaceae,uncultured,uncultured_marine
AMRV01000034.30.1498,SRR21726020,8.57E-05,305472186,499,108,SRX17721961,34_16S,Illumina MiSeq,SRP346777,PRJNA781615,SRS15251985,SAMN31036826,34_16S,Green turtle juvenile cloacal swab,Bacteria,Proteobacteria,Alphaproteobacteria,Sphingomonadales,Sphingomonadaceae,uncultured,alpha_proteobacterium
EU135297.1.1352,SRR21726020,8.57E-05,305472186,499,108,SRX17721961,34_16S,Illumina MiSeq,SRP346777,PRJNA781615,SRS15251985,SAMN31036826,34_16S,Green turtle juvenile cloacal swab,Bacteria,Planctomycetota,Phycisphaerae,Tepidisphaerales,WD2101_soil_group,WD2101_soil_group,uncultured_bacterium
KF906719.1.1486,SRR21726020,8.57E-05,305472186,499,108,SRX17721961,34_16S,Illumina MiSeq,SRP346777,PRJNA781615,SRS15251985,SAMN31036826,34_16S,Green turtle juvenile cloacal swab,Bacteria,Bacteroidota,Bacteroidia,Flavobacteriales,Flavobacteriaceae,Aquimarina,Aquimarina_atlantica
EU484189.1.1402,SRR21726023,8.51E-05,340042833,498,113,SRX17721958,31_16S,Illumina MiSeq,SRP346777,PRJNA781615,SRS15251982,SAMN31036823,31_16S,Green turtle hatchling intestine sample,Bacteria,Actinobacteriota,Actinobacteria,Micrococcales,Brevibacteriaceae,Brevibacterium,Brevibacterium_pityocampae
FPLS01041506.10.1503,SRR21726023,8.51E-05,340042833,498,113,SRX17721958,31_16S,Illumina MiSeq,SRP346777,PRJNA781615,SRS15251982,SAMN31036823,31_16S,Green turtle hatchling intestine sample,Bacteria,Actinobacteriota,Acidimicrobiia,Microtrichales,Ilumatobacteraceae,CL500-29_marine_group,metagenome
EF515367.1.1415,SRR21726045,8.45E-05,293530160,484,103,SRX17721936,42_16S,Illumina MiSeq,SRP346777,PRJNA781615,SRS15251960,SAMN31036834,42_16S,Green turtle hatchling stomach sample,Bacteria,Proteobacteria,Gammaproteobacteria,Xanthomonadales,Xanthomonadaceae,Stenotrophomonas,uncultured_bacterium
HQ631964.1.1253,SRR21726045,8.45E-05,293530160,484,103,SRX17721936,42_16S,Illumina MiSeq,SRP346777,PRJNA781615,SRS15251960,SAMN31036834,42_16S,Green turtle hatchling stomach sample,Bacteria,Proteobacteria,Alphaproteobacteria,Rhizobiales,Rhizobiaceae,Nitratireductor,Phyllobacteriaceae_bacterium
JQ214916.1.1301,SRR21726045,8.45E-05,293530160,484,103,SRX17721936,42_16S,Illumina MiSeq,SRP346777,PRJNA781615,SRS15251960,SAMN31036834,42_16S,Green turtle hatchling stomach sample,Bacteria,Patescibacteria,Saccharimonadia,Saccharimonadales,Saccharimonadales,Saccharimonadales,uncultured_bacterium
JQ665385.1.1228,SRR21726047,8.37E-05,352120514,500,118,SRX17721934,40_16S,Illumina MiSeq,SRP346777,PRJNA781615,SRS15251958,SAMN31036832,40_16S,Green turtle juvenile esophageal swab,Bacteria,Proteobacteria,Gammaproteobacteria,Vibrionales,Vibrionaceae,Vibrio,Vibrio_harveyi
MH748684.1.1275,SRR21726051,8.34E-05,345760543,484,123,SRX17721930,28_16S,Illumina MiSeq,SRP346777,PRJNA781615,SRS15251954,SAMN31036820,28_16S,Green turtle juvenile cloacal swab,Bacteria,Firmicutes,Bacilli,Staphylococcales,Staphylococcaceae,Staphylococcus,Staphylococcus_saprophyticus
DQ269102.1.1292,SRR21726049,8.28E-05,398448802,499,134,SRX17721932,38_16S,Illumina MiSeq,SRP346777,PRJNA781615,SRS15251956,SAMN31036830,38_16S,Green turtle juvenile cloacal swab,Bacteria,Planctomycetota,Planctomycetes,Pirellulales,Pirellulaceae,Blastopirellula,uncultured_planctomycete
JN494200.1.1460,SRR21726049,8.28E-05,398448802,499,134,SRX17721932,38_16S,Illumina MiSeq,SRP346777,PRJNA781615,SRS15251956,SAMN31036830,38_16S,Green turtle juvenile cloacal swab,Bacteria,Planctomycetota,Planctomycetes,Pirellulales,Pirellulaceae,Pirellula,uncultured_organism
JQ516376.1.1432,SRR21726049,8.28E-05,398448802,499,134,SRX17721932,38_16S,Illumina MiSeq,SRP346777,PRJNA781615,SRS15251956,SAMN31036830,38_16S,Green turtle juvenile cloacal swab,Bacteria,Verrucomicrobiota,Verrucomicrobiae,Methylacidiphilales,Methylacidiphilaceae,uncultured,uncultured_Verrucomicrobiaceae
JQ665365.1.1211,SRR21726049,8.28E-05,398448802,499,134,SRX17721932,38_16S,Illumina MiSeq,SRP346777,PRJNA781615,SRS15251956,SAMN31036830,38_16S,Green turtle juvenile cloacal swab,Bacteria,Proteobacteria,Gammaproteobacteria,Vibrionales,Vibrionaceae,Vibrio,Vibrio_owensii
JF769600.1.1503,SRR21726046,8.07E-05,264019405,500,87,SRX17721935,41_16S,Illumina MiSeq,SRP346777,PRJNA781615,SRS15251959,SAMN31036833,41_16S,Green turtle juvenile cloacal swab,Bacteria,Bdellovibrionota,Bdellovibrionia,Bdellovibrionales,Bdellovibrionaceae,Bdellovibrio,uncultured_bacterium
KJ599868.1.1247,SRR21726046,8.07E-05,264019405,500,87,SRX17721935,41_16S,Illumina MiSeq,SRP346777,PRJNA781615,SRS15251959,SAMN31036833,41_16S,Green turtle juvenile cloacal swab,Bacteria,Actinobacteriota,Actinobacteria,Micrococcales,Micrococcaceae,Kocuria,Kocuria_sp.
AB557547.1.1477,SRR21726019,8.01E-05,338063986,499,119,SRX17721962,35_16S,Illumina MiSeq,SRP346777,PRJNA781615,SRS15251986,SAMN31036827,35_16S,Green turtle juvenile cloacal swab,Bacteria,Bacteroidota,Bacteroidia,Flavobacteriales,Flavobacteriaceae,Flavobacteriaceae,Aureicoccus_marinus
JQ407984.1.1320,SRR21726019,8.01E-05,338063986,499,119,SRX17721962,35_16S,Illumina MiSeq,SRP346777,PRJNA781615,SRS15251986,SAMN31036827,35_16S,Green turtle juvenile cloacal swab,Bacteria,Chloroflexi,Chloroflexia,Thermomicrobiales,JG30-KF-CM45,JG30-KF-CM45,uncultured_bacterium
JQ213664.1.1356,SRR21726048,7.98E-05,339853596,500,116,SRX17721933,39_16S,Illumina MiSeq,SRP346777,PRJNA781615,SRS15251957,SAMN31036831,39_16S,Green turtle juvenile esophageal swab,Bacteria,Proteobacteria,Gammaproteobacteria,Pseudomonadales,Moraxellaceae,Psychrobacter,uncultured_bacterium
AB294977.1.1461,SRR21726029,7.89E-05,383977850,499,131,SRX17721952,30_16S,Illumina MiSeq,SRP346777,PRJNA781615,SRS15251976,SAMN31036822,30_16S,Green turtle hatchling stomach sample,Bacteria,Desulfobacterota,Desulfobulbia,Desulfobulbales,Desulfocapsaceae,uncultured,uncultured_Desulfobulbaceae
AB487408.1.1350,SRR21726029,7.89E-05,383977850,499,131,SRX17721952,30_16S,Illumina MiSeq,SRP346777,PRJNA781615,SRS15251976,SAMN31036822,30_16S,Green turtle hatchling stomach sample,Bacteria,Firmicutes,Clostridia,Christensenellales,Christensenellaceae,Christensenellaceae_R-7_group,uncultured_bacterium
AB557547.1.1477,SRR21726029,7.89E-05,383977850,499,131,SRX17721952,30_16S,Illumina MiSeq,SRP346777,PRJNA781615,SRS15251976,SAMN31036822,30_16S,Green turtle hatchling stomach sample,Bacteria,Bacteroidota,Bacteroidia,Flavobacteriales,Flavobacteriaceae,Flavobacteriaceae,Aureicoccus_marinus
DQ234200.1.1520,SRR21726029,7.89E-05,383977850,499,131,SRX17721952,30_16S,Illumina MiSeq,SRP346777,PRJNA781615,SRS15251976,SAMN31036822,30_16S,Green turtle hatchling stomach sample,Bacteria,Proteobacteria,Alphaproteobacteria,Rhodobacterales,Rhodobacteraceae,HIMB11,uncultured_Rhodobacteraceae
EF123312.1.1455,SRR21726029,7.89E-05,383977850,499,131,SRX17721952,30_16S,Illumina MiSeq,SRP346777,PRJNA781615,SRS15251976,SAMN31036822,30_16S,Green turtle hatchling stomach sample,Bacteria,Proteobacteria,Alphaproteobacteria,Rhizobiales,Rhizobiaceae,uncultured,uncultured_Alphaproteobacteria
EU156067.1.1418,SRR21726029,7.89E-05,383977850,499,131,SRX17721952,30_16S,Illumina MiSeq,SRP346777,PRJNA781615,SRS15251976,SAMN31036822,30_16S,Green turtle hatchling stomach sample,Bacteria,Proteobacteria,Alphaproteobacteria,Rhodobacterales,Rhodobacteraceae,Jannaschia,Jannaschia_seohaensis
HF558622.1.1497,SRR21726029,7.89E-05,383977850,499,131,SRX17721952,30_16S,Illumina MiSeq,SRP346777,PRJNA781615,SRS15251976,SAMN31036822,30_16S,Green turtle hatchling stomach sample,Bacteria,Bacteroidota,Rhodothermia,Balneolales,Balneolaceae,uncultured,uncultured_bacterium
HQ396971.1.1493,SRR21726029,7.89E-05,383977850,499,131,SRX17721952,30_16S,Illumina MiSeq,SRP346777,PRJNA781615,SRS15251976,SAMN31036822,30_16S,Green turtle hatchling stomach sample,Bacteria,Bacteroidota,Bacteroidia,Flavobacteriales,Flavobacteriaceae,Gramella,uncultured_Gramella
HQ845450.1.1439,SRR21726029,7.89E-05,383977850,499,131,SRX17721952,30_16S,Illumina MiSeq,SRP346777,PRJNA781615,SRS15251976,SAMN31036822,30_16S,Green turtle hatchling stomach sample,Bacteria,Planctomycetota,Planctomycetes,Pirellulales,Pirellulaceae,Blastopirellula,Mariniblastus_fucicola
KU578620.1.1395,SRR21726029,7.89E-05,383977850,499,131,SRX17721952,30_16S,Illumina MiSeq,SRP346777,PRJNA781615,SRS15251976,SAMN31036822,30_16S,Green turtle hatchling stomach sample,Bacteria,Proteobacteria,Gammaproteobacteria,UBA10353_marine_group,UBA10353_marine_group,UBA10353_marine_group,uncultured_bacterium
KX212247.1.1200,SRR21726029,7.89E-05,383977850,499,131,SRX17721952,30_16S,Illumina MiSeq,SRP346777,PRJNA781615,SRS15251976,SAMN31036822,30_16S,Green turtle hatchling stomach sample,Bacteria,Proteobacteria,Gammaproteobacteria,Pseudomonadales,Pseudomonadaceae,Pseudomonas,Pseudomonas_aeruginosa
KX364013.1.1249,SRR21726029,7.89E-05,383977850,499,131,SRX17721952,30_16S,Illumina MiSeq,SRP346777,PRJNA781615,SRS15251976,SAMN31036822,30_16S,Green turtle hatchling stomach sample,Bacteria,Proteobacteria,Gammaproteobacteria,Burkholderiales,Comamonadaceae,Hydrogenophaga,Hydrogenophaga_sp.
KY770579.1.1381,SRR21726029,7.89E-05,383977850,499,131,SRX17721952,30_16S,Illumina MiSeq,SRP346777,PRJNA781615,SRS15251976,SAMN31036822,30_16S,Green turtle hatchling stomach sample,Bacteria,Proteobacteria,Alphaproteobacteria,Rhodobacterales,Rhodobacteraceae,Roseibacterium,Roseobacter_sp.
LN560417.1.1359,SRR21726029,7.89E-05,383977850,499,131,SRX17721952,30_16S,Illumina MiSeq,SRP346777,PRJNA781615,SRS15251976,SAMN31036822,30_16S,Green turtle hatchling stomach sample,Bacteria,Bacteroidota,Bacteroidia,Flavobacteriales,Flavobacteriaceae,Flavobacterium,uncultured_bacterium
AM411916.1.1307,SRR21726043,7.81E-05,331464093,470,111,SRX17721938,44_16S,Illumina MiSeq,SRP346777,PRJNA781615,SRS15251963,SAMN31036836,44_16S,Green turtle hatchling stomach sample,Bacteria,Proteobacteria,Alphaproteobacteria,Caulobacterales,Caulobacteraceae,Phenylobacterium,Phenylobacterium_sp.
JN535091.1.1463,SRR21726043,7.81E-05,331464093,470,111,SRX17721938,44_16S,Illumina MiSeq,SRP346777,PRJNA781615,SRS15251963,SAMN31036836,44_16S,Green turtle hatchling stomach sample,Bacteria,Proteobacteria,Gammaproteobacteria,Gammaproteobacteria_Incertae_Sedis,Unknown_Family,uncultured,uncultured_organism
KP054180.1.1443,SRR21726043,7.81E-05,331464093,470,111,SRX17721938,44_16S,Illumina MiSeq,SRP346777,PRJNA781615,SRS15251963,SAMN31036836,44_16S,Green turtle hatchling stomach sample,Bacteria,Acidobacteriota,Blastocatellia,Blastocatellales,Blastocatellaceae,JGI_0001001-H03,uncultured_bacterium
EU050816.1.1423,SRR21726020,7.79E-05,305472186,499,108,SRX17721961,34_16S,Illumina MiSeq,SRP346777,PRJNA781615,SRS15251985,SAMN31036826,34_16S,Green turtle juvenile cloacal swab,Bacteria,Proteobacteria,Gammaproteobacteria,Oceanospirillales,Kangiellaceae,Aliikangiella,uncultured_gamma
FJ358858.1.1426,SRR21726020,7.79E-05,305472186,499,108,SRX17721961,34_16S,Illumina MiSeq,SRP346777,PRJNA781615,SRS15251985,SAMN31036826,34_16S,Green turtle juvenile cloacal swab,Bacteria,Proteobacteria,Alphaproteobacteria,Rhizobiales,Rhizobiaceae,Cohaesibacter,uncultured_Alphaproteobacteria
JF272229.1.1480,SRR21726020,7.79E-05,305472186,499,108,SRX17721961,34_16S,Illumina MiSeq,SRP346777,PRJNA781615,SRS15251985,SAMN31036826,34_16S,Green turtle juvenile cloacal swab,Bacteria,Planctomycetota,Planctomycetes,Pirellulales,Pirellulaceae,Blastopirellula,uncultured_bacterium
KF616698.1.1483,SRR21726020,7.79E-05,305472186,499,108,SRX17721961,34_16S,Illumina MiSeq,SRP346777,PRJNA781615,SRS15251985,SAMN31036826,34_16S,Green turtle juvenile cloacal swab,Bacteria,Myxococcota,Polyangia,Polyangiales,Sandaracinaceae,Sandaracinus,uncultured_bacterium
DQ298279.1.1381,SRR21726023,7.74E-05,340042833,498,113,SRX17721958,31_16S,Illumina MiSeq,SRP346777,PRJNA781615,SRS15251982,SAMN31036823,31_16S,Green turtle hatchling intestine sample,Bacteria,Actinobacteriota,Actinobacteria,Propionibacteriales,Nocardioidaceae,Nocardioides,uncultured_bacterium
EF123312.1.1455,SRR21726023,7.74E-05,340042833,498,113,SRX17721958,31_16S,Illumina MiSeq,SRP346777,PRJNA781615,SRS15251982,SAMN31036823,31_16S,Green turtle hatchling intestine sample,Bacteria,Proteobacteria,Alphaproteobacteria,Rhizobiales,Rhizobiaceae,uncultured,uncultured_Alphaproteobacteria
JN596599.1.1369,SRR21726023,7.74E-05,340042833,498,113,SRX17721958,31_16S,Illumina MiSeq,SRP346777,PRJNA781615,SRS15251982,SAMN31036823,31_16S,Green turtle hatchling intestine sample,Bacteria,Patescibacteria,Saccharimonadia,Saccharimonadales,Saccharimonadales,Saccharimonadales,uncultured_Candidatus
JQ347320.1.1490,SRR21726023,7.74E-05,340042833,498,113,SRX17721958,31_16S,Illumina MiSeq,SRP346777,PRJNA781615,SRS15251982,SAMN31036823,31_16S,Green turtle hatchling intestine sample,Bacteria,Proteobacteria,Gammaproteobacteria,Arenicellales,Arenicellaceae,Perspicuibacter,uncultured_bacterium
JQ580268.1.1486,SRR21726023,7.74E-05,340042833,498,113,SRX17721958,31_16S,Illumina MiSeq,SRP346777,PRJNA781615,SRS15251982,SAMN31036823,31_16S,Green turtle hatchling intestine sample,Bacteria,Bacteroidota,Bacteroidia,Chitinophagales,Saprospiraceae,uncultured,uncultured_Alphaproteobacteria
JQ665365.1.1211,SRR21726044,7.49E-05,355385245,500,127,SRX17721937,43_16S,Illumina MiSeq,SRP346777,PRJNA781615,SRS15251961,SAMN31036835,43_16S,Green turtle hatchling intestine sample,Bacteria,Proteobacteria,Gammaproteobacteria,Vibrionales,Vibrionaceae,Vibrio,Vibrio_owensii
MH745860.1.1200,SRR21726051,7.33E-05,345760543,484,123,SRX17721930,28_16S,Illumina MiSeq,SRP346777,PRJNA781615,SRS15251954,SAMN31036820,28_16S,Green turtle juvenile cloacal swab,Bacteria,Actinobacteriota,Actinobacteria,Corynebacteriales,Mycobacteriaceae,Mycobacterium,Mycobacterium_sp.
EU328009.1.1481,SRR21726046,7.33E-05,264019405,500,87,SRX17721935,41_16S,Illumina MiSeq,SRP346777,PRJNA781615,SRS15251959,SAMN31036833,41_16S,Green turtle juvenile cloacal swab,Bacteria,Bacteroidota,Bacteroidia,Cytophagales,Cyclobacteriaceae,Fulvivirga,uncultured_Flexibacter
KF070243.1.1385,SRR21726046,7.33E-05,264019405,500,87,SRX17721935,41_16S,Illumina MiSeq,SRP346777,PRJNA781615,SRS15251959,SAMN31036833,41_16S,Green turtle juvenile cloacal swab,Bacteria,Firmicutes,Bacilli,Exiguobacterales,Exiguobacteraceae,Exiguobacterium,uncultured_bacterium
KT880258.1.1495,SRR21726046,7.33E-05,264019405,500,87,SRX17721935,41_16S,Illumina MiSeq,SRP346777,PRJNA781615,SRS15251959,SAMN31036833,41_16S,Green turtle juvenile cloacal swab,Bacteria,Proteobacteria,Gammaproteobacteria,Cellvibrionales,Halieaceae,Parahaliea,uncultured_gamma
KY053180.1.1383,SRR21726046,7.33E-05,264019405,500,87,SRX17721935,41_16S,Illumina MiSeq,SRP346777,PRJNA781615,SRS15251959,SAMN31036833,41_16S,Green turtle juvenile cloacal swab,Bacteria,Bacteroidota,Bacteroidia,Flavobacteriales,Flavobacteriaceae,Mangrovimonas,Bacteroidetes_bacterium
JF722672.1.1483,SRR21726040,7.19E-05,377927131,499,134,SRX17721941,29_16S,Illumina MiSeq,SRP346777,PRJNA781615,SRS15251965,SAMN31036821,29_16S,Green turtle juvenile cloacal swab,Bacteria,Proteobacteria,Gammaproteobacteria,Burkholderiales,Comamonadaceae,Comamonas,Comamonas_sp.
AB073573.1.1395,SRR21726029,7.10E-05,383977850,499,131,SRX17721952,30_16S,Illumina MiSeq,SRP346777,PRJNA781615,SRS15251976,SAMN31036822,30_16S,Green turtle hatchling stomach sample,Bacteria,Bacteroidota,Bacteroidia,Flavobacteriales,Flavobacteriaceae,Mesoflavibacter,Cytophaga_sp.
CU914879.1.1325,SRR21726029,7.10E-05,383977850,499,131,SRX17721952,30_16S,Illumina MiSeq,SRP346777,PRJNA781615,SRS15251976,SAMN31036822,30_16S,Green turtle hatchling stomach sample,Bacteria,Bacteroidota,Bacteroidia,Flavobacteriales,Flavobacteriaceae,Vitellibacter,uncultured_bacterium
DQ269060.1.1469,SRR21726029,7.10E-05,383977850,499,131,SRX17721952,30_16S,Illumina MiSeq,SRP346777,PRJNA781615,SRS15251976,SAMN31036822,30_16S,Green turtle hatchling stomach sample,Bacteria,Actinobacteriota,Acidimicrobiia,Microtrichales,Microtrichaceae,uncultured,uncultured_bacterium
GQ348652.1.1397,SRR21726029,7.10E-05,383977850,499,131,SRX17721952,30_16S,Illumina MiSeq,SRP346777,PRJNA781615,SRS15251976,SAMN31036822,30_16S,Green turtle hatchling stomach sample,Bacteria,Planctomycetota,BD7-11,BD7-11,BD7-11,BD7-11,uncultured_planctomycete
HG966617.2636555.2638022,SRR21726029,7.10E-05,383977850,499,131,SRX17721952,30_16S,Illumina MiSeq,SRP346777,PRJNA781615,SRS15251976,SAMN31036822,30_16S,Green turtle hatchling stomach sample,Bacteria,Proteobacteria,Alphaproteobacteria,Parvibaculales,Parvibaculaceae,Candidatus_Phaeomarinobacter,Candidatus_Phaeomarinobacter
HQ188592.1.1349,SRR21726029,7.10E-05,383977850,499,131,SRX17721952,30_16S,Illumina MiSeq,SRP346777,PRJNA781615,SRS15251976,SAMN31036822,30_16S,Green turtle hatchling stomach sample,Bacteria,Actinobacteriota,Actinobacteria,Propionibacteriales,Nocardioidaceae,Nocardioides,Erythrobacter_sp.
HQ190542.1.1502,SRR21726029,7.10E-05,383977850,499,131,SRX17721952,30_16S,Illumina MiSeq,SRP346777,PRJNA781615,SRS15251976,SAMN31036822,30_16S,Green turtle hatchling stomach sample,Bacteria,Bacteroidota,Rhodothermia,Rhodothermales,Rhodothermaceae,uncultured,uncultured_bacterium
JF198713.1.1357,SRR21726029,7.10E-05,383977850,499,131,SRX17721952,30_16S,Illumina MiSeq,SRP346777,PRJNA781615,SRS15251976,SAMN31036822,30_16S,Green turtle hatchling stomach sample,Bacteria,Bacteroidota,Bacteroidia,Chitinophagales,Chitinophagaceae,uncultured,uncultured_bacterium
JN465001.1.1294,SRR21726029,7.10E-05,383977850,499,131,SRX17721952,30_16S,Illumina MiSeq,SRP346777,PRJNA781615,SRS15251976,SAMN31036822,30_16S,Green turtle hatchling stomach sample,Bacteria,Planctomycetota,Phycisphaerae,Phycisphaerales,Phycisphaeraceae,uncultured,uncultured_organism
KF265351.1.1402,SRR21726029,7.10E-05,383977850,499,131,SRX17721952,30_16S,Illumina MiSeq,SRP346777,PRJNA781615,SRS15251976,SAMN31036822,30_16S,Green turtle hatchling stomach sample,Bacteria,Firmicutes,Bacilli,Bacillales,Bacillaceae,Bacillus,Bacillus_filamentosus
KJ599868.1.1247,SRR21726029,7.10E-05,383977850,499,131,SRX17721952,30_16S,Illumina MiSeq,SRP346777,PRJNA781615,SRS15251976,SAMN31036822,30_16S,Green turtle hatchling stomach sample,Bacteria,Actinobacteriota,Actinobacteria,Micrococcales,Micrococcaceae,Kocuria,Kocuria_sp.
LN569742.1.1357,SRR21726029,7.10E-05,383977850,499,131,SRX17721952,30_16S,Illumina MiSeq,SRP346777,PRJNA781615,SRS15251976,SAMN31036822,30_16S,Green turtle hatchling stomach sample,Bacteria,Planctomycetota,Planctomycetes,Pirellulales,Pirellulaceae,Pirellula,uncultured_bacterium
AB735546.1.1462,SRR21726049,7.10E-05,398448802,499,134,SRX17721932,38_16S,Illumina MiSeq,SRP346777,PRJNA781615,SRS15251956,SAMN31036830,38_16S,Green turtle juvenile cloacal swab,Bacteria,Proteobacteria,Gammaproteobacteria,Salinisphaerales,Salinisphaeraceae,Salinisphaera,Salinisphaera_japonica
JN529071.1.1427,SRR21726049,7.10E-05,398448802,499,134,SRX17721932,38_16S,Illumina MiSeq,SRP346777,PRJNA781615,SRS15251956,SAMN31036830,38_16S,Green turtle juvenile cloacal swab,Bacteria,SAR324_clade(Marine_group_B),SAR324_clade(Marine_group_B),SAR324_clade(Marine_group_B),SAR324_clade(Marine_group_B),SAR324_clade(Marine_group_B),uncultured_organism
JN672661.1.1465,SRR21726049,7.10E-05,398448802,499,134,SRX17721932,38_16S,Illumina MiSeq,SRP346777,PRJNA781615,SRS15251956,SAMN31036830,38_16S,Green turtle juvenile cloacal swab,Bacteria,Proteobacteria,Gammaproteobacteria,UBA10353_marine_group,UBA10353_marine_group,UBA10353_marine_group,uncultured_gamma
JQ198408.1.1353,SRR21726049,7.10E-05,398448802,499,134,SRX17721932,38_16S,Illumina MiSeq,SRP346777,PRJNA781615,SRS15251956,SAMN31036830,38_16S,Green turtle juvenile cloacal swab,Bacteria,Bacteroidota,Bacteroidia,Sphingobacteriales,NS11-12_marine_group,NS11-12_marine_group,uncultured_bacterium
DQ298279.1.1381,SRR21726045,7.09E-05,293530160,484,103,SRX17721936,42_16S,Illumina MiSeq,SRP346777,PRJNA781615,SRS15251960,SAMN31036834,42_16S,Green turtle hatchling stomach sample,Bacteria,Actinobacteriota,Actinobacteria,Propionibacteriales,Nocardioidaceae,Nocardioides,uncultured_bacterium
HQ115552.1.1374,SRR21726043,7.03E-05,331464093,470,111,SRX17721938,44_16S,Illumina MiSeq,SRP346777,PRJNA781615,SRS15251963,SAMN31036836,44_16S,Green turtle hatchling stomach sample,Bacteria,Proteobacteria,Gammaproteobacteria,Burkholderiales,Comamonadaceae,Aquabacterium,uncultured_bacterium
AM697576.1.1454,SRR21726020,7.01E-05,305472186,499,108,SRX17721961,34_16S,Illumina MiSeq,SRP346777,PRJNA781615,SRS15251985,SAMN31036826,34_16S,Green turtle juvenile cloacal swab,Bacteria,Acidobacteriota,Acidobacteriae,Acidobacteriales,Acidobacteriaceae_(Subgroup_1),Edaphobacter,uncultured_bacterium
AY574575.1.1449,SRR21726020,7.01E-05,305472186,499,108,SRX17721961,34_16S,Illumina MiSeq,SRP346777,PRJNA781615,SRS15251985,SAMN31036826,34_16S,Green turtle juvenile cloacal swab,Bacteria,Actinobacteriota,Actinobacteria,Micrococcales,Micrococcaceae,Nesterenkonia,Nesterenkonia_aethiopica
EU223963.1.1582,SRR21726020,7.01E-05,305472186,499,108,SRX17721961,34_16S,Illumina MiSeq,SRP346777,PRJNA781615,SRS15251985,SAMN31036826,34_16S,Green turtle juvenile cloacal swab,Bacteria,Proteobacteria,Gammaproteobacteria,Burkholderiales,SC-I-84,SC-I-84,uncultured_bacterium
KM356638.1.1456,SRR21726020,7.01E-05,305472186,499,108,SRX17721961,34_16S,Illumina MiSeq,SRP346777,PRJNA781615,SRS15251985,SAMN31036826,34_16S,Green turtle juvenile cloacal swab,Bacteria,Planctomycetota,Planctomycetes,Pirellulales,Pirellulaceae,Rubripirellula,uncultured_bacterium
AM500788.1.1435,SRR21726019,7.01E-05,338063986,499,119,SRX17721962,35_16S,Illumina MiSeq,SRP346777,PRJNA781615,SRS15251986,SAMN31036827,35_16S,Green turtle juvenile cloacal swab,Bacteria,Firmicutes,Clostridia,Lachnospirales,Lachnospiraceae,Lachnoclostridium,uncultured_bacterium
AY771944.1.1521,SRR21726019,7.01E-05,338063986,499,119,SRX17721962,35_16S,Illumina MiSeq,SRP346777,PRJNA781615,SRS15251986,SAMN31036827,35_16S,Green turtle juvenile cloacal swab,Bacteria,Desulfobacterota,Desulfobacteria,Desulfobacterales,Desulfosarcinaceae,Desulfosarcina,uncultured_delta
FJ644616.1.1358,SRR21726019,7.01E-05,338063986,499,119,SRX17721962,35_16S,Illumina MiSeq,SRP346777,PRJNA781615,SRS15251986,SAMN31036827,35_16S,Green turtle juvenile cloacal swab,Bacteria,Bacteroidota,Bacteroidia,Flavobacteriales,Flavobacteriaceae,uncultured,uncultured_bacterium
FJ666185.1.1209,SRR21726019,7.01E-05,338063986,499,119,SRX17721962,35_16S,Illumina MiSeq,SRP346777,PRJNA781615,SRS15251986,SAMN31036827,35_16S,Green turtle juvenile cloacal swab,Bacteria,Proteobacteria,Gammaproteobacteria,Oceanospirillales,Halomonadaceae,Halomonas,uncultured_gamma
GU061605.1.1496,SRR21726019,7.01E-05,338063986,499,119,SRX17721962,35_16S,Illumina MiSeq,SRP346777,PRJNA781615,SRS15251986,SAMN31036827,35_16S,Green turtle juvenile cloacal swab,Bacteria,Proteobacteria,Gammaproteobacteria,Cellvibrionales,Cellvibrionaceae,Maricurvus,uncultured_bacterium
HM799013.1.1452,SRR21726019,7.01E-05,338063986,499,119,SRX17721962,35_16S,Illumina MiSeq,SRP346777,PRJNA781615,SRS15251986,SAMN31036827,35_16S,Green turtle juvenile cloacal swab,Bacteria,Chloroflexi,Anaerolineae,Caldilineales,Caldilineaceae,uncultured,uncultured_Chloroflexi
JF344046.1.1504,SRR21726019,7.01E-05,338063986,499,119,SRX17721962,35_16S,Illumina MiSeq,SRP346777,PRJNA781615,SRS15251986,SAMN31036827,35_16S,Green turtle juvenile cloacal swab,Bacteria,Myxococcota,Polyangia,Polyangiales,Sandaracinaceae,uncultured,uncultured_delta
JQ516381.1.1405,SRR21726019,7.01E-05,338063986,499,119,SRX17721962,35_16S,Illumina MiSeq,SRP346777,PRJNA781615,SRS15251986,SAMN31036827,35_16S,Green turtle juvenile cloacal swab,Bacteria,Fusobacteriota,Fusobacteriia,Fusobacteriales,Fusobacteriaceae,Propionigenium,uncultured_Propionigenium
KC432292.1.1353,SRR21726019,7.01E-05,338063986,499,119,SRX17721962,35_16S,Illumina MiSeq,SRP346777,PRJNA781615,SRS15251986,SAMN31036827,35_16S,Green turtle juvenile cloacal swab,Bacteria,Bacteroidota,SJA-28,SJA-28,SJA-28,SJA-28,uncultured_bacterium
LN570668.1.1372,SRR21726019,7.01E-05,338063986,499,119,SRX17721962,35_16S,Illumina MiSeq,SRP346777,PRJNA781615,SRS15251986,SAMN31036827,35_16S,Green turtle juvenile cloacal swab,Bacteria,Bacteroidota,Bacteroidia,Chitinophagales,Chitinophagaceae,Flavitalea,uncultured_bacterium
AB245515.1.1491,SRR21726023,6.96E-05,340042833,498,113,SRX17721958,31_16S,Illumina MiSeq,SRP346777,PRJNA781615,SRS15251982,SAMN31036823,31_16S,Green turtle hatchling intestine sample,Bacteria,Proteobacteria,Gammaproteobacteria,Alteromonadales,Shewanellaceae,Ferrimonas,Ferrimonas_futtsuensis
JMVT01000010.106409.107654,SRR21726023,6.96E-05,340042833,498,113,SRX17721958,31_16S,Illumina MiSeq,SRP346777,PRJNA781615,SRS15251982,SAMN31036823,31_16S,Green turtle hatchling intestine sample,Bacteria,Proteobacteria,Gammaproteobacteria,Enterobacterales,Enterobacteriaceae,Escherichia-Shigella,Escherichia_coli
JN532054.1.1440,SRR21726023,6.96E-05,340042833,498,113,SRX17721958,31_16S,Illumina MiSeq,SRP346777,PRJNA781615,SRS15251982,SAMN31036823,31_16S,Green turtle hatchling intestine sample,Bacteria,Dependentiae,Babeliae,Babeliales,Babeliaceae,Babeliaceae,uncultured_organism
KJ566304.1.1424,SRR21726023,6.96E-05,340042833,498,113,SRX17721958,31_16S,Illumina MiSeq,SRP346777,PRJNA781615,SRS15251982,SAMN31036823,31_16S,Green turtle hatchling intestine sample,Bacteria,Proteobacteria,Alphaproteobacteria,Parvibaculales,PS1_clade,PS1_clade,uncultured_Alphaproteobacteria
KJ590610.1.1504,SRR21726023,6.96E-05,340042833,498,113,SRX17721958,31_16S,Illumina MiSeq,SRP346777,PRJNA781615,SRS15251982,SAMN31036823,31_16S,Green turtle hatchling intestine sample,Bacteria,Planctomycetota,Planctomycetes,Pirellulales,Pirellulaceae,Bythopirellula,uncultured_bacterium
AB180234.1.1396,SRR21726045,6.82E-05,293530160,484,103,SRX17721936,42_16S,Illumina MiSeq,SRP346777,PRJNA781615,SRS15251960,SAMN31036834,42_16S,Green turtle hatchling stomach sample,Bacteria,Actinobacteriota,Actinobacteria,Micrococcales,Intrasporangiaceae,Janibacter,Janibacter_sp.
MG438536.1.1492,SRR21726045,6.82E-05,293530160,484,103,SRX17721936,42_16S,Illumina MiSeq,SRP346777,PRJNA781615,SRS15251960,SAMN31036834,42_16S,Green turtle hatchling stomach sample,Bacteria,Actinobacteriota,Actinobacteria,Micrococcales,Microbacteriaceae,Leucobacter,Leucobacter_sp.
KF410342.1.1369,SRR21726040,6.79E-05,377927131,499,134,SRX17721941,29_16S,Illumina MiSeq,SRP346777,PRJNA781615,SRS15251965,SAMN31036821,29_16S,Green turtle juvenile cloacal swab,Bacteria,Actinobacteriota,Actinobacteria,Corynebacteriales,Nocardiaceae,Rhodococcus,Rhodococcus_maanshanensis
JX504372.1.1518,SRR21726021,6.74E-05,345478090,500,115,SRX17721960,33_16S,Illumina MiSeq,SRP346777,PRJNA781615,SRS15251984,SAMN31036825,33_16S,Green turtle juvenile esophageal swab,Bacteria,Actinobacteriota,Acidimicrobiia,Actinomarinales,Actinomarinales,Actinomarinales,uncultured_bacterium
EU104128.1.1456,SRR21726051,6.67E-05,345760543,484,123,SRX17721930,28_16S,Illumina MiSeq,SRP346777,PRJNA781615,SRS15251954,SAMN31036820,28_16S,Green turtle juvenile cloacal swab,Bacteria,Proteobacteria,Gammaproteobacteria,Burkholderiales,Comamonadaceae,Comamonas,uncultured_bacterium
FR828474.1.1460,SRR21726051,6.67E-05,345760543,484,123,SRX17721930,28_16S,Illumina MiSeq,SRP346777,PRJNA781615,SRS15251954,SAMN31036820,28_16S,Green turtle juvenile cloacal swab,Bacteria,Proteobacteria,Gammaproteobacteria,Burkholderiales,Nitrosomonadaceae,Nitrosospira,Nitrosovibrio_tenuis
GU118057.1.1440,SRR21726046,6.60E-05,264019405,500,87,SRX17721935,41_16S,Illumina MiSeq,SRP346777,PRJNA781615,SRS15251959,SAMN31036833,41_16S,Green turtle juvenile cloacal swab,Bacteria,Actinobacteriota,Acidimicrobiia,Microtrichales,Microtrichaceae,Sva0996_marine_group,uncultured_bacterium
HM299603.1.1366,SRR21726046,6.60E-05,264019405,500,87,SRX17721935,41_16S,Illumina MiSeq,SRP346777,PRJNA781615,SRS15251959,SAMN31036833,41_16S,Green turtle juvenile cloacal swab,Bacteria,Actinobacteriota,Thermoleophilia,Solirubrobacterales,Solirubrobacteraceae,Conexibacter,uncultured_bacterium
HQ908733.1.1378,SRR21726046,6.60E-05,264019405,500,87,SRX17721935,41_16S,Illumina MiSeq,SRP346777,PRJNA781615,SRS15251959,SAMN31036833,41_16S,Green turtle juvenile cloacal swab,Bacteria,Proteobacteria,Alphaproteobacteria,Rhodobacterales,Rhodobacteraceae,Ruegeria,Ruegeria_sp.
JQ580375.1.1490,SRR21726046,6.60E-05,264019405,500,87,SRX17721935,41_16S,Illumina MiSeq,SRP346777,PRJNA781615,SRS15251959,SAMN31036833,41_16S,Green turtle juvenile cloacal swab,Bacteria,Planctomycetota,Planctomycetes,Pirellulales,Pirellulaceae,uncultured,uncultured_planctomycete
JYMV01012758.1039.2521,SRR21726046,6.60E-05,264019405,500,87,SRX17721935,41_16S,Illumina MiSeq,SRP346777,PRJNA781615,SRS15251959,SAMN31036833,41_16S,Green turtle juvenile cloacal swab,Bacteria,WPS-2,WPS-2,WPS-2,WPS-2,WPS-2,hydrothermal_vent
KX177422.1.1516,SRR21726046,6.60E-05,264019405,500,87,SRX17721935,41_16S,Illumina MiSeq,SRP346777,PRJNA781615,SRS15251959,SAMN31036833,41_16S,Green turtle juvenile cloacal swab,Bacteria,Desulfobacterota,Desulfuromonadia,Desulfuromonadia,Geopsychrobacteraceae,Desulfuromusa,uncultured_bacterium
EU531805.1.1258,SRR21726045,6.54E-05,293530160,484,103,SRX17721936,42_16S,Illumina MiSeq,SRP346777,PRJNA781615,SRS15251960,SAMN31036834,42_16S,Green turtle hatchling stomach sample,Bacteria,Proteobacteria,Gammaproteobacteria,Pseudomonadales,Pseudomonadaceae,Pseudomonas,Pseudomonas_oleovorans
AB557547.1.1477,SRR21726049,6.51E-05,398448802,499,134,SRX17721932,38_16S,Illumina MiSeq,SRP346777,PRJNA781615,SRS15251956,SAMN31036830,38_16S,Green turtle juvenile cloacal swab,Bacteria,Bacteroidota,Bacteroidia,Flavobacteriales,Flavobacteriaceae,Flavobacteriaceae,Aureicoccus_marinus
GU118475.1.1464,SRR21726049,6.51E-05,398448802,499,134,SRX17721932,38_16S,Illumina MiSeq,SRP346777,PRJNA781615,SRS15251956,SAMN31036830,38_16S,Green turtle juvenile cloacal swab,Bacteria,Proteobacteria,Gammaproteobacteria,Oceanospirillales,Gven-F17,Gven-F17,uncultured_bacterium
JQ199718.1.1297,SRR21726049,6.51E-05,398448802,499,134,SRX17721932,38_16S,Illumina MiSeq,SRP346777,PRJNA781615,SRS15251956,SAMN31036830,38_16S,Green turtle juvenile cloacal swab,Bacteria,Proteobacteria,Alphaproteobacteria,Caulobacterales,Hyphomonadaceae,Hellea,uncultured_bacterium
JX441461.1.1449,SRR21726049,6.51E-05,398448802,499,134,SRX17721932,38_16S,Illumina MiSeq,SRP346777,PRJNA781615,SRS15251956,SAMN31036830,38_16S,Green turtle juvenile cloacal swab,Bacteria,Proteobacteria,Alphaproteobacteria,NRL2,NRL2,NRL2,uncultured_bacterium
KX822161.1.1260,SRR21726049,6.51E-05,398448802,499,134,SRX17721932,38_16S,Illumina MiSeq,SRP346777,PRJNA781615,SRS15251956,SAMN31036830,38_16S,Green turtle juvenile cloacal swab,Bacteria,Firmicutes,Bacilli,Staphylococcales,Staphylococcaceae,Staphylococcus,Staphylococcus_arlettae
AM945675.1.1325,SRR21726051,6.33E-05,345760543,484,123,SRX17721930,28_16S,Illumina MiSeq,SRP346777,PRJNA781615,SRS15251954,SAMN31036820,28_16S,Green turtle juvenile cloacal swab,Bacteria,Proteobacteria,Gammaproteobacteria,Oceanospirillales,Halomonadaceae,Halomonas,Halomonas_sp.
DQ486507.1.1364,SRR21726029,6.31E-05,383977850,499,131,SRX17721952,30_16S,Illumina MiSeq,SRP346777,PRJNA781615,SRS15251976,SAMN31036822,30_16S,Green turtle hatchling stomach sample,Bacteria,Proteobacteria,Alphaproteobacteria,Rhodobacterales,Rhodobacteraceae,Marivita,Rhodobacteraceae_bacterium
EU979025.1.1469,SRR21726029,6.31E-05,383977850,499,131,SRX17721952,30_16S,Illumina MiSeq,SRP346777,PRJNA781615,SRS15251976,SAMN31036822,30_16S,Green turtle hatchling stomach sample,Bacteria,Chloroflexi,Chloroflexia,Thermomicrobiales,AKYG1722,AKYG1722,uncultured_Chloroflexi
GU118277.1.1386,SRR21726029,6.31E-05,383977850,499,131,SRX17721952,30_16S,Illumina MiSeq,SRP346777,PRJNA781615,SRS15251976,SAMN31036822,30_16S,Green turtle hatchling stomach sample,Bacteria,Proteobacteria,Alphaproteobacteria,Rhodobacterales,Rhodobacteraceae,Ruegeria,uncultured_bacterium
GU118475.1.1464,SRR21726029,6.31E-05,383977850,499,131,SRX17721952,30_16S,Illumina MiSeq,SRP346777,PRJNA781615,SRS15251976,SAMN31036822,30_16S,Green turtle hatchling stomach sample,Bacteria,Proteobacteria,Gammaproteobacteria,Oceanospirillales,Gven-F17,Gven-F17,uncultured_bacterium
HM327894.1.1373,SRR21726029,6.31E-05,383977850,499,131,SRX17721952,30_16S,Illumina MiSeq,SRP346777,PRJNA781615,SRS15251976,SAMN31036822,30_16S,Green turtle hatchling stomach sample,Bacteria,Firmicutes,Bacilli,Staphylococcales,Staphylococcaceae,Salinicoccus,uncultured_bacterium
JN450754.1.1276,SRR21726029,6.31E-05,383977850,499,131,SRX17721952,30_16S,Illumina MiSeq,SRP346777,PRJNA781615,SRS15251976,SAMN31036822,30_16S,Green turtle hatchling stomach sample,Bacteria,Planctomycetota,Planctomycetes,Pirellulales,Pirellulaceae,Rhodopirellula,uncultured_organism
KF786604.1.1394,SRR21726029,6.31E-05,383977850,499,131,SRX17721952,30_16S,Illumina MiSeq,SRP346777,PRJNA781615,SRS15251976,SAMN31036822,30_16S,Green turtle hatchling stomach sample,Bacteria,Proteobacteria,Gammaproteobacteria,SAR86_clade,SAR86_clade,SAR86_clade,uncultured_gamma
LN567929.1.1384,SRR21726029,6.31E-05,383977850,499,131,SRX17721952,30_16S,Illumina MiSeq,SRP346777,PRJNA781615,SRS15251976,SAMN31036822,30_16S,Green turtle hatchling stomach sample,Bacteria,Actinobacteriota,Thermoleophilia,Gaiellales,uncultured,uncultured,uncultured_bacterium
JN981163.1.1221,SRR21726045,6.27E-05,293530160,484,103,SRX17721936,42_16S,Illumina MiSeq,SRP346777,PRJNA781615,SRS15251960,SAMN31036834,42_16S,Green turtle hatchling stomach sample,Bacteria,Proteobacteria,Gammaproteobacteria,Enterobacterales,Enterobacteriaceae,Klebsiella,uncultured_bacterium
GU322806.1.1435,SRR21726043,6.25E-05,331464093,470,111,SRX17721938,44_16S,Illumina MiSeq,SRP346777,PRJNA781615,SRS15251963,SAMN31036836,44_16S,Green turtle hatchling stomach sample,Bacteria,Firmicutes,Clostridia,Lachnospirales,Lachnospiraceae,Robinsoniella,Robinsoniella_peoriensis
LMQW01000048.266925.268414,SRR21726043,6.25E-05,331464093,470,111,SRX17721938,44_16S,Illumina MiSeq,SRP346777,PRJNA781615,SRS15251963,SAMN31036836,44_16S,Green turtle hatchling stomach sample,Bacteria,Proteobacteria,Alphaproteobacteria,Rhizobiales,Rhizobiaceae,Aureimonas,Aureimonas_sp.
LN573071.1.1340,SRR21726043,6.25E-05,331464093,470,111,SRX17721938,44_16S,Illumina MiSeq,SRP346777,PRJNA781615,SRS15251963,SAMN31036836,44_16S,Green turtle hatchling stomach sample,Bacteria,Chloroflexi,Gitt-GS-136,Gitt-GS-136,Gitt-GS-136,Gitt-GS-136,uncultured_bacterium
MG571574.1.1434,SRR21726043,6.25E-05,331464093,470,111,SRX17721938,44_16S,Illumina MiSeq,SRP346777,PRJNA781615,SRS15251963,SAMN31036836,44_16S,Green turtle hatchling stomach sample,Bacteria,Bacteroidota,Bacteroidia,Flavobacteriales,Flavobacteriaceae,Winogradskyella,Winogradskyella_sp.
AB054173.1.1447,SRR21726020,6.23E-05,305472186,499,108,SRX17721961,34_16S,Illumina MiSeq,SRP346777,PRJNA781615,SRS15251985,SAMN31036826,34_16S,Green turtle juvenile cloacal swab,Bacteria,Firmicutes,Clostridia,Lachnospirales,Lachnospiraceae,Epulopiscium,uncultured_Gram-positive
KU533822.1.1490,SRR21726020,6.23E-05,305472186,499,108,SRX17721961,34_16S,Illumina MiSeq,SRP346777,PRJNA781615,SRS15251985,SAMN31036826,34_16S,Green turtle juvenile cloacal swab,Bacteria,Bacteroidota,Bacteroidia,Bacteroidales,Bacteroidaceae,Bacteroides,Bacteroides_sp.4SWWS3-28
FJ203091.1.1462,SRR21726023,6.19E-05,340042833,498,113,SRX17721958,31_16S,Illumina MiSeq,SRP346777,PRJNA781615,SRS15251982,SAMN31036823,31_16S,Green turtle hatchling intestine sample,Bacteria,Proteobacteria,Gammaproteobacteria,Alteromonadales,Colwelliaceae,Thalassotalea,uncultured_bacterium
GU451501.1.1246,SRR21726023,6.19E-05,340042833,498,113,SRX17721958,31_16S,Illumina MiSeq,SRP346777,PRJNA781615,SRS15251982,SAMN31036823,31_16S,Green turtle hatchling intestine sample,Bacteria,Bacteroidota,Bacteroidia,Chitinophagales,Chitinophagaceae,Taibaiella,uncultured_bacterium
KT448604.1.1391,SRR21726023,6.19E-05,340042833,498,113,SRX17721958,31_16S,Illumina MiSeq,SRP346777,PRJNA781615,SRS15251982,SAMN31036823,31_16S,Green turtle hatchling intestine sample,Bacteria,Bacteroidota,Bacteroidia,Flavobacteriales,Flavobacteriaceae,Salegentibacter,Salegentibacter_mishustinae
KX177788.1.1501,SRR21726023,6.19E-05,340042833,498,113,SRX17721958,31_16S,Illumina MiSeq,SRP346777,PRJNA781615,SRS15251982,SAMN31036823,31_16S,Green turtle hatchling intestine sample,Bacteria,Proteobacteria,Gammaproteobacteria,Cellvibrionales,Cellvibrionaceae,uncultured,uncultured_bacterium
EU460999.1.1387,SRR21726019,6.01E-05,338063986,499,119,SRX17721962,35_16S,Illumina MiSeq,SRP346777,PRJNA781615,SRS15251986,SAMN31036827,35_16S,Green turtle juvenile cloacal swab,Bacteria,Firmicutes,Clostridia,Clostridia_vadinBB60_group,Clostridia_vadinBB60_group,Clostridia_vadinBB60_group,uncultured_bacterium
JN450754.1.1276,SRR21726019,6.01E-05,338063986,499,119,SRX17721962,35_16S,Illumina MiSeq,SRP346777,PRJNA781615,SRS15251986,SAMN31036827,35_16S,Green turtle juvenile cloacal swab,Bacteria,Planctomycetota,Planctomycetes,Pirellulales,Pirellulaceae,Rhodopirellula,uncultured_organism
JQ212400.1.1328,SRR21726019,6.01E-05,338063986,499,119,SRX17721962,35_16S,Illumina MiSeq,SRP346777,PRJNA781615,SRS15251986,SAMN31036827,35_16S,Green turtle juvenile cloacal swab,Bacteria,Patescibacteria,Gracilibacteria,Absconditabacteriales_(SR1),Absconditabacteriales_(SR1),Absconditabacteriales_(SR1),uncultured_bacterium
JX521411.1.1464,SRR21726019,6.01E-05,338063986,499,119,SRX17721962,35_16S,Illumina MiSeq,SRP346777,PRJNA781615,SRS15251986,SAMN31036827,35_16S,Green turtle juvenile cloacal swab,Bacteria,Cyanobacteria,Cyanobacteriia,Cyanobacteriales,Paraspirulinaceae,uncultured,uncultured_bacterium
KC432559.1.1329,SRR21726019,6.01E-05,338063986,499,119,SRX17721962,35_16S,Illumina MiSeq,SRP346777,PRJNA781615,SRS15251986,SAMN31036827,35_16S,Green turtle juvenile cloacal swab,Bacteria,Chloroflexi,Chloroflexia,Thermomicrobiales,AKYG1722,AKYG1722,uncultured_bacterium
KF650757.1.1491,SRR21726019,6.01E-05,338063986,499,119,SRX17721962,35_16S,Illumina MiSeq,SRP346777,PRJNA781615,SRS15251986,SAMN31036827,35_16S,Green turtle juvenile cloacal swab,Bacteria,Bacteroidota,Bacteroidia,Bacteroidales,Bacteroidaceae,Bacteroides,Bacteroides_sp.
KY770084.1.1369,SRR21726019,6.01E-05,338063986,499,119,SRX17721962,35_16S,Illumina MiSeq,SRP346777,PRJNA781615,SRS15251986,SAMN31036827,35_16S,Green turtle juvenile cloacal swab,Bacteria,Proteobacteria,Alphaproteobacteria,Caulobacterales,Hyphomonadaceae,Hyphomonas,Hyphomonas_sp.
MH475112.1.1201,SRR21726019,6.01E-05,338063986,499,119,SRX17721962,35_16S,Illumina MiSeq,SRP346777,PRJNA781615,SRS15251986,SAMN31036827,35_16S,Green turtle juvenile cloacal swab,Bacteria,Proteobacteria,Alphaproteobacteria,Rhizobiales,Rhizobiaceae,Mesorhizobium,Mesorhizobium_thiogangeticum
DQ411541.1.1406,SRR21726051,6.00E-05,345760543,484,123,SRX17721930,28_16S,Illumina MiSeq,SRP346777,PRJNA781615,SRS15251954,SAMN31036820,28_16S,Green turtle juvenile cloacal swab,Bacteria,Actinobacteriota,Actinobacteria,Propionibacteriales,Nocardioidaceae,Aeromicrobium,Aeromicrobium_tamlense
DQ644007.1.1450,SRR21726051,6.00E-05,345760543,484,123,SRX17721930,28_16S,Illumina MiSeq,SRP346777,PRJNA781615,SRS15251954,SAMN31036820,28_16S,Green turtle juvenile cloacal swab,Bacteria,Proteobacteria,Alphaproteobacteria,Rhizobiales,Stappiaceae,Stappia,uncultured_Alphaproteobacteria
JQ665310.1.1443,SRR21726051,6.00E-05,345760543,484,123,SRX17721930,28_16S,Illumina MiSeq,SRP346777,PRJNA781615,SRS15251954,SAMN31036820,28_16S,Green turtle juvenile cloacal swab,Bacteria,Proteobacteria,Gammaproteobacteria,Vibrionales,Vibrionaceae,Vibrio,Vibrio_sinaloensis
LN870759.1.1337,SRR21726051,6.00E-05,345760543,484,123,SRX17721930,28_16S,Illumina MiSeq,SRP346777,PRJNA781615,SRS15251954,SAMN31036820,28_16S,Green turtle juvenile cloacal swab,Bacteria,Proteobacteria,Alphaproteobacteria,Rhizobiales,KF-JG30-B3,KF-JG30-B3,uncultured_bacterium
AF296873.1.1446,SRR21726049,5.92E-05,398448802,499,134,SRX17721932,38_16S,Illumina MiSeq,SRP346777,PRJNA781615,SRS15251956,SAMN31036830,38_16S,Green turtle juvenile cloacal swab,Bacteria,Cyanobacteria,Cyanobacteriia,Cyanobacteriales,Microcystaceae,Cyanothece_PCC-8801,Cyanothece_sp.
EF092186.1.1389,SRR21726049,5.92E-05,398448802,499,134,SRX17721932,38_16S,Illumina MiSeq,SRP346777,PRJNA781615,SRS15251956,SAMN31036830,38_16S,Green turtle juvenile cloacal swab,Bacteria,Bacteroidota,Bacteroidia,Flavobacteriales,Flavobacteriaceae,Muricauda,uncultured_Flavobacteriaceae
JF769612.1.1510,SRR21726049,5.92E-05,398448802,499,134,SRX17721932,38_16S,Illumina MiSeq,SRP346777,PRJNA781615,SRS15251956,SAMN31036830,38_16S,Green turtle juvenile cloacal swab,Bacteria,Bacteroidota,Bacteroidia,Flavobacteriales,Flavobacteriaceae,Polaribacter,uncultured_bacterium
JN433182.1.1362,SRR21726049,5.92E-05,398448802,499,134,SRX17721932,38_16S,Illumina MiSeq,SRP346777,PRJNA781615,SRS15251956,SAMN31036830,38_16S,Green turtle juvenile cloacal swab,Bacteria,Bdellovibrionota,Bdellovibrionia,Bacteriovoracales,Bacteriovoracaceae,Peredibacter,uncultured_organism
MSMP01000073.291.1788,SRR21726049,5.92E-05,398448802,499,134,SRX17721932,38_16S,Illumina MiSeq,SRP346777,PRJNA781615,SRS15251956,SAMN31036830,38_16S,Green turtle juvenile cloacal swab,Bacteria,Bacteroidota,Bacteroidia,Flavobacteriales,Flavobacteriaceae,Tenacibaculum,Tenacibaculum_sp.
FJ959819.1.1413,SRR21726022,5.87E-05,341290243,500,113,SRX17721959,32_16S,Illumina MiSeq,SRP346777,PRJNA781615,SRS15251983,SAMN31036824,32_16S,Green turtle juvenile esophageal swab,Bacteria,Proteobacteria,Gammaproteobacteria,Gammaproteobacteria_Incertae_Sedis,Unknown_Family,Marinicella,uncultured_bacterium
FM995191.1.1502,SRR21726046,5.87E-05,264019405,500,87,SRX17721935,41_16S,Illumina MiSeq,SRP346777,PRJNA781615,SRS15251959,SAMN31036833,41_16S,Green turtle juvenile cloacal swab,Bacteria,Chloroflexi,Anaerolineae,Caldilineales,Caldilineaceae,uncultured,uncultured_bacterium
FN433404.1.1478,SRR21726046,5.87E-05,264019405,500,87,SRX17721935,41_16S,Illumina MiSeq,SRP346777,PRJNA781615,SRS15251959,SAMN31036833,41_16S,Green turtle juvenile cloacal swab,Bacteria,Bacteroidota,Bacteroidia,Flavobacteriales,Cryomorphaceae,uncultured,uncultured_Flavobacteriia
JF272229.1.1480,SRR21726046,5.87E-05,264019405,500,87,SRX17721935,41_16S,Illumina MiSeq,SRP346777,PRJNA781615,SRS15251959,SAMN31036833,41_16S,Green turtle juvenile cloacal swab,Bacteria,Planctomycetota,Planctomycetes,Pirellulales,Pirellulaceae,Blastopirellula,uncultured_bacterium
JN494200.1.1460,SRR21726046,5.87E-05,264019405,500,87,SRX17721935,41_16S,Illumina MiSeq,SRP346777,PRJNA781615,SRS15251959,SAMN31036833,41_16S,Green turtle juvenile cloacal swab,Bacteria,Planctomycetota,Planctomycetes,Pirellulales,Pirellulaceae,Pirellula,uncultured_organism
JQ516376.1.1432,SRR21726046,5.87E-05,264019405,500,87,SRX17721935,41_16S,Illumina MiSeq,SRP346777,PRJNA781615,SRS15251959,SAMN31036833,41_16S,Green turtle juvenile cloacal swab,Bacteria,Verrucomicrobiota,Verrucomicrobiae,Methylacidiphilales,Methylacidiphilaceae,uncultured,uncultured_Verrucomicrobiaceae
JX391739.1.1499,SRR21726046,5.87E-05,264019405,500,87,SRX17721935,41_16S,Illumina MiSeq,SRP346777,PRJNA781615,SRS15251959,SAMN31036833,41_16S,Green turtle juvenile cloacal swab,Bacteria,Proteobacteria,Gammaproteobacteria,Burkholderiales,Methylophilaceae,Methylotenera,uncultured_bacterium
JX529407.1.1427,SRR21726046,5.87E-05,264019405,500,87,SRX17721935,41_16S,Illumina MiSeq,SRP346777,PRJNA781615,SRS15251959,SAMN31036833,41_16S,Green turtle juvenile cloacal swab,Bacteria,Bacteroidota,Bacteroidia,Flavobacteriales,Flavobacteriaceae,Psychroserpens,uncultured_Flavobacteriaceae
KY190890.1.1459,SRR21726046,5.87E-05,264019405,500,87,SRX17721935,41_16S,Illumina MiSeq,SRP346777,PRJNA781615,SRS15251959,SAMN31036833,41_16S,Green turtle juvenile cloacal swab,Bacteria,Proteobacteria,Gammaproteobacteria,Arenicellales,Arenicellaceae,HTCC5015,uncultured_bacterium
EF660748.1.1401,SRR21726051,5.67E-05,345760543,484,123,SRX17721930,28_16S,Illumina MiSeq,SRP346777,PRJNA781615,SRS15251954,SAMN31036820,28_16S,Green turtle juvenile cloacal swab,Bacteria,Actinobacteriota,Actinobacteria,Micrococcales,Micrococcaceae,Glutamicibacter,Glutamicibacter_soli
JQ665365.1.1211,SRR21726047,5.58E-05,352120514,500,118,SRX17721934,40_16S,Illumina MiSeq,SRP346777,PRJNA781615,SRS15251958,SAMN31036832,40_16S,Green turtle juvenile esophageal swab,Bacteria,Proteobacteria,Gammaproteobacteria,Vibrionales,Vibrionaceae,Vibrio,Vibrio_owensii
AB602436.1.1442,SRR21726029,5.52E-05,383977850,499,131,SRX17721952,30_16S,Illumina MiSeq,SRP346777,PRJNA781615,SRS15251976,SAMN31036822,30_16S,Green turtle hatchling stomach sample,Bacteria,Bacteroidota,Bacteroidia,Cytophagales,Cyclobacteriaceae,Catalinimonas,Porifericola_rhodea
AJ244799.1.1333,SRR21726029,5.52E-05,383977850,499,131,SRX17721952,30_16S,Illumina MiSeq,SRP346777,PRJNA781615,SRS15251976,SAMN31036822,30_16S,Green turtle hatchling stomach sample,Bacteria,Actinobacteriota,Actinobacteria,Propionibacteriales,Propionibacteriaceae,uncultured,Gram-positive_bacterium
AM259847.1.1388,SRR21726029,5.52E-05,383977850,499,131,SRX17721952,30_16S,Illumina MiSeq,SRP346777,PRJNA781615,SRS15251976,SAMN31036822,30_16S,Green turtle hatchling stomach sample,Bacteria,Proteobacteria,Gammaproteobacteria,KI89A_clade,KI89A_clade,KI89A_clade,uncultured_gamma
AUAN01000035.1.1363,SRR21726029,5.52E-05,383977850,499,131,SRX17721952,30_16S,Illumina MiSeq,SRP346777,PRJNA781615,SRS15251976,SAMN31036822,30_16S,Green turtle hatchling stomach sample,Bacteria,Firmicutes,Negativicutes,Veillonellales-Selenomonadales,Veillonellaceae,Veillonella,Veillonella_magna
AY297773.1.1439,SRR21726029,5.52E-05,383977850,499,131,SRX17721952,30_16S,Illumina MiSeq,SRP346777,PRJNA781615,SRS15251976,SAMN31036822,30_16S,Green turtle hatchling stomach sample,Bacteria,Actinobacteriota,Actinobacteria,Micrococcales,Promicromonosporaceae,Isoptericola,Cellulomonadaceae_bacterium
AY839870.1.1455,SRR21726029,5.52E-05,383977850,499,131,SRX17721952,30_16S,Illumina MiSeq,SRP346777,PRJNA781615,SRS15251976,SAMN31036822,30_16S,Green turtle hatchling stomach sample,Bacteria,Proteobacteria,Gammaproteobacteria,Cellvibrionales,Cellvibrionaceae,Marinimicrobium,Marinimicrobium_agarilyticum
HQ696456.1.1455,SRR21726029,5.52E-05,383977850,499,131,SRX17721952,30_16S,Illumina MiSeq,SRP346777,PRJNA781615,SRS15251976,SAMN31036822,30_16S,Green turtle hatchling stomach sample,Bacteria,Firmicutes,Bacilli,Staphylococcales,Staphylococcaceae,Auricoccus-Abyssicoccus,Macrococcus_brunensis
JF443790.1.1389,SRR21726029,5.52E-05,383977850,499,131,SRX17721952,30_16S,Illumina MiSeq,SRP346777,PRJNA781615,SRS15251976,SAMN31036822,30_16S,Green turtle hatchling stomach sample,Bacteria,Planctomycetota,Planctomycetes,Planctomycetales,uncultured,uncultured,planctomycete_DDD3G8
JN431282.1.1433,SRR21726029,5.52E-05,383977850,499,131,SRX17721952,30_16S,Illumina MiSeq,SRP346777,PRJNA781615,SRS15251976,SAMN31036822,30_16S,Green turtle hatchling stomach sample,Bacteria,Bacteroidota,Bacteroidia,Flavobacteriales,Cryomorphaceae,Cryomorpha,uncultured_organism
KC238355.1.1521,SRR21726029,5.52E-05,383977850,499,131,SRX17721952,30_16S,Illumina MiSeq,SRP346777,PRJNA781615,SRS15251976,SAMN31036822,30_16S,Green turtle hatchling stomach sample,Bacteria,Myxococcota,Polyangia,Polyangiales,Sandaracinaceae,uncultured,uncultured_bacterium
KM356638.1.1456,SRR21726029,5.52E-05,383977850,499,131,SRX17721952,30_16S,Illumina MiSeq,SRP346777,PRJNA781615,SRS15251976,SAMN31036822,30_16S,Green turtle hatchling stomach sample,Bacteria,Planctomycetota,Planctomycetes,Pirellulales,Pirellulaceae,Rubripirellula,uncultured_bacterium
KR095198.1.1433,SRR21726029,5.52E-05,383977850,499,131,SRX17721952,30_16S,Illumina MiSeq,SRP346777,PRJNA781615,SRS15251976,SAMN31036822,30_16S,Green turtle hatchling stomach sample,Bacteria,Proteobacteria,Alphaproteobacteria,Rhodobacterales,Rhodobacteraceae,Roseovarius,Roseovarius_atlanticus
KT952852.1.1490,SRR21726029,5.52E-05,383977850,499,131,SRX17721952,30_16S,Illumina MiSeq,SRP346777,PRJNA781615,SRS15251976,SAMN31036822,30_16S,Green turtle hatchling stomach sample,Bacteria,Firmicutes,Clostridia,Oscillospirales,[Eubacterium]_coprostanoligenes_group,[Eubacterium]_coprostanoligenes_group,uncultured_bacterium
KU578660.1.1385,SRR21726029,5.52E-05,383977850,499,131,SRX17721952,30_16S,Illumina MiSeq,SRP346777,PRJNA781615,SRS15251976,SAMN31036822,30_16S,Green turtle hatchling stomach sample,Bacteria,Proteobacteria,Gammaproteobacteria,Burkholderiales,MWH-UniP1_aquatic_group,MWH-UniP1_aquatic_group,uncultured_bacterium
LC068956.1.1477,SRR21726029,5.52E-05,383977850,499,131,SRX17721952,30_16S,Illumina MiSeq,SRP346777,PRJNA781615,SRS15251976,SAMN31036822,30_16S,Green turtle hatchling stomach sample,Bacteria,Desulfobacterota,Desulfuromonadia,Bradymonadales,Bradymonadales,Bradymonadales,Deltaproteobacteria_bacterium
AY294217.1.1438,SRR21726043,5.47E-05,331464093,470,111,SRX17721938,44_16S,Illumina MiSeq,SRP346777,PRJNA781615,SRS15251963,SAMN31036836,44_16S,Green turtle hatchling stomach sample,Bacteria,Bdellovibrionota,Bdellovibrionia,Bacteriovoracales,Bacteriovoracaceae,uncultured,Bacteriovorax_sp.
FJ478560.1.1479,SRR21726043,5.47E-05,331464093,470,111,SRX17721938,44_16S,Illumina MiSeq,SRP346777,PRJNA781615,SRS15251963,SAMN31036836,44_16S,Green turtle hatchling stomach sample,Bacteria,Planctomycetota,Planctomycetes,Planctomycetales,Rubinisphaeraceae,SH-PL14,uncultured_bacterium
JN802220.1.1450,SRR21726043,5.47E-05,331464093,470,111,SRX17721938,44_16S,Illumina MiSeq,SRP346777,PRJNA781615,SRS15251963,SAMN31036836,44_16S,Green turtle hatchling stomach sample,Bacteria,Proteobacteria,Alphaproteobacteria,Rhizobiales,Rhizobiaceae,Pseudaminobacter,uncultured_Mesorhizobium
KT952677.1.1495,SRR21726020,5.45E-05,305472186,499,108,SRX17721961,34_16S,Illumina MiSeq,SRP346777,PRJNA781615,SRS15251985,SAMN31036826,34_16S,Green turtle juvenile cloacal swab,Bacteria,Planctomycetota,Planctomycetes,Pirellulales,Pirellulaceae,Rhodopirellula,uncultured_bacterium
KX896698.1.1429,SRR21726020,5.45E-05,305472186,499,108,SRX17721961,34_16S,Illumina MiSeq,SRP346777,PRJNA781615,SRS15251985,SAMN31036826,34_16S,Green turtle juvenile cloacal swab,Bacteria,Bacteroidota,Bacteroidia,Cytophagales,Cyclobacteriaceae,Fulvivirga,bacterium
FJ562179.1.1230,SRR21726045,5.45E-05,293530160,484,103,SRX17721936,42_16S,Illumina MiSeq,SRP346777,PRJNA781615,SRS15251960,SAMN31036834,42_16S,Green turtle hatchling stomach sample,Bacteria,Proteobacteria,Gammaproteobacteria,Pseudomonadales,Moraxellaceae,Acinetobacter,uncultured_bacterium
KF787080.1.1394,SRR21726023,5.42E-05,340042833,498,113,SRX17721958,31_16S,Illumina MiSeq,SRP346777,PRJNA781615,SRS15251982,SAMN31036823,31_16S,Green turtle hatchling intestine sample,Bacteria,Desulfobacterota,Desulfuromonadia,PB19,PB19,PB19,uncultured_delta
AM945658.1.1318,SRR21726049,5.33E-05,398448802,499,134,SRX17721932,38_16S,Illumina MiSeq,SRP346777,PRJNA781615,SRS15251956,SAMN31036830,38_16S,Green turtle juvenile cloacal swab,Bacteria,Proteobacteria,Gammaproteobacteria,Oceanospirillales,Alcanivoracaceae1,Alcanivorax,Alcanivorax_sp.
EU488046.1.1467,SRR21726049,5.33E-05,398448802,499,134,SRX17721932,38_16S,Illumina MiSeq,SRP346777,PRJNA781615,SRS15251956,SAMN31036830,38_16S,Green turtle juvenile cloacal swab,Bacteria,Proteobacteria,Alphaproteobacteria,Rhizobiales,Methyloligellaceae,Methyloceanibacter,uncultured_bacterium
FJ203121.1.1398,SRR21726049,5.33E-05,398448802,499,134,SRX17721932,38_16S,Illumina MiSeq,SRP346777,PRJNA781615,SRS15251956,SAMN31036830,38_16S,Green turtle juvenile cloacal swab,Bacteria,Patescibacteria,Gracilibacteria,Candidatus_Peregrinibacteria,Candidatus_Peregrinibacteria,Candidatus_Peregrinibacteria,uncultured_bacterium
FJ425610.1.1390,SRR21726049,5.33E-05,398448802,499,134,SRX17721932,38_16S,Illumina MiSeq,SRP346777,PRJNA781615,SRS15251956,SAMN31036830,38_16S,Green turtle juvenile cloacal swab,Bacteria,Bdellovibrionota,Bdellovibrionia,Bdellovibrionales,Bdellovibrionaceae,OM27_clade,uncultured_proteobacterium
FN822193.1.1405,SRR21726049,5.33E-05,398448802,499,134,SRX17721932,38_16S,Illumina MiSeq,SRP346777,PRJNA781615,SRS15251956,SAMN31036830,38_16S,Green turtle juvenile cloacal swab,Bacteria,Planctomycetota,OM190,OM190,OM190,OM190,uncultured_planctomycete
JQ013150.1.1459,SRR21726049,5.33E-05,398448802,499,134,SRX17721932,38_16S,Illumina MiSeq,SRP346777,PRJNA781615,SRS15251956,SAMN31036830,38_16S,Green turtle juvenile cloacal swab,Bacteria,Bdellovibrionota,Bdellovibrionia,Bdellovibrionales,Bdellovibrionaceae,OM27_clade,uncultured_bacterium
JX235673.1.1449,SRR21726049,5.33E-05,398448802,499,134,SRX17721932,38_16S,Illumina MiSeq,SRP346777,PRJNA781615,SRS15251956,SAMN31036830,38_16S,Green turtle juvenile cloacal swab,Bacteria,Proteobacteria,Alphaproteobacteria,Sphingomonadales,Sphingomonadaceae,Altererythrobacter,Erythrobacter_sp.
KJ599868.1.1247,SRR21726049,5.33E-05,398448802,499,134,SRX17721932,38_16S,Illumina MiSeq,SRP346777,PRJNA781615,SRS15251956,SAMN31036830,38_16S,Green turtle juvenile cloacal swab,Bacteria,Actinobacteriota,Actinobacteria,Micrococcales,Micrococcaceae,Kocuria,Kocuria_sp.
MH938104.1.1373,SRR21726045,5.18E-05,293530160,484,103,SRX17721936,42_16S,Illumina MiSeq,SRP346777,PRJNA781615,SRS15251960,SAMN31036834,42_16S,Green turtle hatchling stomach sample,Bacteria,Proteobacteria,Alphaproteobacteria,Rhodobacterales,Rhodobacteraceae,Paracoccus,uncultured_bacterium
LN563911.1.1317,SRR21726044,5.15E-05,355385245,500,127,SRX17721937,43_16S,Illumina MiSeq,SRP346777,PRJNA781615,SRS15251961,SAMN31036835,43_16S,Green turtle hatchling intestine sample,Bacteria,Proteobacteria,Alphaproteobacteria,Rhizobiales,Devosiaceae,Devosia,uncultured_bacterium
AB491826.1.1460,SRR21726046,5.13E-05,264019405,500,87,SRX17721935,41_16S,Illumina MiSeq,SRP346777,PRJNA781615,SRS15251959,SAMN31036833,41_16S,Green turtle juvenile cloacal swab,Bacteria,Proteobacteria,Alphaproteobacteria,Rhodobacterales,Rhodobacteraceae,Silicimonas,uncultured_Alphaproteobacteria
JN119154.1.1384,SRR21726046,5.13E-05,264019405,500,87,SRX17721935,41_16S,Illumina MiSeq,SRP346777,PRJNA781615,SRS15251959,SAMN31036833,41_16S,Green turtle juvenile cloacal swab,Bacteria,Proteobacteria,Alphaproteobacteria,Rhodobacterales,Rhodobacteraceae,Tropicimonas,uncultured_marine
JX843650.1.1480,SRR21726046,5.13E-05,264019405,500,87,SRX17721935,41_16S,Illumina MiSeq,SRP346777,PRJNA781615,SRS15251959,SAMN31036833,41_16S,Green turtle juvenile cloacal swab,Bacteria,Firmicutes,Clostridia,Peptostreptococcales-Tissierellales,Anaerovoracaceae,S5-A14a,uncultured_bacterium
KC669071.1.1499,SRR21726046,5.13E-05,264019405,500,87,SRX17721935,41_16S,Illumina MiSeq,SRP346777,PRJNA781615,SRS15251959,SAMN31036833,41_16S,Green turtle juvenile cloacal swab,Bacteria,Proteobacteria,Gammaproteobacteria,HOC36,HOC36,HOC36,uncultured_bacterium
FJ203505.1.1473,SRR21726019,5.00E-05,338063986,499,119,SRX17721962,35_16S,Illumina MiSeq,SRP346777,PRJNA781615,SRS15251986,SAMN31036827,35_16S,Green turtle juvenile cloacal swab,Bacteria,Verrucomicrobiota,Verrucomicrobiae,Verrucomicrobiales,DEV007,DEV007,uncultured_bacterium
JN437273.1.1347,SRR21726019,5.00E-05,338063986,499,119,SRX17721962,35_16S,Illumina MiSeq,SRP346777,PRJNA781615,SRS15251986,SAMN31036827,35_16S,Green turtle juvenile cloacal swab,Bacteria,Chloroflexi,Anaerolineae,SBR1031,A4b,A4b,uncultured_organism
JN703502.1.1427,SRR21726019,5.00E-05,338063986,499,119,SRX17721962,35_16S,Illumina MiSeq,SRP346777,PRJNA781615,SRS15251986,SAMN31036827,35_16S,Green turtle juvenile cloacal swab,Bacteria,Bacteroidota,Bacteroidia,Cytophagales,Cyclobacteriaceae,Tunicatimonas,bacterium_CNX-520
KC166854.1.1452,SRR21726019,5.00E-05,338063986,499,119,SRX17721962,35_16S,Illumina MiSeq,SRP346777,PRJNA781615,SRS15251986,SAMN31036827,35_16S,Green turtle juvenile cloacal swab,Bacteria,Bacteroidota,Bacteroidia,Flavobacteriales,Flavobacteriaceae,Flavobacterium,uncultured_Flavobacterium
KT158462.1.1509,SRR21726019,5.00E-05,338063986,499,119,SRX17721962,35_16S,Illumina MiSeq,SRP346777,PRJNA781615,SRS15251986,SAMN31036827,35_16S,Green turtle juvenile cloacal swab,Bacteria,Verrucomicrobiota,Chlamydiae,Chlamydiales,Simkaniaceae,Candidatus_Fritschea,Candidatus_Syngnamydia
KU923830.1.1383,SRR21726019,5.00E-05,338063986,499,119,SRX17721962,35_16S,Illumina MiSeq,SRP346777,PRJNA781615,SRS15251986,SAMN31036827,35_16S,Green turtle juvenile cloacal swab,Bacteria,Bacteroidota,Bacteroidia,Flavobacteriales,Flavobacteriaceae,uncultured,Pseudotenacibaculum_haliotis
MF948986.1.1451,SRR21726019,5.00E-05,338063986,499,119,SRX17721962,35_16S,Illumina MiSeq,SRP346777,PRJNA781615,SRS15251986,SAMN31036827,35_16S,Green turtle juvenile cloacal swab,Bacteria,Proteobacteria,Gammaproteobacteria,Vibrionales,Vibrionaceae,Photobacterium,Photobacterium_sp.
DQ985474.1.1247,SRR21726040,4.79E-05,377927131,499,134,SRX17721941,29_16S,Illumina MiSeq,SRP346777,PRJNA781615,SRS15251965,SAMN31036821,29_16S,Green turtle juvenile cloacal swab,Bacteria,Actinobacteriota,Actinobacteria,Propionibacteriales,Nocardioidaceae,Nocardioides,Nocardioides_sp.
AB377122.1.1445,SRR21726029,4.74E-05,383977850,499,131,SRX17721952,30_16S,Illumina MiSeq,SRP346777,PRJNA781615,SRS15251976,SAMN31036822,30_16S,Green turtle hatchling stomach sample,Bacteria,Bacteroidota,Bacteroidia,Flavobacteriales,Flavobacteriaceae,Sungkyunkwania,Poriferibacter_palauense
AF371675.1.1449,SRR21726029,4.74E-05,383977850,499,131,SRX17721952,30_16S,Illumina MiSeq,SRP346777,PRJNA781615,SRS15251976,SAMN31036822,30_16S,Green turtle hatchling stomach sample,Bacteria,Firmicutes,Clostridia,Lachnospirales,Lachnospiraceae,[Eubacterium]_xylanophilum_group,uncultured_bacterium
DQ800247.1.1387,SRR21726029,4.74E-05,383977850,499,131,SRX17721952,30_16S,Illumina MiSeq,SRP346777,PRJNA781615,SRS15251976,SAMN31036822,30_16S,Green turtle hatchling stomach sample,Bacteria,Firmicutes,Clostridia,Oscillospirales,Butyricicoccaceae,Butyricicoccus,uncultured_bacterium
FJ152990.1.1489,SRR21726029,4.74E-05,383977850,499,131,SRX17721952,30_16S,Illumina MiSeq,SRP346777,PRJNA781615,SRS15251976,SAMN31036822,30_16S,Green turtle hatchling stomach sample,Bacteria,Proteobacteria,Gammaproteobacteria,Gammaproteobacteria_Incertae_Sedis,Unknown_Family,Wenzhouxiangella,uncultured_bacterium
JN432943.1.1404,SRR21726029,4.74E-05,383977850,499,131,SRX17721952,30_16S,Illumina MiSeq,SRP346777,PRJNA781615,SRS15251976,SAMN31036822,30_16S,Green turtle hatchling stomach sample,Bacteria,Bacteroidota,Bacteroidia,Cytophagales,Cyclobacteriaceae,Marinoscillum,uncultured_organism
JX529120.1.1423,SRR21726029,4.74E-05,383977850,499,131,SRX17721952,30_16S,Illumina MiSeq,SRP346777,PRJNA781615,SRS15251976,SAMN31036822,30_16S,Green turtle hatchling stomach sample,Bacteria,Bacteroidota,Bacteroidia,Flavobacteriales,Crocinitomicaceae,Crocinitomix,uncultured_Crocinitomix
KM268062.1.1297,SRR21726029,4.74E-05,383977850,499,131,SRX17721952,30_16S,Illumina MiSeq,SRP346777,PRJNA781615,SRS15251976,SAMN31036822,30_16S,Green turtle hatchling stomach sample,Bacteria,Proteobacteria,Alphaproteobacteria,Rhodobacterales,Rhodobacteraceae,Citreicella,Citreicella_sp.
KM273259.1.1433,SRR21726029,4.74E-05,383977850,499,131,SRX17721952,30_16S,Illumina MiSeq,SRP346777,PRJNA781615,SRS15251976,SAMN31036822,30_16S,Green turtle hatchling stomach sample,Bacteria,Proteobacteria,Alphaproteobacteria,Rhizobiales,Rhizobiaceae,Pseudahrensia,Pseudahrensia_todarodis
KU853009.1.1478,SRR21726029,4.74E-05,383977850,499,131,SRX17721952,30_16S,Illumina MiSeq,SRP346777,PRJNA781615,SRS15251976,SAMN31036822,30_16S,Green turtle hatchling stomach sample,Bacteria,Proteobacteria,Gammaproteobacteria,Alteromonadales,Colwelliaceae,Thalassotalea,Thalassotalea_litorea
KX933061.1.1390,SRR21726029,4.74E-05,383977850,499,131,SRX17721952,30_16S,Illumina MiSeq,SRP346777,PRJNA781615,SRS15251976,SAMN31036822,30_16S,Green turtle hatchling stomach sample,Bacteria,Bacteroidota,Bacteroidia,Flavobacteriales,Flavobacteriaceae,Formosa,uncultured_marine
KY770281.1.1343,SRR21726029,4.74E-05,383977850,499,131,SRX17721952,30_16S,Illumina MiSeq,SRP346777,PRJNA781615,SRS15251976,SAMN31036822,30_16S,Green turtle hatchling stomach sample,Bacteria,Proteobacteria,Alphaproteobacteria,Rhodobacterales,Rhodobacteraceae,Pelagibaca,Pelagibaca_sp.
LT160079.1.1482,SRR21726029,4.74E-05,383977850,499,131,SRX17721952,30_16S,Illumina MiSeq,SRP346777,PRJNA781615,SRS15251976,SAMN31036822,30_16S,Green turtle hatchling stomach sample,Bacteria,Proteobacteria,Gammaproteobacteria,Vibrionales,Vibrionaceae,Grimontia,Grimontia_celer
AB294927.1.1375,SRR21726049,4.73E-05,398448802,499,134,SRX17721932,38_16S,Illumina MiSeq,SRP346777,PRJNA781615,SRS15251956,SAMN31036830,38_16S,Green turtle juvenile cloacal swab,Bacteria,Proteobacteria,Gammaproteobacteria,uncultured,uncultured,uncultured,uncultured_gamma
AJ633996.1.1301,SRR21726049,4.73E-05,398448802,499,134,SRX17721932,38_16S,Illumina MiSeq,SRP346777,PRJNA781615,SRS15251956,SAMN31036830,38_16S,Green turtle juvenile cloacal swab,Bacteria,Proteobacteria,Alphaproteobacteria,Rhodobacterales,Rhodobacteraceae,Ruegeria,uncultured_Alphaproteobacteria
EU246821.1.1399,SRR21726049,4.73E-05,398448802,499,134,SRX17721932,38_16S,Illumina MiSeq,SRP346777,PRJNA781615,SRS15251956,SAMN31036830,38_16S,Green turtle juvenile cloacal swab,Bacteria,Bacteroidota,Bacteroidia,Flavobacteriales,Crocinitomicaceae,Crocinitomix,uncultured_Bacteroidetes
FPLS01054526.10.1507,SRR21726049,4.73E-05,398448802,499,134,SRX17721932,38_16S,Illumina MiSeq,SRP346777,PRJNA781615,SRS15251956,SAMN31036830,38_16S,Green turtle juvenile cloacal swab,Bacteria,Actinobacteriota,Actinobacteria,Propionibacteriales,Propionibacteriaceae,uncultured,metagenome
HM799068.1.1401,SRR21726049,4.73E-05,398448802,499,134,SRX17721932,38_16S,Illumina MiSeq,SRP346777,PRJNA781615,SRS15251956,SAMN31036830,38_16S,Green turtle juvenile cloacal swab,Bacteria,Proteobacteria,Alphaproteobacteria,Caulobacterales,Caulobacteraceae,Brevundimonas,uncultured_Caulobacterales
JQ678527.1.1483,SRR21726049,4.73E-05,398448802,499,134,SRX17721932,38_16S,Illumina MiSeq,SRP346777,PRJNA781615,SRS15251956,SAMN31036830,38_16S,Green turtle juvenile cloacal swab,Bacteria,Bacteroidota,Bacteroidia,Flavobacteriales,NS9_marine_group,NS9_marine_group,uncultured_bacterium
KU923830.1.1383,SRR21726049,4.73E-05,398448802,499,134,SRX17721932,38_16S,Illumina MiSeq,SRP346777,PRJNA781615,SRS15251956,SAMN31036830,38_16S,Green turtle juvenile cloacal swab,Bacteria,Bacteroidota,Bacteroidia,Flavobacteriales,Flavobacteriaceae,uncultured,Pseudotenacibaculum_haliotis
KX014259.1.1496,SRR21726049,4.73E-05,398448802,499,134,SRX17721932,38_16S,Illumina MiSeq,SRP346777,PRJNA781615,SRS15251956,SAMN31036830,38_16S,Green turtle juvenile cloacal swab,Bacteria,Proteobacteria,Gammaproteobacteria,Oceanospirillales,Saccharospirillaceae,Oceanobacter,uncultured_bacterium
EF019482.1.1403,SRR21726043,4.69E-05,331464093,470,111,SRX17721938,44_16S,Illumina MiSeq,SRP346777,PRJNA781615,SRS15251963,SAMN31036836,44_16S,Green turtle hatchling stomach sample,Bacteria,Entotheonellaeota,Entotheonellia,Entotheonellales,Entotheonellaceae,Entotheonellaceae,uncultured_bacterium
JQ323112.1.1428,SRR21726043,4.69E-05,331464093,470,111,SRX17721938,44_16S,Illumina MiSeq,SRP346777,PRJNA781615,SRS15251963,SAMN31036836,44_16S,Green turtle hatchling stomach sample,Bacteria,Proteobacteria,Alphaproteobacteria,Rhodobacterales,Rhodobacteraceae,Rubellimicrobium,uncultured_bacterium
LC020509.1.1460,SRR21726043,4.69E-05,331464093,470,111,SRX17721938,44_16S,Illumina MiSeq,SRP346777,PRJNA781615,SRS15251963,SAMN31036836,44_16S,Green turtle hatchling stomach sample,Bacteria,Firmicutes,Clostridia,Clostridiales,Clostridiaceae,Clostridium_sensu_stricto_16,Clostridium_sp.
AB795493.1.1355,SRR21726020,4.67E-05,305472186,499,108,SRX17721961,34_16S,Illumina MiSeq,SRP346777,PRJNA781615,SRS15251985,SAMN31036826,34_16S,Green turtle juvenile cloacal swab,Bacteria,Bacteroidota,Kapabacteria,Kapabacteriales,Kapabacteriales,Kapabacteriales,uncultured_bacterium
KC112018.1.1269,SRR21726051,4.67E-05,345760543,484,123,SRX17721930,28_16S,Illumina MiSeq,SRP346777,PRJNA781615,SRS15251954,SAMN31036820,28_16S,Green turtle juvenile cloacal swab,Bacteria,Proteobacteria,Gammaproteobacteria,Burkholderiales,Burkholderiaceae,Burkholderia-Caballeronia-Paraburkholderia,uncultured_Burkholderia
JQ347502.1.1450,SRR21726047,4.65E-05,352120514,500,118,SRX17721934,40_16S,Illumina MiSeq,SRP346777,PRJNA781615,SRS15251958,SAMN31036832,40_16S,Green turtle juvenile esophageal swab,Bacteria,Proteobacteria,Alphaproteobacteria,Rhodospirillales,Magnetospiraceae,uncultured,uncultured_bacterium
EU803090.1.1268,SRR21726023,4.64E-05,340042833,498,113,SRX17721958,31_16S,Illumina MiSeq,SRP346777,PRJNA781615,SRS15251982,SAMN31036823,31_16S,Green turtle hatchling intestine sample,Bacteria,SAR324_clade(Marine_group_B),SAR324_clade(Marine_group_B),SAR324_clade(Marine_group_B),SAR324_clade(Marine_group_B),SAR324_clade(Marine_group_B),uncultured_bacterium
CP016093.558681.560179,SRR21726046,4.40E-05,264019405,500,87,SRX17721935,41_16S,Illumina MiSeq,SRP346777,PRJNA781615,SRS15251959,SAMN31036833,41_16S,Green turtle juvenile cloacal swab,Bacteria,Proteobacteria,Alphaproteobacteria,NRL2,NRL2,NRL2,Rhizobiales_bacterium
JQ216751.1.1294,SRR21726046,4.40E-05,264019405,500,87,SRX17721935,41_16S,Illumina MiSeq,SRP346777,PRJNA781615,SRS15251959,SAMN31036833,41_16S,Green turtle juvenile cloacal swab,Bacteria,Patescibacteria,Parcubacteria,Candidatus_Kaiserbacteria,Candidatus_Kaiserbacteria,Candidatus_Kaiserbacteria,uncultured_bacterium
KX213853.1.1399,SRR21726046,4.40E-05,264019405,500,87,SRX17721935,41_16S,Illumina MiSeq,SRP346777,PRJNA781615,SRS15251959,SAMN31036833,41_16S,Green turtle juvenile cloacal swab,Bacteria,Planctomycetota,OM190,OM190,OM190,OM190,uncultured_bacterium
KF410367.1.1366,SRR21726040,4.39E-05,377927131,499,134,SRX17721941,29_16S,Illumina MiSeq,SRP346777,PRJNA781615,SRS15251965,SAMN31036821,29_16S,Green turtle juvenile cloacal swab,Bacteria,Actinobacteriota,Actinobacteria,Corynebacteriales,Tsukamurellaceae,Tsukamurella,Tsukamurella_spumae
JQ665385.1.1228,SRR21726045,4.36E-05,293530160,484,103,SRX17721936,42_16S,Illumina MiSeq,SRP346777,PRJNA781615,SRS15251960,SAMN31036834,42_16S,Green turtle hatchling stomach sample,Bacteria,Proteobacteria,Gammaproteobacteria,Vibrionales,Vibrionaceae,Vibrio,Vibrio_harveyi
LN563816.1.1378,SRR21726051,4.33E-05,345760543,484,123,SRX17721930,28_16S,Illumina MiSeq,SRP346777,PRJNA781615,SRS15251954,SAMN31036820,28_16S,Green turtle juvenile cloacal swab,Bacteria,Actinobacteriota,Thermoleophilia,Solirubrobacterales,67-14,67-14,uncultured_bacterium
JX133339.1.1517,SRR21726044,4.21E-05,355385245,500,127,SRX17721937,43_16S,Illumina MiSeq,SRP346777,PRJNA781615,SRS15251961,SAMN31036835,43_16S,Green turtle hatchling intestine sample,Bacteria,Firmicutes,Bacilli,Paenibacillales,Paenibacillaceae,Paenibacillus,uncultured_bacterium
MF166852.1.1268,SRR21726044,4.21E-05,355385245,500,127,SRX17721937,43_16S,Illumina MiSeq,SRP346777,PRJNA781615,SRS15251961,SAMN31036835,43_16S,Green turtle hatchling intestine sample,Bacteria,Proteobacteria,Gammaproteobacteria,Pseudomonadales,Pseudomonadaceae,Pseudomonas,Pseudomonas_sp.
DQ269121.1.1362,SRR21726049,4.14E-05,398448802,499,134,SRX17721932,38_16S,Illumina MiSeq,SRP346777,PRJNA781615,SRS15251956,SAMN31036830,38_16S,Green turtle juvenile cloacal swab,Bacteria,Proteobacteria,Alphaproteobacteria,Rhizobiales,Hyphomicrobiaceae,Filomicrobium,uncultured_Alphaproteobacteria
DQ809514.1.1292,SRR21726049,4.14E-05,398448802,499,134,SRX17721932,38_16S,Illumina MiSeq,SRP346777,PRJNA781615,SRS15251956,SAMN31036830,38_16S,Green turtle juvenile cloacal swab,Bacteria,Firmicutes,Clostridia,Lachnospirales,Lachnospiraceae,Blautia,uncultured_bacterium
HM629364.1.1353,SRR21726049,4.14E-05,398448802,499,134,SRX17721932,38_16S,Illumina MiSeq,SRP346777,PRJNA781615,SRS15251956,SAMN31036830,38_16S,Green turtle juvenile cloacal swab,Bacteria,Deinococcota,Deinococci,Deinococcales,Deinococcaceae,Deinococcus,Deinococcus_sp.
JF107703.1.1347,SRR21726049,4.14E-05,398448802,499,134,SRX17721932,38_16S,Illumina MiSeq,SRP346777,PRJNA781615,SRS15251956,SAMN31036830,38_16S,Green turtle juvenile cloacal swab,Bacteria,Actinobacteriota,Actinobacteria,Micrococcales,Micrococcaceae,Kocuria,uncultured_bacterium
JQ186004.1.1334,SRR21726049,4.14E-05,398448802,499,134,SRX17721932,38_16S,Illumina MiSeq,SRP346777,PRJNA781615,SRS15251956,SAMN31036830,38_16S,Green turtle juvenile cloacal swab,Bacteria,Firmicutes,Clostridia,Clostridiales,Clostridiaceae,Clostridium_sensu_stricto_1,uncultured_bacterium
KF088555.1.1303,SRR21726049,4.14E-05,398448802,499,134,SRX17721932,38_16S,Illumina MiSeq,SRP346777,PRJNA781615,SRS15251956,SAMN31036830,38_16S,Green turtle juvenile cloacal swab,Bacteria,Actinobacteriota,Actinobacteria,Propionibacteriales,Propionibacteriaceae,Cutibacterium,uncultured_bacterium
KX177052.1.1501,SRR21726049,4.14E-05,398448802,499,134,SRX17721932,38_16S,Illumina MiSeq,SRP346777,PRJNA781615,SRS15251956,SAMN31036830,38_16S,Green turtle juvenile cloacal swab,Bacteria,Myxococcota,Polyangia,Blfdi19,Blfdi19,Blfdi19,uncultured_bacterium
LN866642.1.1402,SRR21726049,4.14E-05,398448802,499,134,SRX17721932,38_16S,Illumina MiSeq,SRP346777,PRJNA781615,SRS15251956,SAMN31036830,38_16S,Green turtle juvenile cloacal swab,Bacteria,Firmicutes,Bacilli,Bacillales,Planococcaceae,Jeotgalibacillus,Jeotgalibacillus_sp.
DQ985474.1.1247,SRR21726045,4.09E-05,293530160,484,103,SRX17721936,42_16S,Illumina MiSeq,SRP346777,PRJNA781615,SRS15251960,SAMN31036834,42_16S,Green turtle hatchling stomach sample,Bacteria,Actinobacteriota,Actinobacteria,Propionibacteriales,Nocardioidaceae,Nocardioides,Nocardioides_sp.
HG792215.1.1493,SRR21726045,4.09E-05,293530160,484,103,SRX17721936,42_16S,Illumina MiSeq,SRP346777,PRJNA781615,SRS15251960,SAMN31036834,42_16S,Green turtle hatchling stomach sample,Bacteria,Firmicutes,Bacilli,Mycoplasmatales,Mycoplasmataceae,Candidatus_Bacilloplasma,uncultured_bacterium
KU522188.1.1268,SRR21726045,4.09E-05,293530160,484,103,SRX17721936,42_16S,Illumina MiSeq,SRP346777,PRJNA781615,SRS15251960,SAMN31036834,42_16S,Green turtle hatchling stomach sample,Bacteria,Proteobacteria,Alphaproteobacteria,Rhizobiales,Rhizobiaceae,Allorhizobium-Neorhizobium-Pararhizobium-Rhizobium,Agrobacterium_radiobacter
LN567929.1.1384,SRR21726045,4.09E-05,293530160,484,103,SRX17721936,42_16S,Illumina MiSeq,SRP346777,PRJNA781615,SRS15251960,SAMN31036834,42_16S,Green turtle hatchling stomach sample,Bacteria,Actinobacteriota,Thermoleophilia,Gaiellales,uncultured,uncultured,uncultured_bacterium
JQ516324.1.1429,SRR21726019,4.00E-05,338063986,499,119,SRX17721962,35_16S,Illumina MiSeq,SRP346777,PRJNA781615,SRS15251986,SAMN31036827,35_16S,Green turtle juvenile cloacal swab,Bacteria,Bacteroidota,Rhodothermia,Rhodothermales,Rhodothermaceae,uncultured,uncultured_Rhodothermaceae
JX009143.1.1291,SRR21726019,4.00E-05,338063986,499,119,SRX17721962,35_16S,Illumina MiSeq,SRP346777,PRJNA781615,SRS15251986,SAMN31036827,35_16S,Green turtle juvenile cloacal swab,Bacteria,Proteobacteria,Gammaproteobacteria,Vibrionales,Vibrionaceae,Vibrio,Vibrio_fluvialis
KJ009432.1.1342,SRR21726019,4.00E-05,338063986,499,119,SRX17721962,35_16S,Illumina MiSeq,SRP346777,PRJNA781615,SRS15251986,SAMN31036827,35_16S,Green turtle juvenile cloacal swab,Bacteria,Proteobacteria,Alphaproteobacteria,Sphingomonadales,Sphingomonadaceae,Sphingomonas,Sphingomonas_sp.
KJ188008.1.1479,SRR21726019,4.00E-05,338063986,499,119,SRX17721962,35_16S,Illumina MiSeq,SRP346777,PRJNA781615,SRS15251986,SAMN31036827,35_16S,Green turtle juvenile cloacal swab,Bacteria,Bacteroidota,Bacteroidia,Flavobacteriales,Flavobacteriaceae,Mesonia,Mesonia_sp.
LT160079.1.1482,SRR21726019,4.00E-05,338063986,499,119,SRX17721962,35_16S,Illumina MiSeq,SRP346777,PRJNA781615,SRS15251986,SAMN31036827,35_16S,Green turtle juvenile cloacal swab,Bacteria,Proteobacteria,Gammaproteobacteria,Vibrionales,Vibrionaceae,Grimontia,Grimontia_celer
KX129748.1.1417,SRR21726051,4.00E-05,345760543,484,123,SRX17721930,28_16S,Illumina MiSeq,SRP346777,PRJNA781615,SRS15251954,SAMN31036820,28_16S,Green turtle juvenile cloacal swab,Bacteria,Proteobacteria,Alphaproteobacteria,Rhizobiales,Rhizobiaceae,Pseudaminobacter,Pseudaminobacter_sp.
AB264061.1.1436,SRR21726029,3.95E-05,383977850,499,131,SRX17721952,30_16S,Illumina MiSeq,SRP346777,PRJNA781615,SRS15251976,SAMN31036822,30_16S,Green turtle hatchling stomach sample,Bacteria,Firmicutes,Clostridia,Oscillospirales,Ethanoligenenaceae,Incertae_Sedis,uncultured_Clostridiaceae
AY258122.1.1403,SRR21726029,3.95E-05,383977850,499,131,SRX17721952,30_16S,Illumina MiSeq,SRP346777,PRJNA781615,SRS15251976,SAMN31036822,30_16S,Green turtle hatchling stomach sample,Bacteria,Bacteroidota,Bacteroidia,Flavobacteriales,Cryomorphaceae,Owenweeksia,bacterium_DG890
DQ640643.1.1428,SRR21726029,3.95E-05,383977850,499,131,SRX17721952,30_16S,Illumina MiSeq,SRP346777,PRJNA781615,SRS15251976,SAMN31036822,30_16S,Green turtle hatchling stomach sample,Bacteria,Proteobacteria,Alphaproteobacteria,Rhodobacterales,Rhodobacteraceae,Wenxinia,Wenxinia_marina
FJ744816.1.1373,SRR21726029,3.95E-05,383977850,499,131,SRX17721952,30_16S,Illumina MiSeq,SRP346777,PRJNA781615,SRS15251976,SAMN31036822,30_16S,Green turtle hatchling stomach sample,Bacteria,Proteobacteria,Gammaproteobacteria,Oceanospirillales,Nitrincolaceae,uncultured,uncultured_gamma
HQ871854.1.1349,SRR21726029,3.95E-05,383977850,499,131,SRX17721952,30_16S,Illumina MiSeq,SRP346777,PRJNA781615,SRS15251976,SAMN31036822,30_16S,Green turtle hatchling stomach sample,Bacteria,Proteobacteria,Alphaproteobacteria,Thalassobaculales,Thalassobaculaceae,Thalassobaculum,Thalassobaculum_sp.
JN515265.1.1458,SRR21726029,3.95E-05,383977850,499,131,SRX17721952,30_16S,Illumina MiSeq,SRP346777,PRJNA781615,SRS15251976,SAMN31036822,30_16S,Green turtle hatchling stomach sample,Bacteria,Myxococcota,Myxococcia,Myxococcales,Myxococcaceae,P3OB-42,uncultured_organism
KF906719.1.1486,SRR21726029,3.95E-05,383977850,499,131,SRX17721952,30_16S,Illumina MiSeq,SRP346777,PRJNA781615,SRS15251976,SAMN31036822,30_16S,Green turtle hatchling stomach sample,Bacteria,Bacteroidota,Bacteroidia,Flavobacteriales,Flavobacteriaceae,Aquimarina,Aquimarina_atlantica
KY190829.1.1483,SRR21726029,3.95E-05,383977850,499,131,SRX17721952,30_16S,Illumina MiSeq,SRP346777,PRJNA781615,SRS15251976,SAMN31036822,30_16S,Green turtle hatchling stomach sample,Bacteria,NB1-j,NB1-j,NB1-j,NB1-j,NB1-j,uncultured_bacterium
MH410554.1.1288,SRR21726029,3.95E-05,383977850,499,131,SRX17721952,30_16S,Illumina MiSeq,SRP346777,PRJNA781615,SRS15251976,SAMN31036822,30_16S,Green turtle hatchling stomach sample,Bacteria,Actinobacteriota,Actinobacteria,Micrococcales,Intrasporangiaceae,Ornithinimicrobium,bacterium
DQ269121.1.1362,SRR21726020,3.90E-05,305472186,499,108,SRX17721961,34_16S,Illumina MiSeq,SRP346777,PRJNA781615,SRS15251985,SAMN31036826,34_16S,Green turtle juvenile cloacal swab,Bacteria,Proteobacteria,Alphaproteobacteria,Rhizobiales,Hyphomicrobiaceae,Filomicrobium,uncultured_Alphaproteobacteria
HQ674914.1.1480,SRR21726020,3.90E-05,305472186,499,108,SRX17721961,34_16S,Illumina MiSeq,SRP346777,PRJNA781615,SRS15251985,SAMN31036826,34_16S,Green turtle juvenile cloacal swab,Bacteria,Planctomycetota,Planctomycetes,Isosphaerales,Isosphaeraceae,Tundrisphaera,uncultured_Singulisphaera
JQ580268.1.1486,SRR21726020,3.90E-05,305472186,499,108,SRX17721961,34_16S,Illumina MiSeq,SRP346777,PRJNA781615,SRS15251985,SAMN31036826,34_16S,Green turtle juvenile cloacal swab,Bacteria,Bacteroidota,Bacteroidia,Chitinophagales,Saprospiraceae,uncultured,uncultured_Alphaproteobacteria
KF080558.1.1339,SRR21726020,3.90E-05,305472186,499,108,SRX17721961,34_16S,Illumina MiSeq,SRP346777,PRJNA781615,SRS15251985,SAMN31036826,34_16S,Green turtle juvenile cloacal swab,Bacteria,Actinobacteriota,Actinobacteria,Frankiales,Frankiaceae,Jatrophihabitans,uncultured_bacterium
AM882554.1.1462,SRR21726023,3.87E-05,340042833,498,113,SRX17721958,31_16S,Illumina MiSeq,SRP346777,PRJNA781615,SRS15251982,SAMN31036823,31_16S,Green turtle hatchling intestine sample,Bacteria,Desulfobacterota,Desulfobacteria,Desulfobacterales,Desulfosarcinaceae,uncultured,uncultured_gamma
JX009143.1.1291,SRR21726023,3.87E-05,340042833,498,113,SRX17721958,31_16S,Illumina MiSeq,SRP346777,PRJNA781615,SRS15251982,SAMN31036823,31_16S,Green turtle hatchling intestine sample,Bacteria,Proteobacteria,Gammaproteobacteria,Vibrionales,Vibrionaceae,Vibrio,Vibrio_fluvialis
JX075139.1.1237,SRR21726023,3.87E-05,340042833,498,113,SRX17721958,31_16S,Illumina MiSeq,SRP346777,PRJNA781615,SRS15251982,SAMN31036823,31_16S,Green turtle hatchling intestine sample,Bacteria,Proteobacteria,Gammaproteobacteria,Alteromonadales,Marinobacteraceae,Marinobacter,uncultured_bacterium
HM557284.1.1347,SRR21726045,3.82E-05,293530160,484,103,SRX17721936,42_16S,Illumina MiSeq,SRP346777,PRJNA781615,SRS15251960,SAMN31036834,42_16S,Green turtle hatchling stomach sample,Bacteria,Actinobacteriota,Actinobacteria,Micromonosporales,Micromonosporaceae,Actinoplanes,uncultured_bacterium
KC119135.1.1358,SRR21726045,3.82E-05,293530160,484,103,SRX17721936,42_16S,Illumina MiSeq,SRP346777,PRJNA781615,SRS15251960,SAMN31036834,42_16S,Green turtle hatchling stomach sample,Bacteria,Proteobacteria,Alphaproteobacteria,Tistrellales,Tistrellaceae,Tistrella,bacterium_RCC31
JQ212191.1.1350,SRR21726047,3.72E-05,352120514,500,118,SRX17721934,40_16S,Illumina MiSeq,SRP346777,PRJNA781615,SRS15251958,SAMN31036832,40_16S,Green turtle juvenile esophageal swab,Bacteria,Firmicutes,Clostridia,Peptostreptococcales-Tissierellales,Fusibacteraceae,Fusibacter,uncultured_bacterium
JQ213752.1.1353,SRR21726047,3.72E-05,352120514,500,118,SRX17721934,40_16S,Illumina MiSeq,SRP346777,PRJNA781615,SRS15251958,SAMN31036832,40_16S,Green turtle juvenile esophageal swab,Bacteria,Bacteroidota,Bacteroidia,Bacteroidetes_VC2.1_Bac22,Bacteroidetes_VC2.1_Bac22,Bacteroidetes_VC2.1_Bac22,uncultured_bacterium
HE575395.1.1445,SRR21726051,3.67E-05,345760543,484,123,SRX17721930,28_16S,Illumina MiSeq,SRP346777,PRJNA781615,SRS15251954,SAMN31036820,28_16S,Green turtle juvenile cloacal swab,Bacteria,Bacteroidota,Bacteroidia,Sphingobacteriales,Sphingobacteriaceae,Parapedobacter,uncultured_Sphingobacteriaceae
KR906247.1.1433,SRR21726051,3.67E-05,345760543,484,123,SRX17721930,28_16S,Illumina MiSeq,SRP346777,PRJNA781615,SRS15251954,SAMN31036820,28_16S,Green turtle juvenile cloacal swab,Bacteria,Actinobacteriota,Actinobacteria,Micrococcales,Microbacteriaceae,Microbacterium,Microbacterium_sp.
AB735546.1.1462,SRR21726046,3.67E-05,264019405,500,87,SRX17721935,41_16S,Illumina MiSeq,SRP346777,PRJNA781615,SRS15251959,SAMN31036833,41_16S,Green turtle juvenile cloacal swab,Bacteria,Proteobacteria,Gammaproteobacteria,Salinisphaerales,Salinisphaeraceae,Salinisphaera,Salinisphaera_japonica
DQ378172.1.1447,SRR21726046,3.67E-05,264019405,500,87,SRX17721935,41_16S,Illumina MiSeq,SRP346777,PRJNA781615,SRS15251959,SAMN31036833,41_16S,Green turtle juvenile cloacal swab,Bacteria,Proteobacteria,Alphaproteobacteria,Acetobacterales,Acetobacteraceae,uncultured,uncultured_soil
JQ013150.1.1459,SRR21726046,3.67E-05,264019405,500,87,SRX17721935,41_16S,Illumina MiSeq,SRP346777,PRJNA781615,SRS15251959,SAMN31036833,41_16S,Green turtle juvenile cloacal swab,Bacteria,Bdellovibrionota,Bdellovibrionia,Bdellovibrionales,Bdellovibrionaceae,OM27_clade,uncultured_bacterium
JQ215886.1.1380,SRR21726046,3.67E-05,264019405,500,87,SRX17721935,41_16S,Illumina MiSeq,SRP346777,PRJNA781615,SRS15251959,SAMN31036833,41_16S,Green turtle juvenile cloacal swab,Bacteria,Desulfobacterota,Desulfuromonadia,Bradymonadales,Bradymonadales,Bradymonadales,uncultured_bacterium
KF786604.1.1394,SRR21726046,3.67E-05,264019405,500,87,SRX17721935,41_16S,Illumina MiSeq,SRP346777,PRJNA781615,SRS15251959,SAMN31036833,41_16S,Green turtle juvenile cloacal swab,Bacteria,Proteobacteria,Gammaproteobacteria,SAR86_clade,SAR86_clade,SAR86_clade,uncultured_gamma
KM270150.1.1417,SRR21726046,3.67E-05,264019405,500,87,SRX17721935,41_16S,Illumina MiSeq,SRP346777,PRJNA781615,SRS15251959,SAMN31036833,41_16S,Green turtle juvenile cloacal swab,Bacteria,Proteobacteria,Alphaproteobacteria,Rhodobacterales,Rhodobacteraceae,Tropicibacter,uncultured_bacterium
AM930457.1.1449,SRR21726049,3.55E-05,398448802,499,134,SRX17721932,38_16S,Illumina MiSeq,SRP346777,PRJNA781615,SRS15251956,SAMN31036830,38_16S,Green turtle juvenile cloacal swab,Bacteria,Bacteroidota,Bacteroidia,Flavobacteriales,Flavobacteriaceae,Kordia,uncultured_Bacteroidetes
AY948355.1.1257,SRR21726049,3.55E-05,398448802,499,134,SRX17721932,38_16S,Illumina MiSeq,SRP346777,PRJNA781615,SRS15251956,SAMN31036830,38_16S,Green turtle juvenile cloacal swab,Bacteria,Actinobacteriota,Acidimicrobiia,uncultured,uncultured,uncultured,uncultured_bacterium
GU234911.1.1356,SRR21726049,3.55E-05,398448802,499,134,SRX17721932,38_16S,Illumina MiSeq,SRP346777,PRJNA781615,SRS15251956,SAMN31036830,38_16S,Green turtle juvenile cloacal swab,Bacteria,Actinobacteriota,Acidimicrobiia,Microtrichales,Microtrichaceae,Sva0996_marine_group,uncultured_marine
HQ218715.1.1464,SRR21726049,3.55E-05,398448802,499,134,SRX17721932,38_16S,Illumina MiSeq,SRP346777,PRJNA781615,SRS15251956,SAMN31036830,38_16S,Green turtle juvenile cloacal swab,Bacteria,Proteobacteria,Alphaproteobacteria,Paracaedibacterales,Paracaedibacteraceae,uncultured,uncultured_bacterium
KR559997.1.1477,SRR21726049,3.55E-05,398448802,499,134,SRX17721932,38_16S,Illumina MiSeq,SRP346777,PRJNA781615,SRS15251956,SAMN31036830,38_16S,Green turtle juvenile cloacal swab,Bacteria,Myxococcota,Polyangia,Haliangiales,Haliangiaceae,Haliangium,uncultured_bacterium
MK143207.1.1256,SRR21726049,3.55E-05,398448802,499,134,SRX17721932,38_16S,Illumina MiSeq,SRP346777,PRJNA781615,SRS15251956,SAMN31036830,38_16S,Green turtle juvenile cloacal swab,Bacteria,Actinobacteriota,Actinobacteria,Micrococcales,Micrococcaceae,Micrococcus,Micrococcus_sp.
GQ156991.1.1475,SRR21726045,3.54E-05,293530160,484,103,SRX17721936,42_16S,Illumina MiSeq,SRP346777,PRJNA781615,SRS15251960,SAMN31036834,42_16S,Green turtle hatchling stomach sample,Bacteria,Firmicutes,Bacilli,Bacillales,Bacillaceae,Bacillus,uncultured_bacterium
KU867842.1.1323,SRR21726045,3.54E-05,293530160,484,103,SRX17721936,42_16S,Illumina MiSeq,SRP346777,PRJNA781615,SRS15251960,SAMN31036834,42_16S,Green turtle hatchling stomach sample,Bacteria,Bacteroidota,Bacteroidia,Sphingobacteriales,Sphingobacteriaceae,Sphingobacterium,Sphingobacterium_sp.
AB735546.1.1462,SRR21726051,3.33E-05,345760543,484,123,SRX17721930,28_16S,Illumina MiSeq,SRP346777,PRJNA781615,SRS15251954,SAMN31036820,28_16S,Green turtle juvenile cloacal swab,Bacteria,Proteobacteria,Gammaproteobacteria,Salinisphaerales,Salinisphaeraceae,Salinisphaera,Salinisphaera_japonica
DQ227003.1.1354,SRR21726051,3.33E-05,345760543,484,123,SRX17721930,28_16S,Illumina MiSeq,SRP346777,PRJNA781615,SRS15251954,SAMN31036820,28_16S,Green turtle juvenile cloacal swab,Bacteria,Actinobacteriota,Actinobacteria,Corynebacteriales,Nocardiaceae,Gordonia,Gordonia_sp.
GQ002549.1.1345,SRR21726051,3.33E-05,345760543,484,123,SRX17721930,28_16S,Illumina MiSeq,SRP346777,PRJNA781615,SRS15251954,SAMN31036820,28_16S,Green turtle juvenile cloacal swab,Bacteria,Bacteroidota,Bacteroidia,Flavobacteriales,Weeksellaceae,Elizabethkingia,uncultured_bacterium
GQ156991.1.1475,SRR21726051,3.33E-05,345760543,484,123,SRX17721930,28_16S,Illumina MiSeq,SRP346777,PRJNA781615,SRS15251954,SAMN31036820,28_16S,Green turtle juvenile cloacal swab,Bacteria,Firmicutes,Bacilli,Bacillales,Bacillaceae,Bacillus,uncultured_bacterium
LN564506.1.1355,SRR21726051,3.33E-05,345760543,484,123,SRX17721930,28_16S,Illumina MiSeq,SRP346777,PRJNA781615,SRS15251954,SAMN31036820,28_16S,Green turtle juvenile cloacal swab,Bacteria,Actinobacteriota,Actinobacteria,Micrococcales,Microbacteriaceae,Microbacterium,uncultured_bacterium
DQ677026.1.1379,SRR21726045,3.27E-05,293530160,484,103,SRX17721936,42_16S,Illumina MiSeq,SRP346777,PRJNA781615,SRS15251960,SAMN31036834,42_16S,Green turtle hatchling stomach sample,Bacteria,Proteobacteria,Gammaproteobacteria,Alteromonadales,Shewanellaceae,Shewanella,Shewanella_sp.
KT154946.1.1384,SRR21726045,3.27E-05,293530160,484,103,SRX17721936,42_16S,Illumina MiSeq,SRP346777,PRJNA781615,SRS15251960,SAMN31036834,42_16S,Green turtle hatchling stomach sample,Bacteria,Proteobacteria,Gammaproteobacteria,Xanthomonadales,Xanthomonadaceae,Pseudoxanthomonas,Pseudoxanthomonas_sp.
KP895816.1.1405,SRR21726040,3.19E-05,377927131,499,134,SRX17721941,29_16S,Illumina MiSeq,SRP346777,PRJNA781615,SRS15251965,SAMN31036821,29_16S,Green turtle juvenile cloacal swab,Bacteria,Bacteroidota,Bacteroidia,Chitinophagales,Chitinophagaceae,Pseudoflavitalea,Niastella_sp.
EU055608.1.1495,SRR21726029,3.16E-05,383977850,499,131,SRX17721952,30_16S,Illumina MiSeq,SRP346777,PRJNA781615,SRS15251976,SAMN31036822,30_16S,Green turtle hatchling stomach sample,Bacteria,Nitrospirota,Nitrospiria,Nitrospirales,Nitrospiraceae,Nitrospira,Nitrospira_sp.
EU135297.1.1352,SRR21726029,3.16E-05,383977850,499,131,SRX17721952,30_16S,Illumina MiSeq,SRP346777,PRJNA781615,SRS15251976,SAMN31036822,30_16S,Green turtle hatchling stomach sample,Bacteria,Planctomycetota,Phycisphaerae,Tepidisphaerales,WD2101_soil_group,WD2101_soil_group,uncultured_bacterium
FJ425641.1.1431,SRR21726029,3.16E-05,383977850,499,131,SRX17721952,30_16S,Illumina MiSeq,SRP346777,PRJNA781615,SRS15251976,SAMN31036822,30_16S,Green turtle hatchling stomach sample,Bacteria,Proteobacteria,Alphaproteobacteria,uncultured,uncultured,uncultured,uncultured_Alphaproteobacteria
JN119232.1.1485,SRR21726029,3.16E-05,383977850,499,131,SRX17721952,30_16S,Illumina MiSeq,SRP346777,PRJNA781615,SRS15251976,SAMN31036822,30_16S,Green turtle hatchling stomach sample,Bacteria,Bacteroidota,Bacteroidia,Chitinophagales,Saprospiraceae,uncultured,uncultured_marine
JQ923966.1.1485,SRR21726029,3.16E-05,383977850,499,131,SRX17721952,30_16S,Illumina MiSeq,SRP346777,PRJNA781615,SRS15251976,SAMN31036822,30_16S,Green turtle hatchling stomach sample,Bacteria,Proteobacteria,Gammaproteobacteria,Salinisphaerales,Solimonadaceae,uncultured,uncultured_bacterium
KT274807.1.1415,SRR21726029,3.16E-05,383977850,499,131,SRX17721952,30_16S,Illumina MiSeq,SRP346777,PRJNA781615,SRS15251976,SAMN31036822,30_16S,Green turtle hatchling stomach sample,Bacteria,Proteobacteria,Gammaproteobacteria,Oceanospirillales,Marinomonadaceae,Marinomonas,Marinomonas_sp.
KT952717.1.1502,SRR21726029,3.16E-05,383977850,499,131,SRX17721952,30_16S,Illumina MiSeq,SRP346777,PRJNA781615,SRS15251976,SAMN31036822,30_16S,Green turtle hatchling stomach sample,Bacteria,Proteobacteria,Gammaproteobacteria,Cellvibrionales,Halieaceae,Parahaliea,uncultured_bacterium
KX172929.1.1498,SRR21726029,3.16E-05,383977850,499,131,SRX17721952,30_16S,Illumina MiSeq,SRP346777,PRJNA781615,SRS15251976,SAMN31036822,30_16S,Green turtle hatchling stomach sample,Bacteria,Verrucomicrobiota,Kiritimatiellae,WCHB1-41,WCHB1-41,WCHB1-41,uncultured_bacterium
KX176920.1.1485,SRR21726029,3.16E-05,383977850,499,131,SRX17721952,30_16S,Illumina MiSeq,SRP346777,PRJNA781615,SRS15251976,SAMN31036822,30_16S,Green turtle hatchling stomach sample,Bacteria,Bacteroidota,Bacteroidia,Cytophagales,Cyclobacteriaceae,Fulvivirga,uncultured_bacterium
KJ009432.1.1342,SRR21726043,3.13E-05,331464093,470,111,SRX17721938,44_16S,Illumina MiSeq,SRP346777,PRJNA781615,SRS15251963,SAMN31036836,44_16S,Green turtle hatchling stomach sample,Bacteria,Proteobacteria,Alphaproteobacteria,Sphingomonadales,Sphingomonadaceae,Sphingomonas,Sphingomonas_sp.
KJ575023.1.1476,SRR21726043,3.13E-05,331464093,470,111,SRX17721938,44_16S,Illumina MiSeq,SRP346777,PRJNA781615,SRS15251963,SAMN31036836,44_16S,Green turtle hatchling stomach sample,Bacteria,Proteobacteria,Alphaproteobacteria,Rhizobiales,Rhizobiaceae,Brucella,Brucella_ceti
AJ244799.1.1333,SRR21726020,3.12E-05,305472186,499,108,SRX17721961,34_16S,Illumina MiSeq,SRP346777,PRJNA781615,SRS15251985,SAMN31036826,34_16S,Green turtle juvenile cloacal swab,Bacteria,Actinobacteriota,Actinobacteria,Propionibacteriales,Propionibacteriaceae,uncultured,Gram-positive_bacterium
AM690798.1.1290,SRR21726020,3.12E-05,305472186,499,108,SRX17721961,34_16S,Illumina MiSeq,SRP346777,PRJNA781615,SRS15251985,SAMN31036826,34_16S,Green turtle juvenile cloacal swab,Bacteria,Bacteroidota,Chlorobia,Chlorobiales,Chlorobiaceae,Prosthecochloris,Prosthecochloris_vibrioformis
FJ466044.1.1396,SRR21726020,3.12E-05,305472186,499,108,SRX17721961,34_16S,Illumina MiSeq,SRP346777,PRJNA781615,SRS15251985,SAMN31036826,34_16S,Green turtle juvenile cloacal swab,Bacteria,Proteobacteria,Alphaproteobacteria,Acetobacterales,Acetobacteraceae,Acidiphilium,uncultured_bacterium
FPLM01006033.21.1543,SRR21726020,3.12E-05,305472186,499,108,SRX17721961,34_16S,Illumina MiSeq,SRP346777,PRJNA781615,SRS15251985,SAMN31036826,34_16S,Green turtle juvenile cloacal swab,Bacteria,Actinobacteriota,Thermoleophilia,Solirubrobacterales,Solirubrobacteraceae,Conexibacter,metagenome
JQ197218.1.1323,SRR21726020,3.12E-05,305472186,499,108,SRX17721961,34_16S,Illumina MiSeq,SRP346777,PRJNA781615,SRS15251985,SAMN31036826,34_16S,Green turtle juvenile cloacal swab,Bacteria,Chloroflexi,KD4-96,KD4-96,KD4-96,KD4-96,uncultured_bacterium
LN568830.1.1385,SRR21726020,3.12E-05,305472186,499,108,SRX17721961,34_16S,Illumina MiSeq,SRP346777,PRJNA781615,SRS15251985,SAMN31036826,34_16S,Green turtle juvenile cloacal swab,Bacteria,Myxococcota,Myxococcia,Myxococcales,Myxococcaceae,KD3-10,uncultured_bacterium
DQ232756.1.1466,SRR21726019,3.00E-05,338063986,499,119,SRX17721962,35_16S,Illumina MiSeq,SRP346777,PRJNA781615,SRS15251986,SAMN31036827,35_16S,Green turtle juvenile cloacal swab,Bacteria,Bacteroidota,Bacteroidia,Chitinophagales,Saprospiraceae,Phaeodactylibacter,uncultured_Bacteroidetes
FNIQ01000011.3925.5448,SRR21726019,3.00E-05,338063986,499,119,SRX17721962,35_16S,Illumina MiSeq,SRP346777,PRJNA781615,SRS15251986,SAMN31036827,35_16S,Green turtle juvenile cloacal swab,Bacteria,Actinobacteriota,Actinobacteria,Frankiales,Geodermatophilaceae,Geodermatophilus,Geodermatophilus_sp.
JF272229.1.1480,SRR21726019,3.00E-05,338063986,499,119,SRX17721962,35_16S,Illumina MiSeq,SRP346777,PRJNA781615,SRS15251986,SAMN31036827,35_16S,Green turtle juvenile cloacal swab,Bacteria,Planctomycetota,Planctomycetes,Pirellulales,Pirellulaceae,Blastopirellula,uncultured_bacterium
DQ644007.1.1450,SRR21726045,3.00E-05,293530160,484,103,SRX17721936,42_16S,Illumina MiSeq,SRP346777,PRJNA781615,SRS15251960,SAMN31036834,42_16S,Green turtle hatchling stomach sample,Bacteria,Proteobacteria,Alphaproteobacteria,Rhizobiales,Stappiaceae,Stappia,uncultured_Alphaproteobacteria
JF979251.1.1482,SRR21726045,3.00E-05,293530160,484,103,SRX17721936,42_16S,Illumina MiSeq,SRP346777,PRJNA781615,SRS15251960,SAMN31036834,42_16S,Green turtle hatchling stomach sample,Bacteria,Firmicutes,Bacilli,Paenibacillales,Paenibacillaceae,Ammoniphilus,uncultured_Ammoniphilus
JQ407984.1.1320,SRR21726045,3.00E-05,293530160,484,103,SRX17721936,42_16S,Illumina MiSeq,SRP346777,PRJNA781615,SRS15251960,SAMN31036834,42_16S,Green turtle hatchling stomach sample,Bacteria,Chloroflexi,Chloroflexia,Thermomicrobiales,JG30-KF-CM45,JG30-KF-CM45,uncultured_bacterium
JQ660037.1.1467,SRR21726045,3.00E-05,293530160,484,103,SRX17721936,42_16S,Illumina MiSeq,SRP346777,PRJNA781615,SRS15251960,SAMN31036834,42_16S,Green turtle hatchling stomach sample,Bacteria,Actinobacteriota,Actinobacteria,Micrococcales,Intrasporangiaceae,Knoellia,Knoellia_sp.
AM882568.1.1500,SRR21726049,2.96E-05,398448802,499,134,SRX17721932,38_16S,Illumina MiSeq,SRP346777,PRJNA781615,SRS15251956,SAMN31036830,38_16S,Green turtle juvenile cloacal swab,Bacteria,Proteobacteria,Gammaproteobacteria,Steroidobacterales,Woeseiaceae,Woeseia,uncultured_gamma
FJ203505.1.1473,SRR21726049,2.96E-05,398448802,499,134,SRX17721932,38_16S,Illumina MiSeq,SRP346777,PRJNA781615,SRS15251956,SAMN31036830,38_16S,Green turtle juvenile cloacal swab,Bacteria,Verrucomicrobiota,Verrucomicrobiae,Verrucomicrobiales,DEV007,DEV007,uncultured_bacterium
FJ425641.1.1431,SRR21726049,2.96E-05,398448802,499,134,SRX17721932,38_16S,Illumina MiSeq,SRP346777,PRJNA781615,SRS15251956,SAMN31036830,38_16S,Green turtle juvenile cloacal swab,Bacteria,Proteobacteria,Alphaproteobacteria,uncultured,uncultured,uncultured,uncultured_Alphaproteobacteria
GQ348771.1.1345,SRR21726049,2.96E-05,398448802,499,134,SRX17721932,38_16S,Illumina MiSeq,SRP346777,PRJNA781615,SRS15251956,SAMN31036830,38_16S,Green turtle juvenile cloacal swab,Bacteria,Bdellovibrionota,Bdellovibrionia,Bdellovibrionales,Bdellovibrionaceae,OM27_clade,uncultured_delta
KT899807.1.1428,SRR21726049,2.96E-05,398448802,499,134,SRX17721932,38_16S,Illumina MiSeq,SRP346777,PRJNA781615,SRS15251956,SAMN31036830,38_16S,Green turtle juvenile cloacal swab,Bacteria,Firmicutes,Bacilli,Bacillales,Marinococcaceae,Marinococcus,Marinococcus_halophilus
KT952852.1.1490,SRR21726049,2.96E-05,398448802,499,134,SRX17721932,38_16S,Illumina MiSeq,SRP346777,PRJNA781615,SRS15251956,SAMN31036830,38_16S,Green turtle juvenile cloacal swab,Bacteria,Firmicutes,Clostridia,Oscillospirales,[Eubacterium]_coprostanoligenes_group,[Eubacterium]_coprostanoligenes_group,uncultured_bacterium
AB212806.1.1456,SRR21726046,2.93E-05,264019405,500,87,SRX17721935,41_16S,Illumina MiSeq,SRP346777,PRJNA781615,SRS15251959,SAMN31036833,41_16S,Green turtle juvenile cloacal swab,Bacteria,Proteobacteria,Gammaproteobacteria,Cellvibrionales,Halieaceae,OM60(NOR5)_clade,gamma_proteobacterium
AM990655.1.1276,SRR21726046,2.93E-05,264019405,500,87,SRX17721935,41_16S,Illumina MiSeq,SRP346777,PRJNA781615,SRS15251959,SAMN31036833,41_16S,Green turtle juvenile cloacal swab,Bacteria,Proteobacteria,Alphaproteobacteria,Caulobacterales,Hyphomonadaceae,Henriciella,Caulobacteraceae_bacterium
EF402828.1.1485,SRR21726046,2.93E-05,264019405,500,87,SRX17721935,41_16S,Illumina MiSeq,SRP346777,PRJNA781615,SRS15251959,SAMN31036833,41_16S,Green turtle juvenile cloacal swab,Bacteria,Firmicutes,Clostridia,Oscillospirales,Ruminococcaceae,uncultured,uncultured_bacterium
JN038255.1.1495,SRR21726046,2.93E-05,264019405,500,87,SRX17721935,41_16S,Illumina MiSeq,SRP346777,PRJNA781615,SRS15251959,SAMN31036833,41_16S,Green turtle juvenile cloacal swab,Bacteria,Bacteroidota,Rhodothermia,Rhodothermales,Rhodothermaceae,Rubrivirga,uncultured_Bacteroidetes
JQ580165.1.1504,SRR21726046,2.93E-05,264019405,500,87,SRX17721935,41_16S,Illumina MiSeq,SRP346777,PRJNA781615,SRS15251959,SAMN31036833,41_16S,Green turtle juvenile cloacal swab,Bacteria,Planctomycetota,Planctomycetes,Planctomycetales,Rubinisphaeraceae,uncultured,uncultured_planctomycete
KT223276.1.1424,SRR21726046,2.93E-05,264019405,500,87,SRX17721935,41_16S,Illumina MiSeq,SRP346777,PRJNA781615,SRS15251959,SAMN31036833,41_16S,Green turtle juvenile cloacal swab,Bacteria,Proteobacteria,Gammaproteobacteria,Tenderiales,Tenderiaceae,Candidatus_Tenderia,uncultured_bacterium
JF412238.1.1442,SRR21726047,2.79E-05,352120514,500,118,SRX17721934,40_16S,Illumina MiSeq,SRP346777,PRJNA781615,SRS15251958,SAMN31036832,40_16S,Green turtle juvenile esophageal swab,Bacteria,Proteobacteria,Gammaproteobacteria,Vibrionales,Vibrionaceae,Aliivibrio,Aliivibrio_logei
DQ809514.1.1292,SRR21726045,2.73E-05,293530160,484,103,SRX17721936,42_16S,Illumina MiSeq,SRP346777,PRJNA781615,SRS15251960,SAMN31036834,42_16S,Green turtle hatchling stomach sample,Bacteria,Firmicutes,Clostridia,Lachnospirales,Lachnospiraceae,Blautia,uncultured_bacterium
FJ479559.1.1446,SRR21726045,2.73E-05,293530160,484,103,SRX17721936,42_16S,Illumina MiSeq,SRP346777,PRJNA781615,SRS15251960,SAMN31036834,42_16S,Green turtle hatchling stomach sample,Bacteria,Proteobacteria,Alphaproteobacteria,Sphingomonadales,Sphingomonadaceae,Sphingomonas,uncultured_bacterium
KY655405.1.1219,SRR21726051,2.67E-05,345760543,484,123,SRX17721930,28_16S,Illumina MiSeq,SRP346777,PRJNA781615,SRS15251954,SAMN31036820,28_16S,Green turtle juvenile cloacal swab,Bacteria,Proteobacteria,Gammaproteobacteria,Alteromonadales,Pseudoalteromonadaceae,Pseudoalteromonas,Pseudoalteromonas_sp.
HM468054.1.1449,SRR21726045,2.45E-05,293530160,484,103,SRX17721936,42_16S,Illumina MiSeq,SRP346777,PRJNA781615,SRS15251960,SAMN31036834,42_16S,Green turtle hatchling stomach sample,Bacteria,Planctomycetota,Planctomycetes,Planctomycetales,uncultured,uncultured,uncultured_bacterium
KF410367.1.1366,SRR21726045,2.45E-05,293530160,484,103,SRX17721936,42_16S,Illumina MiSeq,SRP346777,PRJNA781615,SRS15251960,SAMN31036834,42_16S,Green turtle hatchling stomach sample,Bacteria,Actinobacteriota,Actinobacteria,Corynebacteriales,Tsukamurellaceae,Tsukamurella,Tsukamurella_spumae
MG280942.1.1214,SRR21726045,2.45E-05,293530160,484,103,SRX17721936,42_16S,Illumina MiSeq,SRP346777,PRJNA781615,SRS15251960,SAMN31036834,42_16S,Green turtle hatchling stomach sample,Bacteria,Proteobacteria,Alphaproteobacteria,Rhizobiales,Rhizobiaceae,Ochrobactrum,Ochrobactrum_pseudintermedium
AB054173.1.1447,SRR21726029,2.37E-05,383977850,499,131,SRX17721952,30_16S,Illumina MiSeq,SRP346777,PRJNA781615,SRS15251976,SAMN31036822,30_16S,Green turtle hatchling stomach sample,Bacteria,Firmicutes,Clostridia,Lachnospirales,Lachnospiraceae,Epulopiscium,uncultured_Gram-positive
AF359541.1.1482,SRR21726029,2.37E-05,383977850,499,131,SRX17721952,30_16S,Illumina MiSeq,SRP346777,PRJNA781615,SRS15251976,SAMN31036822,30_16S,Green turtle hatchling stomach sample,Bacteria,Bacteroidota,Bacteroidia,Flavobacteriales,Flavobacteriaceae,Maribacter,marine_bacterium
AQXF01000012.1.1377,SRR21726029,2.37E-05,383977850,499,131,SRX17721952,30_16S,Illumina MiSeq,SRP346777,PRJNA781615,SRS15251976,SAMN31036822,30_16S,Green turtle hatchling stomach sample,Bacteria,Proteobacteria,Alphaproteobacteria,Kordiimonadales,Kordiimonadaceae,Kordiimonas,Kordiimonas_gwangyangensis
DQ269121.1.1362,SRR21726029,2.37E-05,383977850,499,131,SRX17721952,30_16S,Illumina MiSeq,SRP346777,PRJNA781615,SRS15251976,SAMN31036822,30_16S,Green turtle hatchling stomach sample,Bacteria,Proteobacteria,Alphaproteobacteria,Rhizobiales,Hyphomicrobiaceae,Filomicrobium,uncultured_Alphaproteobacteria
EU728658.1.1299,SRR21726029,2.37E-05,383977850,499,131,SRX17721952,30_16S,Illumina MiSeq,SRP346777,PRJNA781615,SRS15251976,SAMN31036822,30_16S,Green turtle hatchling stomach sample,Bacteria,Proteobacteria,Alphaproteobacteria,Kiloniellales,Kiloniellaceae,Tistlia,Tistlia_consotensis
GQ348771.1.1345,SRR21726029,2.37E-05,383977850,499,131,SRX17721952,30_16S,Illumina MiSeq,SRP346777,PRJNA781615,SRS15251976,SAMN31036822,30_16S,Green turtle hatchling stomach sample,Bacteria,Bdellovibrionota,Bdellovibrionia,Bdellovibrionales,Bdellovibrionaceae,OM27_clade,uncultured_delta
HE995789.1.1277,SRR21726029,2.37E-05,383977850,499,131,SRX17721952,30_16S,Illumina MiSeq,SRP346777,PRJNA781615,SRS15251976,SAMN31036822,30_16S,Green turtle hatchling stomach sample,Bacteria,Proteobacteria,Alphaproteobacteria,Azospirillales,Azospirillaceae,Azospirillum,Azospirillum_sp.
JN467301.1.1388,SRR21726029,2.37E-05,383977850,499,131,SRX17721952,30_16S,Illumina MiSeq,SRP346777,PRJNA781615,SRS15251976,SAMN31036822,30_16S,Green turtle hatchling stomach sample,Bacteria,Verrucomicrobiota,Verrucomicrobiae,Chthoniobacterales,01D2Z36,01D2Z36,uncultured_organism
DQ446117.1.1471,SRR21726049,2.37E-05,398448802,499,134,SRX17721932,38_16S,Illumina MiSeq,SRP346777,PRJNA781615,SRS15251956,SAMN31036830,38_16S,Green turtle juvenile cloacal swab,Bacteria,Spirochaetota,Leptospirae,Leptospirales,Leptospiraceae,uncultured,uncultured_spirochete
GU119296.1.1408,SRR21726049,2.37E-05,398448802,499,134,SRX17721932,38_16S,Illumina MiSeq,SRP346777,PRJNA781615,SRS15251956,SAMN31036830,38_16S,Green turtle juvenile cloacal swab,Bacteria,Cyanobacteria,Cyanobacteriia,Cyanobacteriales,Cyanobacteriaceae,Symphothece_PCC-7002,uncultured_bacterium
JX391798.1.1517,SRR21726049,2.37E-05,398448802,499,134,SRX17721932,38_16S,Illumina MiSeq,SRP346777,PRJNA781615,SRS15251956,SAMN31036830,38_16S,Green turtle juvenile cloacal swab,Bacteria,Planctomycetota,BD7-11,BD7-11,BD7-11,BD7-11,uncultured_bacterium
KT799837.1.1507,SRR21726049,2.37E-05,398448802,499,134,SRX17721932,38_16S,Illumina MiSeq,SRP346777,PRJNA781615,SRS15251956,SAMN31036830,38_16S,Green turtle juvenile cloacal swab,Bacteria,Fusobacteriota,Fusobacteriia,Fusobacteriales,Fusobacteriaceae,Fusobacterium,Fusobacteriaceae_bacterium
JF198309.1.1309,SRR21726043,2.34E-05,331464093,470,111,SRX17721938,44_16S,Illumina MiSeq,SRP346777,PRJNA781615,SRS15251963,SAMN31036836,44_16S,Green turtle hatchling stomach sample,Bacteria,Proteobacteria,Alphaproteobacteria,Rhodospirillales,uncultured,uncultured,uncultured_bacterium
LN567651.1.1391,SRR21726043,2.34E-05,331464093,470,111,SRX17721938,44_16S,Illumina MiSeq,SRP346777,PRJNA781615,SRS15251963,SAMN31036836,44_16S,Green turtle hatchling stomach sample,Bacteria,Methylomirabilota,Methylomirabilia,Rokubacteriales,WX65,WX65,uncultured_bacterium
MH179119.1.1207,SRR21726044,2.34E-05,355385245,500,127,SRX17721937,43_16S,Illumina MiSeq,SRP346777,PRJNA781615,SRS15251961,SAMN31036835,43_16S,Green turtle hatchling intestine sample,Bacteria,Proteobacteria,Gammaproteobacteria,Burkholderiales,Alcaligenaceae,Achromobacter,Azospirillum_brasilense
AY913514.1.1292,SRR21726020,2.34E-05,305472186,499,108,SRX17721961,34_16S,Illumina MiSeq,SRP346777,PRJNA781615,SRS15251985,SAMN31036826,34_16S,Green turtle juvenile cloacal swab,Bacteria,Acidobacteriota,Acidobacteriae,Solibacterales,Solibacteraceae,Candidatus_Solibacter,uncultured_forest
MK143207.1.1256,SRR21726020,2.34E-05,305472186,499,108,SRX17721961,34_16S,Illumina MiSeq,SRP346777,PRJNA781615,SRS15251985,SAMN31036826,34_16S,Green turtle juvenile cloacal swab,Bacteria,Actinobacteriota,Actinobacteria,Micrococcales,Micrococcaceae,Micrococcus,Micrococcus_sp.
JQ428027.1.1495,SRR21726051,2.33E-05,345760543,484,123,SRX17721930,28_16S,Illumina MiSeq,SRP346777,PRJNA781615,SRS15251954,SAMN31036820,28_16S,Green turtle juvenile cloacal swab,Bacteria,Gemmatimonadota,Longimicrobia,Longimicrobiales,Longimicrobiaceae,Longimicrobiaceae,uncultured_bacterium
KT899807.1.1428,SRR21726051,2.33E-05,345760543,484,123,SRX17721930,28_16S,Illumina MiSeq,SRP346777,PRJNA781615,SRS15251954,SAMN31036820,28_16S,Green turtle juvenile cloacal swab,Bacteria,Firmicutes,Bacilli,Bacillales,Marinococcaceae,Marinococcus,Marinococcus_halophilus
KX058464.1.1327,SRR21726051,2.33E-05,345760543,484,123,SRX17721930,28_16S,Illumina MiSeq,SRP346777,PRJNA781615,SRS15251954,SAMN31036820,28_16S,Green turtle juvenile cloacal swab,Bacteria,Proteobacteria,Gammaproteobacteria,Alteromonadales,Idiomarinaceae,Idiomarina,Idiomarina_baltica
KC001648.1.1342,SRR21726023,2.32E-05,340042833,498,113,SRX17721958,31_16S,Illumina MiSeq,SRP346777,PRJNA781615,SRS15251982,SAMN31036823,31_16S,Green turtle hatchling intestine sample,Bacteria,Actinobacteriota,Coriobacteriia,OPB41,OPB41,OPB41,unidentified_marine
AB294938.1.1451,SRR21726046,2.20E-05,264019405,500,87,SRX17721935,41_16S,Illumina MiSeq,SRP346777,PRJNA781615,SRS15251959,SAMN31036833,41_16S,Green turtle juvenile cloacal swab,Bacteria,Firmicutes,Clostridia,Clostridiales,Clostridiaceae,Clostridium_sensu_stricto_1,uncultured_Clostridium
EU542514.1.1446,SRR21726046,2.20E-05,264019405,500,87,SRX17721935,41_16S,Illumina MiSeq,SRP346777,PRJNA781615,SRS15251959,SAMN31036833,41_16S,Green turtle juvenile cloacal swab,Bacteria,Bacteroidota,Bacteroidia,Sphingobacteriales,Lentimicrobiaceae,Lentimicrobiaceae,uncultured_bacterium
AM934745.1.1396,SRR21726045,2.18E-05,293530160,484,103,SRX17721936,42_16S,Illumina MiSeq,SRP346777,PRJNA781615,SRS15251960,SAMN31036834,42_16S,Green turtle hatchling stomach sample,Bacteria,Acidobacteriota,Blastocatellia,Pyrinomonadales,Pyrinomonadaceae,RB41,uncultured_Acidobacteriales
GQ065789.1.1338,SRR21726045,2.18E-05,293530160,484,103,SRX17721936,42_16S,Illumina MiSeq,SRP346777,PRJNA781615,SRS15251960,SAMN31036834,42_16S,Green turtle hatchling stomach sample,Bacteria,Actinobacteriota,Actinobacteria,Pseudonocardiales,Pseudonocardiaceae,Pseudonocardia,uncultured_bacterium
AY667495.1.1401,SRR21726019,2.00E-05,338063986,499,119,SRX17721962,35_16S,Illumina MiSeq,SRP346777,PRJNA781615,SRS15251986,SAMN31036827,35_16S,Green turtle juvenile cloacal swab,Bacteria,Firmicutes,Bacilli,Bacillales,Bacillaceae,Bacillus,Bacillus_seohaeanensis
DQ269121.1.1362,SRR21726019,2.00E-05,338063986,499,119,SRX17721962,35_16S,Illumina MiSeq,SRP346777,PRJNA781615,SRS15251986,SAMN31036827,35_16S,Green turtle juvenile cloacal swab,Bacteria,Proteobacteria,Alphaproteobacteria,Rhizobiales,Hyphomicrobiaceae,Filomicrobium,uncultured_Alphaproteobacteria
MF928231.1.1340,SRR21726019,2.00E-05,338063986,499,119,SRX17721962,35_16S,Illumina MiSeq,SRP346777,PRJNA781615,SRS15251986,SAMN31036827,35_16S,Green turtle juvenile cloacal swab,Bacteria,Proteobacteria,Gammaproteobacteria,Alteromonadales,Shewanellaceae,Shewanella,Shewanella_indica
FJ479559.1.1446,SRR21726051,2.00E-05,345760543,484,123,SRX17721930,28_16S,Illumina MiSeq,SRP346777,PRJNA781615,SRS15251954,SAMN31036820,28_16S,Green turtle juvenile cloacal swab,Bacteria,Proteobacteria,Alphaproteobacteria,Sphingomonadales,Sphingomonadaceae,Sphingomonas,uncultured_bacterium
JQ958859.1.1271,SRR21726051,2.00E-05,345760543,484,123,SRX17721930,28_16S,Illumina MiSeq,SRP346777,PRJNA781615,SRS15251954,SAMN31036820,28_16S,Green turtle juvenile cloacal swab,Bacteria,Actinobacteriota,Actinobacteria,Micrococcales,Microbacteriaceae,Microbacterium,Microbacterium_esteraromaticum
KF088555.1.1303,SRR21726051,2.00E-05,345760543,484,123,SRX17721930,28_16S,Illumina MiSeq,SRP346777,PRJNA781615,SRS15251954,SAMN31036820,28_16S,Green turtle juvenile cloacal swab,Bacteria,Actinobacteriota,Actinobacteria,Propionibacteriales,Propionibacteriaceae,Cutibacterium,uncultured_bacterium
KC569826.1.1363,SRR21726045,1.91E-05,293530160,484,103,SRX17721936,42_16S,Illumina MiSeq,SRP346777,PRJNA781615,SRS15251960,SAMN31036834,42_16S,Green turtle hatchling stomach sample,Bacteria,Proteobacteria,Gammaproteobacteria,Burkholderiales,Nitrosomonadaceae,oc32,uncultured_bacterium
LN563816.1.1378,SRR21726045,1.91E-05,293530160,484,103,SRX17721936,42_16S,Illumina MiSeq,SRP346777,PRJNA781615,SRS15251960,SAMN31036834,42_16S,Green turtle hatchling stomach sample,Bacteria,Actinobacteriota,Thermoleophilia,Solirubrobacterales,67-14,67-14,uncultured_bacterium
KF487035.1.1422,SRR21726047,1.86E-05,352120514,500,118,SRX17721934,40_16S,Illumina MiSeq,SRP346777,PRJNA781615,SRS15251958,SAMN31036832,40_16S,Green turtle juvenile esophageal swab,Bacteria,Proteobacteria,Gammaproteobacteria,Vibrionales,Vibrionaceae,Vibrio,Vibrio_panuliri
KF895369.1.1452,SRR21726047,1.86E-05,352120514,500,118,SRX17721934,40_16S,Illumina MiSeq,SRP346777,PRJNA781615,SRS15251958,SAMN31036832,40_16S,Green turtle juvenile esophageal swab,Bacteria,Actinobacteriota,Actinobacteria,Propionibacteriales,Propionibacteriaceae,Propioniciclava,Propioniciclava_sp.
HQ871854.1.1349,SRR21726049,1.78E-05,398448802,499,134,SRX17721932,38_16S,Illumina MiSeq,SRP346777,PRJNA781615,SRS15251956,SAMN31036830,38_16S,Green turtle juvenile cloacal swab,Bacteria,Proteobacteria,Alphaproteobacteria,Thalassobaculales,Thalassobaculaceae,Thalassobaculum,Thalassobaculum_sp.
KY770084.1.1369,SRR21726049,1.78E-05,398448802,499,134,SRX17721932,38_16S,Illumina MiSeq,SRP346777,PRJNA781615,SRS15251956,SAMN31036830,38_16S,Green turtle juvenile cloacal swab,Bacteria,Proteobacteria,Alphaproteobacteria,Caulobacterales,Hyphomonadaceae,Hyphomonas,Hyphomonas_sp.
JN398127.1.1455,SRR21726045,1.64E-05,293530160,484,103,SRX17721936,42_16S,Illumina MiSeq,SRP346777,PRJNA781615,SRS15251960,SAMN31036834,42_16S,Green turtle hatchling stomach sample,Bacteria,Proteobacteria,Gammaproteobacteria,Burkholderiales,Comamonadaceae,Diaphorobacter,uncultured_bacterium
KT154959.1.1347,SRR21726045,1.64E-05,293530160,484,103,SRX17721936,42_16S,Illumina MiSeq,SRP346777,PRJNA781615,SRS15251960,SAMN31036834,42_16S,Green turtle hatchling stomach sample,Bacteria,Bacteroidota,Bacteroidia,Chitinophagales,Chitinophagaceae,Chitinophaga,Chitinophaga_sp.
HM306070.1.1368,SRR21726029,1.58E-05,383977850,499,131,SRX17721952,30_16S,Illumina MiSeq,SRP346777,PRJNA781615,SRS15251976,SAMN31036822,30_16S,Green turtle hatchling stomach sample,Bacteria,Proteobacteria,Gammaproteobacteria,Xanthomonadales,Xanthomonadaceae,Lysobacter,uncultured_bacterium
JQ800894.1.1531,SRR21726029,1.58E-05,383977850,499,131,SRX17721952,30_16S,Illumina MiSeq,SRP346777,PRJNA781615,SRS15251976,SAMN31036822,30_16S,Green turtle hatchling stomach sample,Bacteria,Gemmatimonadota,BD2-11_terrestrial_group,BD2-11_terrestrial_group,BD2-11_terrestrial_group,BD2-11_terrestrial_group,uncultured_bacterium
KX932785.1.1424,SRR21726029,1.58E-05,383977850,499,131,SRX17721952,30_16S,Illumina MiSeq,SRP346777,PRJNA781615,SRS15251976,SAMN31036822,30_16S,Green turtle hatchling stomach sample,Bacteria,Bacteroidota,Bacteroidia,Flavobacteriales,NS9_marine_group,NS9_marine_group,uncultured_marine
MF928231.1.1340,SRR21726043,1.56E-05,331464093,470,111,SRX17721938,44_16S,Illumina MiSeq,SRP346777,PRJNA781615,SRS15251963,SAMN31036836,44_16S,Green turtle hatchling stomach sample,Bacteria,Proteobacteria,Gammaproteobacteria,Alteromonadales,Shewanellaceae,Shewanella,Shewanella_indica
FJ455876.1.1458,SRR21726046,1.47E-05,264019405,500,87,SRX17721935,41_16S,Illumina MiSeq,SRP346777,PRJNA781615,SRS15251959,SAMN31036833,41_16S,Green turtle juvenile cloacal swab,Bacteria,Proteobacteria,Alphaproteobacteria,Rhizobiales,Hyphomicrobiaceae,Filomicrobium,uncultured_bacterium
HQ916526.1.1357,SRR21726046,1.47E-05,264019405,500,87,SRX17721935,41_16S,Illumina MiSeq,SRP346777,PRJNA781615,SRS15251959,SAMN31036833,41_16S,Green turtle juvenile cloacal swab,Bacteria,Proteobacteria,Alphaproteobacteria,Rickettsiales,Rickettsiaceae,uncultured,uncultured_bacterium
JQ213752.1.1353,SRR21726046,1.47E-05,264019405,500,87,SRX17721935,41_16S,Illumina MiSeq,SRP346777,PRJNA781615,SRS15251959,SAMN31036833,41_16S,Green turtle juvenile cloacal swab,Bacteria,Bacteroidota,Bacteroidia,Bacteroidetes_VC2.1_Bac22,Bacteroidetes_VC2.1_Bac22,Bacteroidetes_VC2.1_Bac22,uncultured_bacterium
FJ623345.1.1497,SRR21726045,1.36E-05,293530160,484,103,SRX17721936,42_16S,Illumina MiSeq,SRP346777,PRJNA781615,SRS15251960,SAMN31036834,42_16S,Green turtle hatchling stomach sample,Bacteria,Verrucomicrobiota,Verrucomicrobiae,Verrucomicrobiales,Verrucomicrobiaceae,Roseimicrobium,uncultured_bacterium
GQ994843.1.1480,SRR21726045,1.36E-05,293530160,484,103,SRX17721936,42_16S,Illumina MiSeq,SRP346777,PRJNA781615,SRS15251960,SAMN31036834,42_16S,Green turtle hatchling stomach sample,Bacteria,Planctomycetota,Planctomycetes,Planctomycetales,uncultured,uncultured,uncultured_organism
LN567929.1.1384,SRR21726040,1.20E-05,377927131,499,134,SRX17721941,29_16S,Illumina MiSeq,SRP346777,PRJNA781615,SRS15251965,SAMN31036821,29_16S,Green turtle juvenile cloacal swab,Bacteria,Actinobacteriota,Thermoleophilia,Gaiellales,uncultured,uncultured,uncultured_bacterium
X84049.1.1426,SRR21726049,1.18E-05,398448802,499,134,SRX17721932,38_16S,Illumina MiSeq,SRP346777,PRJNA781615,SRS15251956,SAMN31036830,38_16S,Green turtle juvenile cloacal swab,Bacteria,Fusobacteriota,Fusobacteriia,Fusobacteriales,Fusobacteriaceae,Propionigenium,Propionigenium_maris
KU522188.1.1268,SRR21726044,9.36E-06,355385245,500,127,SRX17721937,43_16S,Illumina MiSeq,SRP346777,PRJNA781615,SRS15251961,SAMN31036835,43_16S,Green turtle hatchling intestine sample,Bacteria,Proteobacteria,Alphaproteobacteria,Rhizobiales,Rhizobiaceae,Allorhizobium-Neorhizobium-Pararhizobium-Rhizobium,Agrobacterium_radiobacter
KC009925.1.1207,SRR21726045,8.18E-06,293530160,484,103,SRX17721936,42_16S,Illumina MiSeq,SRP346777,PRJNA781615,SRS15251960,SAMN31036834,42_16S,Green turtle hatchling stomach sample,Bacteria,Proteobacteria,Gammaproteobacteria,Alteromonadales,Shewanellaceae,Shewanella,uncultured_gamma
DQ378260.1.1446,SRR21726045,5.45E-06,293530160,484,103,SRX17721936,42_16S,Illumina MiSeq,SRP346777,PRJNA781615,SRS15251960,SAMN31036834,42_16S,Green turtle hatchling stomach sample,Bacteria,Proteobacteria,Alphaproteobacteria,Puniceispirillales,Puniceispirillales_Incertae_Sedis,Constrictibacter,uncultured_soil
